game_id,event,speed_category,time_control,white_player,black_player,white_elo,black_elo,white_title,black_title,game_type,result,eco,total_plies
9aRLVJ1P,Rated Classical game,Classical,1800+0,SEMOVERLASPIEZAS,Boris-Trapsky,1479,2070,,BOT,HUMAN_vs_BOT,0-1,B20,2
fgoqllCL,Rated Blitz game,Blitz,120+5,lokkkrrd,maia1,863,1392,,BOT,HUMAN_vs_BOT,0-1,B50,54
MJi4y9Tb,Rated Bullet game,Bullet,30+0,sargon-3ply,botTideEval,1509,1408,,BOT,HUMAN_vs_BOT,0-1,D02,140
EVrJpj3C,Rated Bullet game,Bullet,60+2,wolfuhfuhbot,likeawizard-bot,2273,2016,,BOT,HUMAN_vs_BOT,1-0,C58,213
SF7ZAM3E,Rated Bullet game,Bullet,120+0,Dennis-Chrst,caissa-x,2317,2944,,BOT,HUMAN_vs_BOT,0-1,E10,78
H9ZYZXxq,Rated Rapid game,Rapid,600+2,admete_bot,tfgbot,2454,2388,BOT,,HUMAN_vs_BOT,1-0,D38,117
FiHzuA48,Rated Blitz game,Blitz,120+5,maia1,lokkkrrd,1393,863,BOT,,HUMAN_vs_BOT,1-0,B00,34
H1R5nehD,Rated Bullet game,Bullet,60+1,torombot,Botyuliirma,2961,2942,,BOT,HUMAN_vs_BOT,1/2-1/2,A01,260
8OOzqhJv,Rated Blitz game,Blitz,120+5,lokkkrrd,maia1,863,1393,,BOT,HUMAN_vs_BOT,0-1,D00,20
03UCN9WM,Rated Blitz game,Blitz,120+5,maia1,lokkkrrd,1394,862,BOT,,HUMAN_vs_BOT,1-0,A41,21
Fu705GdK,Rated Bullet game,Bullet,60+2,FlounderBot,zagreus_engine,1862,2235,BOT,,HUMAN_vs_BOT,0-1,A00,148
O9EaNKRr,Rated Blitz game,Blitz,180+1,Pure-Eman,torbot_sl,2935,2861,BOT,,HUMAN_vs_BOT,1/2-1/2,E35,155
R5TOsY4R,Rated Blitz game,Blitz,420+0,Gugumcuolgu,maia5,1637,1470,,BOT,HUMAN_vs_BOT,1-0,A00,127
b9SCZvj9,Rated Rapid game,Rapid,1200+7,swpl77,maia1,1483,1490,,BOT,HUMAN_vs_BOT,0-1,C65,82
aYvCZLt2,Rated Bullet game,Bullet,60+1,GarboBot,wolfuhfuhbot,1992,2275,BOT,,HUMAN_vs_BOT,1-0,D16,113
q8VFl4IU,Rated Rapid game,Rapid,900+10,futobolond,maia1,1779,1490,,BOT,HUMAN_vs_BOT,1-0,C57,17
dvTVxlnE,Rated Rapid game,Rapid,180+13,ze_rook,Demolito_L5,1563,1678,,BOT,HUMAN_vs_BOT,1-0,D05,97
4OqW9yZJ,Rated Blitz game,Blitz,300+3,BlackBeardChess,maia1,1499,1394,,BOT,HUMAN_vs_BOT,0-1,D21,60
scc07JIx,Rated Rapid game,Rapid,900+10,futobolond,maia1,1796,1488,,BOT,HUMAN_vs_BOT,1-0,B01,113
cgZlGTJ9,Rated Rapid game,Rapid,1200+7,Swpl77,maia1,1480,1494,,BOT,HUMAN_vs_BOT,0-1,C40,40
4WIq4ay4,Rated Rapid game,Rapid,360+3,CPU2006,zeekat,2772,1937,BOT,,HUMAN_vs_BOT,1-0,A46,67
S82ZcFF4,Rated Bullet game,Bullet,120+1,Fruity23,Pure-Eman,2937,2936,BOT,BOT,BOT_vs_BOT,1/2-1/2,C65,46
XMG60k2M,Rated Blitz game,Blitz,180+2,FantacticEman,why_this_bot_exists,2915,2921,BOT,BOT,BOT_vs_BOT,1/2-1/2,D35,59
F9iq19Ap,Rated Blitz game,Blitz,180+0,TorBot_SL,ToromBot,2860,2922,BOT,BOT,BOT_vs_BOT,1/2-1/2,E61,61
IjmamrLN,Rated Blitz game,Blitz,180+3,CPU2006,Phalanx-XXV,2752,2395,BOT,BOT,BOT_vs_BOT,1-0,D46,155
WNkH587Q,Rated Bullet game,Bullet,60+0,AKS-Mantissa,bitbitbot,2600,2557,BOT,BOT,BOT_vs_BOT,1-0,A29,121
QriW9ZHK,Rated Blitz game,Blitz,180+2,honzovy-sachy-2,Zagreus_Engine,2052,2161,BOT,BOT,BOT_vs_BOT,0-1,A01,68
yzwzCXeR,Rated Blitz game,Blitz,180+2,admete_bot,eubos,2440,2201,BOT,BOT,BOT_vs_BOT,1-0,C07,133
1FCqMGEt,Rated Bullet game,Bullet,120+1,BOT-Feline,Pure-Eman,2966,2936,BOT,BOT,BOT_vs_BOT,1/2-1/2,C50,69
w8ZXA1FE,Rated Bullet game,Bullet,120+1,Boller1910,Fruity23,2953,2937,BOT,BOT,BOT_vs_BOT,1/2-1/2,A28,69
ZThmCWvU,Rated Bullet game,Bullet,60+1,jpg-bot,FataliiBot,2056,2259,BOT,BOT,BOT_vs_BOT,0-1,C16,144
Bnw4T4wK,Rated Rapid game,Rapid,1260+3,Demolito_L4,Dinora,1590,1866,BOT,BOT,BOT_vs_BOT,0-1,B50,66
h5aJwQJS,Rated Blitz game,Blitz,180+2,postbot,dragobot,1691,1429,BOT,BOT,BOT_vs_BOT,1/2-1/2,A00,101
zbeb7V3l,Rated Bullet game,Bullet,60+1,PuffinBot,bitbitbot,2461,2552,BOT,BOT,BOT_vs_BOT,0-1,A45,184
4XjIGsCN,Rated Bullet game,Bullet,30+1,caissa-ai,AKS-Mantissa,2989,2605,BOT,BOT,BOT_vs_BOT,1-0,A01,109
sIvXgBkb,Rated Blitz game,Blitz,180+0,ReinforcementTrial,RaspFish,2924,2890,BOT,BOT,BOT_vs_BOT,1/2-1/2,C54,96
uuqieEZj,Rated Blitz game,Blitz,60+3,matmoi,halcyonbot,2013,2152,BOT,BOT,BOT_vs_BOT,0-1,A25,94
Bpqdsuve,Rated Blitz game,Blitz,180+1,BOT-Feline,Fruity23,2929,2930,BOT,BOT,BOT_vs_BOT,1/2-1/2,A28,69
jB1Wk5MD,Rated Bullet game,Bullet,120+1,FantacticEman,why_this_bot_exists,2926,2940,BOT,BOT,BOT_vs_BOT,1/2-1/2,D45,63
rurQidkX,Rated Bullet game,Bullet,120+1,TorBot_v2,Boller1910,2954,2952,BOT,BOT,BOT_vs_BOT,1/2-1/2,C43,73
9VIA61n4,Rated Blitz game,Blitz,180+3,Boris-Trapsky,CPU2002,1985,2669,BOT,BOT,BOT_vs_BOT,0-1,C53,94
tkKcua8y,Rated Blitz game,Blitz,180+2,AI_Chess_Bot,B4ux1t3s-Bot,672,971,BOT,BOT,BOT_vs_BOT,0-1,A13,114
xyAfEPby,Rated Bullet game,Bullet,60+1,ToromBot,FireFishBOT_v2,2961,2961,BOT,BOT,BOT_vs_BOT,1/2-1/2,A20,69
3eV9m6kX,Rated Rapid game,Rapid,600+1,Intron014,EmanBot,2938,2935,BOT,BOT,BOT_vs_BOT,1/2-1/2,C54,155
bIeC0Kjy,Rated Blitz game,Blitz,180+2,morphe157bot,Demolito_L6,1982,1733,BOT,BOT,BOT_vs_BOT,1-0,B13,73
4ZcLyt97,Rated Blitz game,Blitz,180+1,Boller1910,ResoluteBot,2918,2925,BOT,BOT,BOT_vs_BOT,1/2-1/2,A28,104
P6GGRQhS,Rated Blitz game,Blitz,180+1,Fruity23,BOT-Feline,2930,2929,BOT,BOT,BOT_vs_BOT,1/2-1/2,D35,69
3E0y8L9l,Rated Classical game,Classical,1500+0,TorBot_v2,FireFishBOT_v2,2647,2682,BOT,BOT,BOT_vs_BOT,1/2-1/2,C67,87
ftk5Blmc,Rated Bullet game,Bullet,60+0,bernstein-4ply,The_Marcus,1475,1797,BOT,BOT,BOT_vs_BOT,0-1,C20,74
V6eat0YR,Rated Bullet game,Bullet,60+2,PuffinBot,bitbitbot,2457,2556,BOT,BOT,BOT_vs_BOT,1-0,A46,237
VdNLrLpL,Rated Blitz game,Blitz,180+2,matmoi,sun_bird,2010,1979,BOT,BOT,BOT_vs_BOT,1-0,D21,83
PmcMNNKm,Rated Blitz game,Blitz,60+3,baby_eubos,munfish,1793,1495,BOT,BOT,BOT_vs_BOT,1-0,A40,85
V30DtXal,Rated Rapid game,Rapid,600+5,FantacticEman,expositor,2930,2683,BOT,BOT,BOT_vs_BOT,1-0,E04,143
Oci49u2x,Rated Blitz game,Blitz,180+3,CPU2002,simpleEval,2669,2283,BOT,BOT,BOT_vs_BOT,1/2-1/2,A10,237
ZYkdUb7V,Rated Blitz game,Blitz,180+2,jangine,likeawizard-bot,2028,1995,BOT,BOT,BOT_vs_BOT,0-1,D15,146
er4t5m1u,Rated Blitz game,Blitz,300+1,BLANK_BOT,halcyonbot,1918,2155,BOT,BOT,BOT_vs_BOT,0-1,D45,124
MW2zMIKb,Rated Bullet game,Bullet,120+1,BOT-Feline,Fruity23,2965,2937,BOT,BOT,BOT_vs_BOT,1/2-1/2,A28,69
oe90NYoZ,Rated Blitz game,Blitz,180+1,Nikitosik-ai,YoBot_v2,2874,2927,BOT,BOT,BOT_vs_BOT,1/2-1/2,D38,91
i6H16lc1,Rated Bullet game,Bullet,120+1,blundar_bot,Pure-Eman,2818,2937,BOT,BOT,BOT_vs_BOT,1/2-1/2,C67,91
v0kH8OjF,Rated Bullet game,Bullet,60+2,FataliiBot,ChessatronBot,2259,2326,BOT,BOT,BOT_vs_BOT,1-0,B12,215
fLEcygKA,Rated Bullet game,Bullet,60+1,why_this_bot_exists,KQRBNPkqrbnp,2940,2941,BOT,BOT,BOT_vs_BOT,1/2-1/2,D02,44
PcFaRgtg,Rated Blitz game,Blitz,180+1,DavidsGuterBot,StupidChessRobot,1390,1267,BOT,BOT,BOT_vs_BOT,1/2-1/2,B23,31
wj5IbisB,Rated Bullet game,Bullet,120+1,Boller1910,Nikitosik-ai,2952,2902,BOT,BOT,BOT_vs_BOT,1/2-1/2,E15,89
Z1X0C2Jg,Rated Rapid game,Rapid,480+0,ToromBot,FireFishBOT_v2,2943,2940,BOT,BOT,BOT_vs_BOT,1/2-1/2,C20,89
ghrSW9sN,Rated Rapid game,Rapid,600+5,KQRBNPkqrbnp,Botyuliirma,2923,2913,BOT,BOT,BOT_vs_BOT,1/2-1/2,C77,141
cEjXCzve,Rated Bullet game,Bullet,120+1,matmoi,GarboBot,2162,2001,BOT,BOT,BOT_vs_BOT,1-0,A25,139
GscPAICd,Rated Blitz game,Blitz,180+1,ResoluteBot,Fruity23,2925,2930,BOT,BOT,BOT_vs_BOT,1/2-1/2,D45,117
NuhWcynJ,Rated Blitz game,Blitz,180+1,Pure-Eman,Nikitosik-ai,2934,2875,BOT,BOT,BOT_vs_BOT,1-0,C54,133
APxEKD9p,Rated Rapid game,Rapid,600+2,Jibbby,KlaraDestroyer-aB,1726,1770,BOT,BOT,BOT_vs_BOT,1-0,C00,113
0c7b23WC,Rated Rapid game,Rapid,600+1,jpg-bot,postbot,2077,1795,BOT,BOT,BOT_vs_BOT,1-0,B00,57
ogpdxzvw,Rated Rapid game,Rapid,600+5,ai-con,honzovy-sachy,1798,1792,BOT,BOT,BOT_vs_BOT,1-0,A00,223
KGuUdcv5,Rated Blitz game,Blitz,240+1,Demolito_L6,notropis,1731,1787,BOT,BOT,BOT_vs_BOT,0-1,B23,100
oNpjpunh,Rated Blitz game,Blitz,180+1,TorBot_v2,Boller1910,2927,2919,BOT,BOT,BOT_vs_BOT,1/2-1/2,C43,73
CFWiVkhx,Rated Blitz game,Blitz,120+2,jangine,tfgBOT,2022,2318,BOT,BOT,BOT_vs_BOT,0-1,C54,186
97C1VuF5,Rated Bullet game,Bullet,120+1,BOT-Feline,Nikitosik-ai,2965,2903,BOT,BOT,BOT_vs_BOT,1/2-1/2,D02,193
elkry0uM,Rated Blitz game,Blitz,180+0,ToromBot,why_this_bot_exists,2921,2921,BOT,BOT,BOT_vs_BOT,1/2-1/2,A20,85
wU6mWQzC,Rated Bullet game,Bullet,60+1,FireFishBOT_v2,YoBot_v2,2961,2926,BOT,BOT,BOT_vs_BOT,1/2-1/2,D38,64
yJ5jH3We,Rated Bullet game,Bullet,60+2,Bebe_Poulpe,knucklefish,1432,1201,BOT,BOT,BOT_vs_BOT,0-1,A00,82
7024p03r,Rated Blitz game,Blitz,300+0,halcyonbot,The_Marcus,2158,1700,BOT,BOT,BOT_vs_BOT,1-0,C00,87
69fqsq6O,Rated Rapid game,Rapid,480+0,FireFishBOT_v2,YoBot_v2,2940,2932,BOT,BOT,BOT_vs_BOT,1/2-1/2,D38,133
rlcYx6ub,Rated Rapid game,Rapid,360+3,CPU2006,baby_eubos,2772,1921,BOT,BOT,BOT_vs_BOT,1-0,A29,71
GrEXI95P,Rated Bullet game,Bullet,60+2,morphe157bot,The_Marcus,2064,1798,BOT,BOT,BOT_vs_BOT,0-1,D30,92
zoJnzD6A,Rated Blitz game,Blitz,60+3,eubos,sun_bird,2199,1974,BOT,BOT,BOT_vs_BOT,1-0,A28,37
4RZzxITh,Rated Blitz game,Blitz,180+5,FataliiBot,PuffinBot,2195,2341,BOT,BOT,BOT_vs_BOT,0-1,C49,172
Ys8xytsY,Rated Blitz game,Blitz,180+0,why_this_bot_exists,ToromBot,2921,2921,BOT,BOT,BOT_vs_BOT,1/2-1/2,B12,95
qh7rkyui,Rated Blitz game,Blitz,180+1,Fruity23,Boller1910,2930,2919,BOT,BOT,BOT_vs_BOT,1/2-1/2,A28,43
3BcgVxMD,Rated Blitz game,Blitz,180+1,Nikitosik-ai,Pure-Eman,2870,2938,BOT,BOT,BOT_vs_BOT,1/2-1/2,A29,138
fljDMTRd,Rated Blitz game,Blitz,60+3,ChessatronBot,Zagreus_Engine,2228,2165,BOT,BOT,BOT_vs_BOT,1/2-1/2,D43,393
UuyrIPE3,Rated Rapid game,Rapid,480+0,HardRok,dragobot,1660,1626,BOT,BOT,BOT_vs_BOT,0-1,B50,94
fEkjbmIx,Rated Bullet game,Bullet,120+1,EmanBot,Fruity23,2925,2937,BOT,BOT,BOT_vs_BOT,1/2-1/2,C65,69
L3AuEQLC,Rated Bullet game,Bullet,120+1,WolfuhfuhBot,Weiawaga,2265,2510,BOT,BOT,BOT_vs_BOT,0-1,B50,102
1fdk2syN,Rated Bullet game,Bullet,120+1,BOT-Feline,Boller1910,2964,2952,BOT,BOT,BOT_vs_BOT,1/2-1/2,A28,43
Gn6UFQ4T,Rated Bullet game,Bullet,60+1,sun_bird,GarboBot,2067,1998,BOT,BOT,BOT_vs_BOT,1-0,A02,153
PuKG7RHz,Rated Blitz game,Blitz,180+3,CPU2002,halcyonbot,2665,2158,BOT,BOT,BOT_vs_BOT,1-0,E97,103
DGsnbYFZ,Rated Blitz game,Blitz,180+0,DragonBOT-77,Intron014,2917,2917,BOT,BOT,BOT_vs_BOT,1/2-1/2,D35,78
eT3ee1qU,Rated Bullet game,Bullet,60+1,FlounderBot,likeawizard-bot,1861,2014,BOT,BOT,BOT_vs_BOT,0-1,B29,84
g9fleKbh,Rated Rapid game,Rapid,600+1,likeawizard-bot,matmoi,2000,2110,BOT,BOT,BOT_vs_BOT,0-1,D02,240
Ixnkr56q,Rated Bullet game,Bullet,120+1,Nikitosik-ai,Boller1910,2904,2952,BOT,BOT,BOT_vs_BOT,1/2-1/2,A28,164
RPp46uM8,Rated Bullet game,Bullet,120+1,BOT-Feline,EmanBot,2964,2925,BOT,BOT,BOT_vs_BOT,1/2-1/2,D46,79
qmvEa31J,Rated Bullet game,Bullet,60+1,morphe157bot,BLANK_BOT,2055,1990,BOT,BOT,BOT_vs_BOT,1-0,E62,91
ub06vtFX,Rated Bullet game,Bullet,30+0,bernstein-2ply,botTideEval,1350,1415,BOT,BOT,BOT_vs_BOT,1-0,C20,97
Txz0iDT0,Rated Bullet game,Bullet,120+1,Fruity23,Intron014,2937,2939,BOT,BOT,BOT_vs_BOT,1/2-1/2,D02,229
z3WTYsow,Rated Classical game,Classical,1500+1,FireFishBOT_v2,ReinforcementTrial,2682,2652,BOT,BOT,BOT_vs_BOT,1/2-1/2,D35,75
JawbDxh6,Rated Blitz game,Blitz,180+1,FlounderBot,jpg-bot,1705,2001,BOT,BOT,BOT_vs_BOT,0-1,A00,76
pym2bB8c,Rated Blitz game,Blitz,180+0,ToromBot,DragonBOT-77,2921,2917,BOT,BOT,BOT_vs_BOT,1/2-1/2,A28,141
4rzak2Ju,Rated Blitz game,Blitz,180+1,TorBot_SL,Pure-Eman,2862,2937,BOT,BOT,BOT_vs_BOT,1/2-1/2,C45,314
pCbdC72A,Rated Bullet game,Bullet,60+1,RaspFish,why_this_bot_exists,2895,2940,BOT,BOT,BOT_vs_BOT,1/2-1/2,D00,96
MlUHXULY,Rated Rapid game,Rapid,900+5,que-encrypt,FireFishBOT,2929,2929,BOT,BOT,BOT_vs_BOT,1/2-1/2,C11,107
fPIvwzxp,Rated Classical game,Classical,1500+0,ProteusSF-Godot,No-StockFish-Bots,2692,2708,BOT,BOT,BOT_vs_BOT,1-0,A30,311
KhKKcHNS,Rated Bullet game,Bullet,120+1,zeekat,baby_eubos,1874,1733,BOT,BOT,BOT_vs_BOT,1-0,B00,85
yHO8wNtG,Rated Bullet game,Bullet,60+2,EmanBot,Nikitosik-ai,2926,2904,BOT,BOT,BOT_vs_BOT,1/2-1/2,D30,173
5NhUb9R2,Rated Bullet game,Bullet,60+2,likeawizard-bot,morphe157bot,2017,2059,BOT,BOT,BOT_vs_BOT,1-0,B21,83
8p7hsk8Y,Rated Blitz game,Blitz,180+1,ResoluteBot,Boller1910,2925,2919,BOT,BOT,BOT_vs_BOT,1/2-1/2,D78,57
WgMY43we,Rated Bullet game,Bullet,60+1,bobandi,AI_Chess_Bot,1067,850,BOT,BOT,BOT_vs_BOT,1-0,D00,43
x6ssh6Af,Rated Rapid game,Rapid,360+3,eubos,CPU2002,2247,2719,BOT,BOT,BOT_vs_BOT,0-1,A13,130
dyvcHKnZ,Rated Rapid game,Rapid,600+3,notropis,AshNostromo,1860,1849,BOT,BOT,BOT_vs_BOT,1-0,C11,147
iShkPSl8,Rated Blitz game,Blitz,300+3,bitbitbot,AKS-Mantissa,2531,2654,BOT,BOT,BOT_vs_BOT,0-1,B40,144
jMCzPQOU,Rated Bullet game,Bullet,120+1,BOT-Feline,TorBot_v2,2964,2954,BOT,BOT,BOT_vs_BOT,1/2-1/2,C50,54
sse4i16A,Rated Rapid game,Rapid,360+3,Dinora,CPU2006,1868,2772,BOT,BOT,BOT_vs_BOT,0-1,B90,84
cM6lpHi5,Rated Blitz game,Blitz,240+2,Boller1910,Jibbby,2919,1641,BOT,BOT,BOT_vs_BOT,1-0,B01,49
OJbz6e8a,Rated Bullet game,Bullet,60+2,Lynx_BOT,halcyonbot,2385,2253,BOT,BOT,BOT_vs_BOT,1-0,B02,155
YJj0vMD5,Rated Bullet game,Bullet,120+1,Intron014,Fruity23,2939,2937,BOT,BOT,BOT_vs_BOT,0-1,C65,206
2FKqgyOL,Rated Bullet game,Bullet,60+1,FlounderBot,BLANK_BOT,1857,1985,BOT,BOT,BOT_vs_BOT,0-1,A00,70
JvhndelM,Rated Bullet game,Bullet,120+1,FireFishBOT_v2,BOT-Feline,2961,2964,BOT,BOT,BOT_vs_BOT,1/2-1/2,D35,70
0AkFiKaE,Rated Rapid game,Rapid,900+1,Weiawaga,odonata-bot,2616,2507,BOT,BOT,BOT_vs_BOT,1-0,E15,173
N5JUUZi5,Rated Blitz game,Blitz,180+0,ToromBot,TorBot_v2,2921,2927,BOT,BOT,BOT_vs_BOT,1/2-1/2,A20,69
ZoK4rDSz,Rated Blitz game,Blitz,180+3,DragonBOT-77,EmanBot,2918,2903,BOT,BOT,BOT_vs_BOT,1/2-1/2,B30,280
iSjpt213,Rated Blitz game,Blitz,300+3,Detectie,youssefaymn,1176,1155,,,HUMAN_vs_HUMAN,1-0,C50,107
5I5BupHA,Rated Blitz game,Blitz,300+3,LionsAK32,Vusal_1990,732,763,,,HUMAN_vs_HUMAN,0-1,C26,16
L2SOwDIB,Rated Blitz game,Blitz,180+2,DRAGONKING54,fanydacute,1783,1784,,,HUMAN_vs_HUMAN,1-0,A81,31
FZ3KwHG5,Rated Bullet game,Bullet,120+1,TRUFFE68,Davigoal,1491,1495,,,HUMAN_vs_HUMAN,0-1,A00,92
udTF6mWp,Rated Blitz game,Blitz,180+2,rodrigorramos,ThomasTuchel,1391,1381,,,HUMAN_vs_HUMAN,0-1,B06,6
agmiAj9c,Rated Blitz game,Blitz,180+2,Peixeiro,VaRYemezAmca72,2504,2371,,,HUMAN_vs_HUMAN,1-0,A14,49
Ifuxz9XE,Rated Blitz game,Blitz,180+2,lokinssss,r4r44,1215,1275,,,HUMAN_vs_HUMAN,0-1,C42,98
vkgEf9er,Rated Blitz game,Blitz,180+2,abcalfa,Javenbol,1687,1697,,,HUMAN_vs_HUMAN,0-1,A41,84
bha86uud,Rated Blitz game,Blitz,180+2,deuof,kazakza-jordan,1723,1735,,,HUMAN_vs_HUMAN,1-0,C42,76
8HXSzmBp,Rated Blitz game,Blitz,180+2,Marhinggan_Tamba,chochi,1923,1923,,,HUMAN_vs_HUMAN,1/2-1/2,B12,114
wkXm6sdQ,Rated Blitz game,Blitz,180+2,Zerdan5,Jansaleh,1658,1638,,,HUMAN_vs_HUMAN,0-1,B54,78
6FRnlRod,Rated Blitz game,Blitz,180+2,sonish121,Salim1zenuni,1805,1896,,,HUMAN_vs_HUMAN,0-1,C50,66
J1Yz6LnL,Rated Blitz game,Blitz,180+2,Ali_Dhafer,givanildo247,1341,1304,,,HUMAN_vs_HUMAN,1-0,B01,43
JLIKrpD7,Rated Blitz game,Blitz,180+2,www688KPOSH,robertolosada,989,989,,,HUMAN_vs_HUMAN,0-1,C41,46
NyfHqNUf,Rated Blitz game,Blitz,180+2,redx55,LTBaz,1391,1442,,,HUMAN_vs_HUMAN,1-0,A40,45
i0OAMFm0,Rated Blitz game,Blitz,180+2,alexandermejia0422,Carloscelta,1802,1766,,,HUMAN_vs_HUMAN,0-1,B01,22
BlgRU3sd,Rated Blitz game,Blitz,180+2,bolsonaronacadeia,dovot,1165,1199,,,HUMAN_vs_HUMAN,0-1,A00,100
GLGSi1Ud,Rated Blitz game,Blitz,180+2,Coachkirk432,zasada_adeninowa,1954,1978,,,HUMAN_vs_HUMAN,0-1,B14,56
vGZvbxO4,Rated Bullet game,Bullet,60+0,With_Strength_I_Burn,Jaggera,2156,2112,,,HUMAN_vs_HUMAN,1-0,C03,39
RygeipXr,Rated Bullet game,Bullet,60+0,Joo_123,barbosa2233,1548,1557,,,HUMAN_vs_HUMAN,1-0,B08,67
hld3mmTT,Rated Bullet game,Bullet,60+0,L1ch,Moonhillwolf,2285,2292,,,HUMAN_vs_HUMAN,1-0,B00,71
Y4bSWzwq,Rated Bullet game,Bullet,60+0,inanaydin,TEMARA,1397,1422,,,HUMAN_vs_HUMAN,0-1,B30,68
iGNQ6Leh,Rated Bullet game,Bullet,60+0,Sameil,TheHiddenmove87,1273,1191,,,HUMAN_vs_HUMAN,1-0,D00,51
wZVdcG1z,Rated Bullet game,Bullet,60+0,PeiKha86,marioblues,2293,2357,,,HUMAN_vs_HUMAN,0-1,A01,86
ma3eWGyE,Rated Bullet game,Bullet,60+0,PastorMR,BlackG0d,1041,1016,,,HUMAN_vs_HUMAN,1-0,B50,43
mr6SVovg,Rated Bullet game,Bullet,60+0,frmio94p3,PJorgensen,1981,1988,,,HUMAN_vs_HUMAN,1-0,B10,25
tN6sR4sB,Rated Bullet game,Bullet,60+0,M0N70Y4,prefabknight,2238,2242,,,HUMAN_vs_HUMAN,0-1,A00,46
98sQlo1D,Rated Bullet game,Bullet,60+0,patafizz,sherifpasha,1702,1752,,,HUMAN_vs_HUMAN,1-0,D02,87
yLCcd1b6,Rated Bullet game,Bullet,60+0,paul_gasol,Georgeskm,1424,1524,,,HUMAN_vs_HUMAN,1/2-1/2,C50,84
QNCqoEzF,Rated Bullet game,Bullet,60+0,jeromsky,PakUjangKecot,1826,1825,,,HUMAN_vs_HUMAN,1-0,A40,39
GkJsN3t8,Rated Bullet game,Bullet,60+0,iso42,nelson1880,1285,1307,,,HUMAN_vs_HUMAN,0-1,A00,52
738ghMWe,Rated Bullet game,Bullet,60+0,wilfv100,amilcar59,1927,1849,,,HUMAN_vs_HUMAN,0-1,A40,42
9Gk985H7,Rated Bullet game,Bullet,60+0,MahirN,novinovigod23,1948,1948,,,HUMAN_vs_HUMAN,1-0,A40,101
S7Q2nDIN,Rated Bullet game,Bullet,60+0,CounterSacrifice1996,HighlightOzi,2230,2180,,,HUMAN_vs_HUMAN,1-0,A02,41
lO1CCapq,Rated Bullet game,Bullet,60+0,sockdolager47,Hotpiece,1788,1793,,,HUMAN_vs_HUMAN,0-1,C25,44
mPMZaJiN,Rated Bullet game,Bullet,60+0,Stellardrone,Dokuzlar,1632,1689,,,HUMAN_vs_HUMAN,0-1,A01,80
gdHoCJB5,Rated Rapid game,Rapid,600+0,bartolo90,Smoking789,1517,1504,,,HUMAN_vs_HUMAN,1-0,C45,51
WcUmGLSL,Rated Bullet game,Bullet,60+0,gachen,MileP,1971,1975,,,HUMAN_vs_HUMAN,0-1,A00,94
qfqr1RI1,Rated Bullet game,Bullet,30+0,tthaumea343,Azice,2102,2097,,,HUMAN_vs_HUMAN,1-0,B02,99
MTcL0Py4,Rated Blitz game,Blitz,180+0,omar_albarracin,AhmadAbuHamza,1345,1232,,,HUMAN_vs_HUMAN,1-0,B20,59
S4N9an6e,Rated Blitz game,Blitz,180+0,AlexDaMan,luisacosta201299,1640,1692,,,HUMAN_vs_HUMAN,0-1,B00,30
PSdKTaWw,Rated Blitz game,Blitz,180+0,darko_drazic,MezunnMasterTR,1211,1205,,,HUMAN_vs_HUMAN,0-1,C50,15
17tNnfbl,Rated Blitz game,Blitz,180+0,Muhammadridwan10,Valdemar80,1909,1967,,,HUMAN_vs_HUMAN,1-0,B20,55
u9XtJ20o,Rated Blitz game,Blitz,180+0,DiazAMM,Engluishenriquecunha,1654,1652,,,HUMAN_vs_HUMAN,0-1,C24,96
i1qyOVit,Rated Blitz game,Blitz,180+0,rezeszamliy,fefo_medici,2271,2239,,,HUMAN_vs_HUMAN,1-0,C44,101
T3RC0VVt,Rated Blitz game,Blitz,180+0,abrahamm1,AryamanSheth,1255,1265,,,HUMAN_vs_HUMAN,1-0,C20,73
5ZQEsHDu,Rated Blitz game,Blitz,180+0,didichri,mycho221b,1454,1446,,,HUMAN_vs_HUMAN,0-1,B00,82
fu8iPeWU,Rated Blitz game,Blitz,180+0,Pg03,pw-nax,918,780,,,HUMAN_vs_HUMAN,1-0,C40,63
PhTVZsj7,Rated Blitz game,Blitz,180+0,ZzElec7iveZZ,Chessmonster1000,1734,1704,,,HUMAN_vs_HUMAN,1-0,B56,93
PF1WiPvp,Rated Blitz game,Blitz,180+0,EstebanGomez2505,nachoelchupapoto25,2078,2089,,,HUMAN_vs_HUMAN,1-0,A80,81
pVmxH37B,Rated Blitz game,Blitz,180+0,mahoni123,D_Sura,1512,1529,,,HUMAN_vs_HUMAN,1-0,C42,53
SjCkAVQX,Rated Blitz game,Blitz,180+0,Kubli,Stenio-Lima,1885,1885,,,HUMAN_vs_HUMAN,0-1,B50,118
eD6hz84o,Rated Blitz game,Blitz,180+0,Arzidns,arestides,1744,1741,,,HUMAN_vs_HUMAN,1-0,D21,35
ivqFmuGM,Rated Blitz game,Blitz,180+0,Redchesz245,abacusGM,1758,1763,,,HUMAN_vs_HUMAN,1-0,C41,51
RVdzeooh,Rated Blitz game,Blitz,180+0,ZIM-Emmykarpov,Exterriga,2199,2214,,,HUMAN_vs_HUMAN,1-0,D07,33
Q21n47t5,Rated Classical game,Classical,1800+0,wreh,Snowchild_XO,1682,1500,,,HUMAN_vs_HUMAN,0-1,C02,46
dhSvokHP,Rated Bullet game,Bullet,120+1,pithekos,ReinoudDummy,1851,1873,,,HUMAN_vs_HUMAN,1-0,C28,89
DNEabQrO,Rated Blitz game,Blitz,300+3,hemodinamia,Sakr1982,1829,1864,,,HUMAN_vs_HUMAN,1-0,B00,101
QO1wUOQw,Rated Rapid game,Rapid,900+0,Diego_Garcia_Rivera,lukas919112,1119,1033,,,HUMAN_vs_HUMAN,0-1,C25,72
6i4fTScu,Rated Bullet game,Bullet,60+0,roma1302,Koltun,1668,1691,,,HUMAN_vs_HUMAN,0-1,B32,74
Ln2ocyOx,Rated Bullet game,Bullet,60+0,cellplayO9,izmirliguc,1816,1827,,,HUMAN_vs_HUMAN,1-0,A43,91
RX9YM13E,Rated Bullet game,Bullet,60+0,cebirr,krunchi,1791,1756,,,HUMAN_vs_HUMAN,0-1,B54,98
3712haem,Rated Bullet game,Bullet,60+0,Bigsneezy,OESA_Deluxe,1386,1368,,,HUMAN_vs_HUMAN,1-0,A45,73
AuIg67wE,Rated Bullet game,Bullet,60+0,TiagoLelis,aedaed,1553,1446,,,HUMAN_vs_HUMAN,1-0,A40,75
mRQmqFJx,Rated Rapid game,Rapid,600+5,athbi_aljadi,MamutCo,1929,1960,,,HUMAN_vs_HUMAN,0-1,B43,91
4esDiD4S,Rated Rapid game,Rapid,600+5,lucebm21,ryan4srini,744,702,,,HUMAN_vs_HUMAN,0-1,C42,22
oVAuIb3u,Rated Rapid game,Rapid,600+5,butterflied,MH400m,2092,2096,,,HUMAN_vs_HUMAN,1-0,A45,242
UcmJuPgU,Rated Rapid game,Rapid,600+5,Leoneto,DGP50,879,796,,,HUMAN_vs_HUMAN,0-1,A00,36
9uGkLQbd,Rated Rapid game,Rapid,600+5,Irinbaby,papaelepa,939,931,,,HUMAN_vs_HUMAN,1-0,C50,47
DRbkyvCp,Rated Rapid game,Rapid,600+5,bruce24,Omerky,1413,1448,,,HUMAN_vs_HUMAN,1-0,B06,91
M6X8kC47,Rated Rapid game,Rapid,600+5,Sahasraramasamy2015,caviarmaster,1766,1781,,,HUMAN_vs_HUMAN,0-1,C50,32
KZqzLMci,Rated Rapid game,Rapid,600+5,AlexK78,garymichael,1669,1642,,,HUMAN_vs_HUMAN,1-0,C65,9
6YKf1bXD,Rated Bullet game,Bullet,60+0,As1974,foreignaffairs,2222,2333,,NM,HUMAN_vs_HUMAN,1-0,A00,75
ifKKGpNA,Rated Bullet game,Bullet,60+0,Andruvv,es-Seffah,1111,1104,,,HUMAN_vs_HUMAN,0-1,C40,44
Ggx0KCko,Rated Bullet game,Bullet,60+0,Uitshi_o,nathanng88,1848,1835,,,HUMAN_vs_HUMAN,0-1,A00,66
Q3MDDSw4,Rated Bullet game,Bullet,60+0,FoxxyJr,kitik76,1870,1892,,,HUMAN_vs_HUMAN,1-0,A00,73
NDFYSEJa,Rated Bullet game,Bullet,60+0,Gamoron,Ibrahimkamal,1621,1574,,,HUMAN_vs_HUMAN,1-0,C41,81
mo4Cm0aH,Rated Bullet game,Bullet,60+0,CAR424,flamintino,2165,2220,,,HUMAN_vs_HUMAN,1-0,A46,53
fP26H9pn,Rated Bullet game,Bullet,60+0,Carbociline,ferhadozcan,1271,1281,,,HUMAN_vs_HUMAN,0-1,C20,84
JTsDX9Lj,Rated Bullet game,Bullet,60+0,goosesome,Kastigador,2394,2420,,,HUMAN_vs_HUMAN,1-0,A05,83
Y1RWR0XE,Rated Bullet game,Bullet,60+0,Wiolarz,tokischa,1361,1446,,,HUMAN_vs_HUMAN,0-1,B06,80
Uy3Fjulx,Rated Bullet game,Bullet,60+0,TheGosu,Alfredo95,1961,1964,,,HUMAN_vs_HUMAN,0-1,D02,74
2WdCGtv3,Rated Bullet game,Bullet,60+0,LighTomorrowithTODAY,ShYarEx,2556,2658,,,HUMAN_vs_HUMAN,1-0,A46,123
lCJ4CMat,Rated Bullet game,Bullet,60+0,inner_join,andrescaballero34,2341,2336,,,HUMAN_vs_HUMAN,1-0,B57,53
ksgP8FQf,Rated Bullet game,Bullet,60+0,MeMoNiToS,Dagoberto_und_Ich,2446,2471,,,HUMAN_vs_HUMAN,0-1,A06,82
TZMirqqo,Rated Bullet game,Bullet,60+0,Stayclose2Queen,Svanur,1135,1112,,,HUMAN_vs_HUMAN,0-1,B40,26
UTVxBv7x,Rated Bullet game,Bullet,60+0,IlCavalloInesistente,SimonHodges,932,998,,,HUMAN_vs_HUMAN,0-1,B32,46
7vXkk44K,Rated Bullet game,Bullet,60+0,joseduart98,Kero13,1211,1233,,,HUMAN_vs_HUMAN,0-1,A40,42
Olwx0AcH,Rated Bullet game,Bullet,60+0,jhcab,lukabela,2144,2035,,,HUMAN_vs_HUMAN,1-0,D00,90
mr7DiFtU,Rated Bullet game,Bullet,60+0,Wave91,Legiu,1484,1559,,,HUMAN_vs_HUMAN,1-0,B06,129
ZXAwMAOq,Rated Blitz game,Blitz,180+0,ADRV,hairyserb,2079,2087,,,HUMAN_vs_HUMAN,0-1,B13,96
rDUZk6l3,Rated Blitz game,Blitz,180+0,JRK_75,Aisac26,1908,2036,,,HUMAN_vs_HUMAN,0-1,C31,38
VSAvAISB,Rated Blitz game,Blitz,180+0,avxxxxlxb,Kata1970,994,1007,,,HUMAN_vs_HUMAN,0-1,C40,56
xkMmDvtK,Rated Blitz game,Blitz,180+0,Sunny2017,stinkypoppit,1277,1236,,,HUMAN_vs_HUMAN,1-0,D00,45
4wbcvo96,Rated Blitz game,Blitz,180+0,Eddy_187,RedRapax88,635,803,,,HUMAN_vs_HUMAN,0-1,A00,38
V3mgFyyX,Rated Blitz game,Blitz,180+0,doctorbisdak,eci93,1774,1897,,,HUMAN_vs_HUMAN,0-1,B01,34
L6reAqoO,Rated Blitz game,Blitz,180+0,TysonKayula,KURORO14,2043,2043,,,HUMAN_vs_HUMAN,1-0,B30,93
DEni1Utj,Rated Blitz game,Blitz,180+0,xtecl,Jakov_the_Winner,1322,1338,,,HUMAN_vs_HUMAN,1-0,D00,51
0XAqrVX0,Rated Blitz game,Blitz,180+0,RodrigoGaldino,noradesmedt,1722,1744,,,HUMAN_vs_HUMAN,0-1,B01,88
2MwfwWdy,Rated Blitz game,Blitz,180+0,SwaRRR,StefanoCesena,1672,1714,,,HUMAN_vs_HUMAN,1-0,C20,157
M1MeWnOk,Rated Blitz game,Blitz,180+0,Polasky9,Clumsy_Smurf,2022,1887,,,HUMAN_vs_HUMAN,1/2-1/2,A16,133
ptlYrnY5,Rated Blitz game,Blitz,180+0,sultan2424,rosanapioner,1419,1437,,,HUMAN_vs_HUMAN,0-1,C42,30
Qu3t1oJv,Rated Blitz game,Blitz,180+0,edelmoralesalfonso,Bunselmann,1621,1620,,,HUMAN_vs_HUMAN,1-0,C00,79
EkedcMby,Rated Blitz game,Blitz,180+0,PIETRO2848,unajugadabrillante,2108,2171,,,HUMAN_vs_HUMAN,1-0,B20,41
dz1zkZ3a,Rated Blitz game,Blitz,180+0,Russian_School_Boy,Safari_Aspari,2339,2324,,,HUMAN_vs_HUMAN,1-0,B01,59
2s0veIdb,Rated Blitz game,Blitz,180+0,javierm_80,hackematt,1366,1378,,,HUMAN_vs_HUMAN,0-1,B01,114
kSD3KbFg,Rated Blitz game,Blitz,180+2,Nasser_otaibi,HarryIII,1221,1286,,,HUMAN_vs_HUMAN,0-1,C45,42
JlL6AFcw,Rated Blitz game,Blitz,180+2,MMMMMMBop,felixkabila,1671,1692,,,HUMAN_vs_HUMAN,0-1,A41,52
bQJIQ1tE,Rated Blitz game,Blitz,180+2,mulefoot,magurud,1575,1657,,,HUMAN_vs_HUMAN,1-0,D37,67
jZPwUZIL,Rated Blitz game,Blitz,180+2,ReedT22,jc01khh,960,987,,,HUMAN_vs_HUMAN,1-0,C20,45
LARH0LbF,Rated Blitz game,Blitz,180+2,kavister,AAlekhine2025,1966,2021,,,HUMAN_vs_HUMAN,1-0,A50,63
OAx2LwbO,Rated Blitz game,Blitz,180+2,mohmad28,AABU8,1079,1025,,,HUMAN_vs_HUMAN,1-0,B10,135
6aKRTO5T,Rated Blitz game,Blitz,180+2,asluo00,blawchess,1472,1512,,,HUMAN_vs_HUMAN,0-1,C01,44
I3m1V0UX,Rated Blitz game,Blitz,180+2,Skippstripps,Mavia22,1099,1143,,,HUMAN_vs_HUMAN,1-0,C40,11
Nk3ptZcv,Rated Blitz game,Blitz,180+2,psycho_KI,cgnsvncn,1354,1359,,,HUMAN_vs_HUMAN,1-0,D06,99
rqwg1JSC,Rated Blitz game,Blitz,180+2,LaFuria17,onurarslann,1574,1524,,,HUMAN_vs_HUMAN,1-0,C40,65
j0Xu0Q8Q,Rated Blitz game,Blitz,180+2,Changuito,Mykhailusov,2185,2272,,,HUMAN_vs_HUMAN,0-1,B98,72
8DhmLAm7,Rated Blitz game,Blitz,300+0,Ticar02,lersgambit,1920,1978,,,HUMAN_vs_HUMAN,0-1,B10,79
Vl3hShMT,Rated Blitz game,Blitz,300+0,JadeRyushi,Arnaud-Chess-Master,1504,1472,,,HUMAN_vs_HUMAN,1-0,D02,89
EWZHUTQk,Rated Blitz tournament https://lichess.org/tournament/SDM9pNGW,Blitz,180+2,husseinalsarhan,salama122,1836,2135,,,HUMAN_vs_HUMAN,0-1,A40,58
gqDV6EOH,Rated Blitz tournament https://lichess.org/tournament/SDM9pNGW,Blitz,180+2,RModai,Ahmed-1977,1386,1948,,,HUMAN_vs_HUMAN,0-1,B23,43
ECZGm3Lm,Rated Blitz tournament https://lichess.org/tournament/SDM9pNGW,Blitz,180+2,Najdorfk55,The_Game_Is_Over,1993,2135,,,HUMAN_vs_HUMAN,0-1,A40,70
nzyQ7XYj,Rated Blitz tournament https://lichess.org/tournament/SDM9pNGW,Blitz,180+2,samiros,Abderlhmon_Yaser33,1955,1827,,,HUMAN_vs_HUMAN,0-1,C25,68
YjmgdxDn,Rated UltraBullet game,UltraBullet,15+0,biqshaq,EatThemAlive,1754,1870,,,HUMAN_vs_HUMAN,0-1,A00,92
NDymayUi,Rated Blitz game,Blitz,180+0,oluckyman,sami_chess1,1545,1588,,,HUMAN_vs_HUMAN,0-1,B00,66
VDPlMccX,Rated Blitz game,Blitz,180+1,Riss01012001,cassius_cabilngan,2117,1928,,,HUMAN_vs_HUMAN,1/2-1/2,B54,88
iH7TVKlA,Rated Bullet game,Bullet,60+0,Drrew117,N-zero,1746,1701,,,HUMAN_vs_HUMAN,0-1,A40,76
QkJ9LHwc,Rated Bullet game,Bullet,60+0,frathesi,Vladas27,1692,1693,,,HUMAN_vs_HUMAN,0-1,C30,82
ZPhgSfGV,Rated Blitz tournament https://lichess.org/tournament/M00TxO8Z,Blitz,180+2,Newwnany,lunamedranoeslava,865,1118,,,HUMAN_vs_HUMAN,0-1,C46,44
Wbbayu3o,Rated Blitz tournament https://lichess.org/tournament/mr1gLeUF,Blitz,300+1,chessaxeciv,GenGMaster,1980,2104,,,HUMAN_vs_HUMAN,0-1,D37,80
JUh0CQAP,Rated Bullet tournament https://lichess.org/tournament/NjqxcevP,Bullet,60+0,valorenprueba,DulceMariaMatusG,1782,2283,,,HUMAN_vs_HUMAN,1/2-1/2,A13,107
JK3T25Py,Rated Blitz game,Blitz,180+0,zinakisa,djilouadou22,1921,1949,,,HUMAN_vs_HUMAN,0-1,C20,46
hKzVh8JY,Rated Blitz game,Blitz,180+0,PomonaBB35,Joao_Pinheiro_MG,2180,2196,,,HUMAN_vs_HUMAN,0-1,B01,64
kbyzDnEO,Rated Blitz game,Blitz,180+0,ez4chess,LoveBCSChess17,2103,2088,,,HUMAN_vs_HUMAN,0-1,B00,36
GFbFKzHU,Rated Blitz game,Blitz,180+0,Zov_Hax,CEOclatchey,2022,2023,,,HUMAN_vs_HUMAN,1-0,B12,54
bbxWPnWv,Rated Blitz game,Blitz,180+0,Jhonk78,Mario_raguine,1629,1633,,,HUMAN_vs_HUMAN,0-1,C24,14
cDVonCN3,Rated Blitz game,Blitz,180+0,SafariAl,Gengar094,1678,1636,,,HUMAN_vs_HUMAN,1-0,C42,21
WYTBEjgs,Rated Blitz game,Blitz,180+0,ramazantas,gift000,1726,1720,,,HUMAN_vs_HUMAN,0-1,C41,92
tbP62AqZ,Rated Blitz game,Blitz,180+0,Barry_Barnabas,kg1981,2003,1973,,,HUMAN_vs_HUMAN,1-0,A40,51
xfSHVbyZ,Rated Blitz game,Blitz,180+0,Hastj10,EthantheLoe,1120,1081,,,HUMAN_vs_HUMAN,0-1,B00,72
F2eahoHW,Rated Blitz game,Blitz,180+0,anacoreta47,SiempreNostalgia,1797,1810,,,HUMAN_vs_HUMAN,1-0,C45,113
HfMUzJSm,Rated Blitz game,Blitz,180+0,Athauanp,lenuam_navi,1559,1614,,,HUMAN_vs_HUMAN,1-0,B01,47
yD2L6ujD,Rated Blitz game,Blitz,180+0,Dasi12,gahemoduso,2037,2063,,,HUMAN_vs_HUMAN,1-0,A00,41
te5Xn17H,Rated Blitz game,Blitz,180+0,PandakucingPALESTINA,cjmp,1317,1295,,,HUMAN_vs_HUMAN,1-0,D00,63
pGvHIjXJ,Rated Blitz game,Blitz,180+0,ChepitoAlvarez,kezilu,2176,2166,,,HUMAN_vs_HUMAN,1-0,C02,65
GFMxdUEv,Rated Blitz game,Blitz,180+0,Panoptico,Marius4567,1911,1896,,,HUMAN_vs_HUMAN,0-1,C41,42
5gZtA0ZH,Rated Blitz game,Blitz,180+0,tiwak,MF-RafaelFantastico,2132,2117,,,HUMAN_vs_HUMAN,0-1,B01,90
vn7Mnn5c,Rated Bullet game,Bullet,60+0,ajedrezdemaestro,Approaching82,2224,2171,,,HUMAN_vs_HUMAN,0-1,B27,44
d0S2Xo3B,Rated Bullet game,Bullet,120+1,almostcasual,dukedome,1453,1509,,,HUMAN_vs_HUMAN,1-0,C25,67
oRtVgqzc,Rated Bullet game,Bullet,120+1,Mahmood39934,Fathi123,1557,1557,,,HUMAN_vs_HUMAN,0-1,B08,44
MzCAn3TD,Rated Bullet game,Bullet,120+1,iema_crew,pedrigno,1156,1178,,,HUMAN_vs_HUMAN,1-0,A45,67
ReWaNwrh,Rated Bullet game,Bullet,120+1,DSDAPINO,pelayo78,2173,2154,,,HUMAN_vs_HUMAN,1-0,B02,129
gVh0CLTZ,Rated Bullet game,Bullet,120+1,vietrim,caf1975,1712,1609,,,HUMAN_vs_HUMAN,0-1,C00,62
pkuDWXBq,Rated Bullet game,Bullet,120+1,Pre_K,Ska112,1349,1346,,,HUMAN_vs_HUMAN,1-0,A10,49
gbHG3AYa,Rated Bullet game,Bullet,120+1,jkleebone,rubenadolfo,1915,1994,,,HUMAN_vs_HUMAN,0-1,A43,46
Y14RFbbE,Rated Bullet game,Bullet,120+1,knickelinick,AzureNelson,870,757,,,HUMAN_vs_HUMAN,1-0,A43,99
hOxrbXwe,Rated Bullet game,Bullet,120+1,zeljko15,ivansotehm_7,973,931,,,HUMAN_vs_HUMAN,0-1,C00,48
FaucjVKF,Rated Bullet game,Bullet,120+1,rommyruizsosa,Mustajab67,2095,2053,,,HUMAN_vs_HUMAN,1-0,C02,175
veAjWH6v,Rated Bullet game,Bullet,120+1,dragon_alfa,tchusschess,1100,1042,,,HUMAN_vs_HUMAN,1-0,D02,55
1yfcTMZy,Rated Bullet game,Bullet,120+1,Arsen_Nadyrov,Mutaz_Hamra,1795,1856,,,HUMAN_vs_HUMAN,0-1,B00,96
VFvMp3LM,Rated Bullet game,Bullet,120+1,Alegromental,hegelianplatypus,1875,1872,,,HUMAN_vs_HUMAN,0-1,A45,36
9FOao3zr,Rated Bullet game,Bullet,120+1,vianalucas,alvl65,1537,1540,,,HUMAN_vs_HUMAN,1-0,B10,25
6oo6lDbx,Rated Bullet game,Bullet,120+1,XemaRC1976,Freakchu,1284,1267,,,HUMAN_vs_HUMAN,1-0,B06,33
cY5yMJvy,Rated Bullet game,Bullet,60+0,MaksimPanov,juulik,2568,2411,,,HUMAN_vs_HUMAN,1-0,B06,57
IXo3iU2Y,Rated Bullet game,Bullet,60+0,marcostorresarias,Meponeburro,1679,1756,,,HUMAN_vs_HUMAN,1-0,A01,53
mJrhFkRp,Rated Bullet game,Bullet,60+0,JAFAR52,shoester,1957,1943,,,HUMAN_vs_HUMAN,1-0,A06,63
FqwXiMEE,Rated Bullet game,Bullet,60+0,antoazzam,miral_1993,1793,1776,,,HUMAN_vs_HUMAN,0-1,C43,40
69j5oJQv,Rated Bullet game,Bullet,60+0,R000001,MarkMaged99,1342,1232,,,HUMAN_vs_HUMAN,1-0,A10,97
9cVEeGN6,Rated Bullet game,Bullet,60+0,Artsahiti,yimi_15matoma,2174,2176,,,HUMAN_vs_HUMAN,1-0,B46,53
8ahw0DRs,Rated Bullet game,Bullet,60+0,manasza,ClubJack,1854,1935,,,HUMAN_vs_HUMAN,0-1,B01,44
xxRKDpBA,Rated Bullet game,Bullet,60+0,c0vj3k,zsszra,2238,2180,,,HUMAN_vs_HUMAN,1-0,C01,111
mQH8hgqc,Rated Bullet game,Bullet,60+0,ggphera,Not_smart_goose,1351,1398,,,HUMAN_vs_HUMAN,0-1,B31,30
1Hc5xNHF,Rated Bullet game,Bullet,60+0,Andi2709,JG0308,1082,1118,,,HUMAN_vs_HUMAN,1-0,C53,21
I7Mf2dZb,Rated Bullet game,Bullet,60+0,jagua,Matuzza,1611,1629,,,HUMAN_vs_HUMAN,1-0,B13,63
jWsIERdc,Rated Bullet game,Bullet,60+0,StephenJamesCashen,JotaSalva,1342,1367,,,HUMAN_vs_HUMAN,1-0,B01,51
3AlsS76U,Rated Bullet game,Bullet,60+0,nikosflix,mlusio,2254,2266,,,HUMAN_vs_HUMAN,0-1,D03,92
pnwkVpxE,Rated Bullet game,Bullet,60+0,BahtiyarQR,lifeguard61,1796,1838,,,HUMAN_vs_HUMAN,0-1,C00,84
zEeYq1fy,Rated Bullet game,Bullet,60+0,SelfAppointedKnight,zeppelino,2062,2072,,,HUMAN_vs_HUMAN,1-0,C41,89
EGGwbzJx,Rated Bullet game,Bullet,60+0,mamdoohdoulaimi,montoprincipal,1441,1448,,,HUMAN_vs_HUMAN,1-0,A03,49
KoeOrSSN,Rated Bullet game,Bullet,60+0,MojoHand,YondaimeChess,1459,1550,,,HUMAN_vs_HUMAN,0-1,B40,90
kI11IsvZ,Rated Blitz game,Blitz,300+0,jetvish,cablloloco1,1446,1410,,,HUMAN_vs_HUMAN,1-0,C44,21
jlqC0VJ7,Rated Blitz game,Blitz,180+0,PERCAYA_YPD,mido1965,2137,2110,,,HUMAN_vs_HUMAN,0-1,A40,62
f3jdkiKS,Rated UltraBullet game,UltraBullet,15+0,BrutalBishop31,Chesswarriors12,2061,2097,,,HUMAN_vs_HUMAN,0-1,A00,100
H6l3Couh,Rated Blitz game,Blitz,180+0,Adhialif,Ruislosing,1094,991,,,HUMAN_vs_HUMAN,1-0,B12,35
ap4ZSyGr,Rated UltraBullet game,UltraBullet,15+0,NOTFAIRBM,TommyGunnnn,1859,1895,,,HUMAN_vs_HUMAN,1-0,A00,81
TB5ykgBI,Rated Rapid game,Rapid,600+0,Jsalgado,Zoran_Milanovic,1390,1415,,,HUMAN_vs_HUMAN,1-0,C30,101
iridb937,Rated Rapid game,Rapid,600+0,SantiagoDeLasVegas,alphaLee7,1869,1816,,,HUMAN_vs_HUMAN,0-1,C00,50
lMeZYXFo,Rated Rapid game,Rapid,600+0,ahmedmuhameed,keikei05,1373,1372,,,HUMAN_vs_HUMAN,1-0,A04,81
p3LQQSuR,Rated Rapid game,Rapid,600+0,Stefan0770,Kiwijpj,1234,1360,,,HUMAN_vs_HUMAN,0-1,A16,38
quvrHtV7,Rated Rapid game,Rapid,600+0,mrbrito,Osse187,1423,1416,,,HUMAN_vs_HUMAN,0-1,B33,64
PjpBv5PG,Rated Blitz tournament https://lichess.org/tournament/7CZHK4jE,Blitz,180+0,Muh_Ali_Selayar,swm1,1913,1785,,,HUMAN_vs_HUMAN,1-0,A46,105
w8e3OTbJ,Rated Blitz tournament https://lichess.org/tournament/7CZHK4jE,Blitz,180+0,yoguer,Jeyck1129,1863,2159,,,HUMAN_vs_HUMAN,0-1,B21,78
BWynRvNy,Rated Bullet game,Bullet,60+0,geekcoder,alekstone,1939,1932,,,HUMAN_vs_HUMAN,0-1,A00,70
jgeqUmTV,Rated Rapid game,Rapid,600+0,fireboard,tinerilu,1844,1819,,,HUMAN_vs_HUMAN,1-0,C45,79
9URvfGxW,Rated Rapid game,Rapid,600+0,HuonoShakissa,stegasauro,1235,1336,,,HUMAN_vs_HUMAN,0-1,D94,60
bL48sYuB,Rated Rapid game,Rapid,600+0,Kasparitin,sadafino,1092,1076,,,HUMAN_vs_HUMAN,1-0,D20,35
yRvMG89s,Rated Rapid game,Rapid,600+0,Goku-6909,NaujA,1103,1162,,,HUMAN_vs_HUMAN,1-0,C20,54
ahFaf0lE,Rated Rapid game,Rapid,600+0,yensy1008,Jhonfredyhnd856,1706,1615,,,HUMAN_vs_HUMAN,0-1,B01,54
rFp3XX5V,Rated Rapid game,Rapid,600+0,egesiker,skycaptain123,1035,1038,,,HUMAN_vs_HUMAN,0-1,C41,46
tyY5mKqi,Rated Rapid game,Rapid,600+0,Mit_oliver,chocolatechess,1360,1484,,,HUMAN_vs_HUMAN,1-0,A40,103
hnQZEfAr,Rated Rapid game,Rapid,600+0,Orestino73,Abdelrahman002,807,907,,,HUMAN_vs_HUMAN,1-0,C50,19
Pl5d9kYH,Rated Rapid game,Rapid,600+0,erZito,Fernando_Quadros,1787,1814,,,HUMAN_vs_HUMAN,0-1,D30,90
riRXFmMY,Rated Blitz game,Blitz,300+0,Rapanuichess,mateusz72,1411,1391,,,HUMAN_vs_HUMAN,1-0,A00,17
XL9sfBf7,Blitz swiss https://lichess.org/swiss/KdRFyEN6,Blitz,180+2,RickChessPE,Capablanca13,1620,2014,,,HUMAN_vs_HUMAN,0-1,A22,80
JjOE28gV,Blitz swiss https://lichess.org/swiss/KdRFyEN6,Blitz,180+2,RZAKO,Charles_patmos,2094,1690,,,HUMAN_vs_HUMAN,0-1,B40,124
JWtNKwrq,Blitz swiss https://lichess.org/swiss/KdRFyEN6,Blitz,180+2,RenatoXavier,dbsxadrez,1694,2166,,,HUMAN_vs_HUMAN,0-1,B27,82
EY8OgiTO,Blitz swiss https://lichess.org/swiss/KdRFyEN6,Blitz,180+2,CCapivara,j123456789,2219,1935,,,HUMAN_vs_HUMAN,0-1,B44,176
J2aRxXVS,Blitz swiss https://lichess.org/swiss/KdRFyEN6,Blitz,180+2,vimael,j_coca,1993,2326,,FM,HUMAN_vs_HUMAN,0-1,A41,42
AtBBlmRA,Rapid swiss https://lichess.org/swiss/ExkJJ3jN,Rapid,600+5,CaydenChiu,smartteddy,926,1222,,,HUMAN_vs_HUMAN,0-1,D06,86
CDk3TK0W,Classical swiss https://lichess.org/swiss/9pszh8Hd,Classical,1800+0,somerapidplayer,RubenAslanyanPRO16,1993,1356,,,HUMAN_vs_HUMAN,1-0,C56,13
EAlXc0Gu,Classical swiss https://lichess.org/swiss/9pszh8Hd,Classical,1800+0,kellogs_Official,elephantstampede,1372,2036,,,HUMAN_vs_HUMAN,0-1,A00,34
gmcXfWPb,Classical swiss https://lichess.org/swiss/9pszh8Hd,Classical,1800+0,Lempong,mohdasaleem,2121,1686,,,HUMAN_vs_HUMAN,1-0,A05,88
emnAOL4l,Classical swiss https://lichess.org/swiss/9pszh8Hd,Classical,1800+0,coolchesscat1,Fussballfater,1756,2151,,,HUMAN_vs_HUMAN,0-1,A05,58
MeBugLSW,Rapid swiss https://lichess.org/swiss/htLqHMJv,Rapid,600+0,theus90t,criszg7,1500,975,,,HUMAN_vs_HUMAN,1-0,C50,109
rFlDZE2E,Rapid swiss https://lichess.org/swiss/htLqHMJv,Rapid,600+0,raysllan,zyleantisulista,1038,1500,,,HUMAN_vs_HUMAN,0-1,D00,32
9b8tQtGu,Rapid swiss https://lichess.org/swiss/htLqHMJv,Rapid,600+0,PsaR0,Pedro_h_nfc,1500,1040,,,HUMAN_vs_HUMAN,0-1,C00,60
28Euaa95,Rapid swiss https://lichess.org/swiss/htLqHMJv,Rapid,600+0,HFelipe18,vitalsollus,1063,1500,,,HUMAN_vs_HUMAN,1-0,C46,29
yNWGu35U,Rapid swiss https://lichess.org/swiss/htLqHMJv,Rapid,600+0,rip_kazuma22,magnusfalrsen,1500,1129,,,HUMAN_vs_HUMAN,0-1,B08,52
PO2fPbTM,Rapid swiss https://lichess.org/swiss/htLqHMJv,Rapid,600+0,DNLMP,Fenix_2008F,1133,1500,,,HUMAN_vs_HUMAN,0-1,A20,66
pDQVKDzX,Rapid swiss https://lichess.org/swiss/htLqHMJv,Rapid,600+0,bobbyruim21,Cagnus-M4rlsen,1500,1159,,,HUMAN_vs_HUMAN,1-0,C54,65
x7xi7QJG,Rapid swiss https://lichess.org/swiss/htLqHMJv,Rapid,600+0,ErIk_LiMa,Renansous,1317,1524,,,HUMAN_vs_HUMAN,0-1,B90,98
DB3sfjjT,Rapid swiss https://lichess.org/swiss/htLqHMJv,Rapid,600+0,HENRIQUE2121,Emanuelhenriquesanto,1525,1351,,,HUMAN_vs_HUMAN,1-0,C50,85
6Kq4KqLE,Rated Blitz game,Blitz,180+0,Jampjos,drope99,2133,2135,,FM,HUMAN_vs_HUMAN,0-1,A43,27
jDNlyak2,Rated Blitz game,Blitz,180+0,vidyoe2,Fabian2003_UTP,1658,1654,,,HUMAN_vs_HUMAN,1-0,C56,57
E23XwGBX,Rated Blitz game,Blitz,180+0,Gecktor,Hassee,2039,1923,,,HUMAN_vs_HUMAN,1-0,A30,49
RgI0ahIB,Rated Blitz game,Blitz,180+0,AFGHO,fels00,1302,1389,,,HUMAN_vs_HUMAN,1/2-1/2,C24,103
MAyq67Tk,Rated Blitz game,Blitz,180+0,papaemeritus,akrapovic832,2049,2052,,,HUMAN_vs_HUMAN,1/2-1/2,B92,137
AqPQaa6F,Rated Blitz game,Blitz,180+0,thriple_t,timmiklaus,1746,1728,,,HUMAN_vs_HUMAN,1-0,A08,27
HDYgJ5O0,Rated Blitz game,Blitz,180+0,soytuamigoroberto,dolphinyt,1521,1414,,,HUMAN_vs_HUMAN,1-0,B06,45
tIiPWZEN,Rated Blitz game,Blitz,180+0,Flarion,elpat,2257,2233,,,HUMAN_vs_HUMAN,1-0,E11,81
02dKirY1,Rated Blitz game,Blitz,180+0,Loucogm,mustafaseker,1199,1181,,,HUMAN_vs_HUMAN,1-0,C68,63
q5czptHn,Rated Blitz game,Blitz,180+0,mr_achilles534,v_a_chizh,1294,1286,,,HUMAN_vs_HUMAN,1-0,C02,61
KCZaWtfD,Rated Blitz game,Blitz,180+0,thefinger,akil_b22,1543,1572,,,HUMAN_vs_HUMAN,1-0,A00,21
u22RPuR5,Rated Blitz game,Blitz,180+0,pistachio_icecream,sapujagadraya,1866,1820,,,HUMAN_vs_HUMAN,1-0,C55,71
6BtuKPiU,Rated Blitz game,Blitz,180+0,DonVaca,jakeador,1901,1905,,,HUMAN_vs_HUMAN,1-0,D38,67
IPkxQhp9,Rated Blitz game,Blitz,180+0,simonesolita,guhi63,1426,1449,,,HUMAN_vs_HUMAN,1-0,C60,91
Mozmag0o,Rated Bullet game,Bullet,60+0,Samuelufstrike,trader47dotcom,2046,2033,,,HUMAN_vs_HUMAN,1-0,C50,89
JvJdEfjv,Rated Bullet game,Bullet,120+1,solom_9005,bybora,2273,2211,,,HUMAN_vs_HUMAN,1-0,A46,81
rKDzOZd6,Rated Blitz game,Blitz,300+0,rooksolidly,ttv_07kotzi,1879,1858,,,HUMAN_vs_HUMAN,1-0,B28,105
C9JYKiux,Rated Blitz game,Blitz,300+0,Puertofuquen,FouLaufer,1648,1647,,,HUMAN_vs_HUMAN,1-0,A45,35
NI9bxj21,Rated Blitz game,Blitz,300+0,parszek,aerdna2,1607,1644,,,HUMAN_vs_HUMAN,1-0,D00,97
CkU1xIRg,Rated Blitz game,Blitz,300+0,sbsnew,eknight003,1752,1790,,,HUMAN_vs_HUMAN,1-0,C50,65
fnh4v4JD,Rated Blitz game,Blitz,300+0,JCZ_Chess,Qubrak_D,1999,1998,,,HUMAN_vs_HUMAN,1-0,B18,43
uZaae2ws,Rated Blitz game,Blitz,300+0,mkaj,uxia1barcelos,1941,1891,,,HUMAN_vs_HUMAN,0-1,B30,106
kvBRQe6E,Rated Blitz game,Blitz,300+0,Daiyac,hassenca,1469,1505,,,HUMAN_vs_HUMAN,0-1,A00,142
NGb36uWq,Rated Blitz game,Blitz,300+0,NAIJ40,tohabanderas,1464,1473,,,HUMAN_vs_HUMAN,1-0,A01,69
y8nwTkSU,Rated Blitz game,Blitz,300+0,Master-Mirror,Pugliesi,1866,1726,,,HUMAN_vs_HUMAN,1-0,C50,49
wTfGm4E3,Rated Blitz game,Blitz,300+0,camposperez,Rehaman_17,1254,1248,,,HUMAN_vs_HUMAN,0-1,D02,40
KQLWiTS5,Rated Blitz game,Blitz,300+0,MightyShredders,penyul,1525,1518,,,HUMAN_vs_HUMAN,0-1,B00,90
Odj2g3eR,Rated Blitz game,Blitz,300+0,Jorgemsen,Esgaroth_LOTR,1543,1536,,,HUMAN_vs_HUMAN,1-0,C50,31
E9nM4hBB,Rated Blitz game,Blitz,300+0,Nour03,sopilus1970,1428,1416,,,HUMAN_vs_HUMAN,0-1,B20,54
6r7GeZIc,Rated Blitz game,Blitz,300+0,domino72450,mrl84x,1153,1170,,,HUMAN_vs_HUMAN,0-1,C25,78
hnpBgjeI,Rated Blitz game,Blitz,300+0,sir_odier,Kkkricardo,2126,2155,,,HUMAN_vs_HUMAN,0-1,C70,60
oWh1h8RS,Rated Blitz game,Blitz,300+0,chdax,Afgger,1694,1710,,,HUMAN_vs_HUMAN,1-0,C42,70
j0Ph8luI,Rated Bullet game,Bullet,0+1,PIELIEME,MegiiPro233,2364,2240,,,HUMAN_vs_HUMAN,1/2-1/2,B00,79
5tVCUfn1,Rated Bullet game,Bullet,60+0,thanatos78,bbyshop,1581,1618,,,HUMAN_vs_HUMAN,1-0,B12,63
lp1Mj9ne,Rated Bullet game,Bullet,60+0,koolstan2000,you_are_a_chess,2189,2212,,,HUMAN_vs_HUMAN,0-1,A40,130
MRZQbkuh,Rated Bullet game,Bullet,60+0,zealotg,M108S,1366,1385,,,HUMAN_vs_HUMAN,0-1,A10,54
dMFPZYCu,Rated Bullet game,Bullet,60+0,AdrianCPolit,MagicDuck,1643,1683,,,HUMAN_vs_HUMAN,1-0,D24,69
ikxTP31W,Rated Bullet game,Bullet,60+0,manucontab,DownsParadox,1554,1536,,,HUMAN_vs_HUMAN,0-1,A04,108
aBfiTyV1,Rated Bullet game,Bullet,60+0,salinasja8086,AnkaPeru,2252,2377,,,HUMAN_vs_HUMAN,0-1,A10,42
01wFL9of,Rated Bullet game,Bullet,60+0,Guacolda,stoneface,1131,1122,,,HUMAN_vs_HUMAN,0-1,A45,46
0Ob80GeI,Rated Bullet game,Bullet,60+0,Cale12345,dvdrlc,1832,1878,,,HUMAN_vs_HUMAN,1-0,C23,71
HznvCDhP,Rated Bullet game,Bullet,60+0,svenjab,Aquila97,1168,1191,,,HUMAN_vs_HUMAN,1-0,A40,69
UiQtmft1,Rated Bullet game,Bullet,60+0,madswan,yordano_frank,2154,2104,,,HUMAN_vs_HUMAN,1-0,C44,22
ylIbxkI6,Rated Bullet game,Bullet,60+0,sjakksrud,abouabdoullah212,1742,1782,,,HUMAN_vs_HUMAN,0-1,A41,60
pxok5vDq,Rated Bullet game,Bullet,60+0,Mesfinwold,fabricio64,1355,1322,,,HUMAN_vs_HUMAN,1-0,A00,51
t9N9zYM1,Rated Bullet game,Bullet,60+0,elliot477,hochy_ee,1220,1195,,,HUMAN_vs_HUMAN,0-1,A40,82
q9zFlTDt,Rated Bullet game,Bullet,60+0,ohmydaps,ryebread4,2058,2026,,,HUMAN_vs_HUMAN,0-1,C00,2
kuzlZkOj,Rated Bullet game,Bullet,60+0,motty4321,nicoprosazo,1493,1460,,,HUMAN_vs_HUMAN,0-1,B50,102
iuifI1nS,Rated Bullet game,Bullet,60+0,ebh_96,A_Canadian123,1519,1516,,,HUMAN_vs_HUMAN,0-1,A01,84
rtRxj9Aj,Rated Blitz game,Blitz,300+0,superpanda,zanj5,1761,1732,,,HUMAN_vs_HUMAN,1-0,A04,113
E0oQE7P3,Rated Blitz game,Blitz,180+2,AnyaMaciel2008,JosefNilsen,1500,1325,,,HUMAN_vs_HUMAN,0-1,C42,34
KcQ78dil,Rated Blitz game,Blitz,180+2,sheleg1900,Exotica,1954,1910,,,HUMAN_vs_HUMAN,1-0,B10,71
tS67W1fd,Rated Blitz game,Blitz,180+2,sakerlasker,yargblarg,1967,2092,,,HUMAN_vs_HUMAN,0-1,C01,88
fl6ycQc7,Rated Blitz game,Blitz,180+2,Arek2012,paradox-123,1437,1354,,,HUMAN_vs_HUMAN,1-0,A20,61
65UEU8HS,Rated Blitz game,Blitz,180+2,mr_Jaykes,saplim666,1870,1836,,,HUMAN_vs_HUMAN,1-0,A00,103
Jw1djxKJ,Rated Blitz game,Blitz,180+2,Marcelo_Lopes,Joudyn,1556,1565,,,HUMAN_vs_HUMAN,1-0,A10,45
Np65aI2h,Rated Blitz game,Blitz,180+2,Cabronian,arouan,1795,1706,,,HUMAN_vs_HUMAN,1-0,A22,113
z3EnDeS1,Rated Blitz game,Blitz,180+2,G-wise,FOIC315,1833,1798,,,HUMAN_vs_HUMAN,0-1,A40,44
zm0De2Fu,Rated Blitz game,Blitz,180+2,CHESS-COIN,Merikard,2463,2459,,,HUMAN_vs_HUMAN,0-1,D00,74
ZsoywvRs,Rated Blitz game,Blitz,180+2,Raygoza_gilbert,theyams,1655,1608,,,HUMAN_vs_HUMAN,0-1,B21,100
UrIWqxhk,Rated Blitz game,Blitz,180+1,kastarino,kaosm,2210,2107,,,HUMAN_vs_HUMAN,0-1,B90,70
D8angOEy,Rated Rapid game,Rapid,900+0,Roberto2793,yoshius,1800,1861,,,HUMAN_vs_HUMAN,1-0,C40,69
p25C93Pu,Rated Blitz game,Blitz,300+3,Chulencio,MOGOXD,1005,999,,,HUMAN_vs_HUMAN,1-0,B02,45
5qA9OUTN,Rated Blitz game,Blitz,300+3,steffen06,drhitayozbay,1251,1216,,,HUMAN_vs_HUMAN,1-0,C00,60
hq4lzvIq,Rated Blitz game,Blitz,300+3,svantew,jeninsonmar,1568,1605,,,HUMAN_vs_HUMAN,1-0,A40,23
oMaIRScN,Rated Blitz game,Blitz,300+3,gori73,morphyandtal,2014,2038,,,HUMAN_vs_HUMAN,0-1,C01,136
UmL73ijb,Rated Blitz game,Blitz,300+3,MorphysCat,Gordon2035,1557,1458,,,HUMAN_vs_HUMAN,0-1,C44,84
m2wzPY8o,Rated Blitz game,Blitz,300+3,caballo59,gogom,1352,1383,,,HUMAN_vs_HUMAN,1-0,A40,81
vPc4D062,Rated Blitz game,Blitz,300+3,luc_ranger,sumedha007,1120,1093,,,HUMAN_vs_HUMAN,1/2-1/2,C40,67
Gu66bnPT,Rated Blitz game,Blitz,300+3,PokPlayer,Piyushr91,1649,1677,,,HUMAN_vs_HUMAN,0-1,C30,102
GtODbZMq,Rated Bullet game,Bullet,120+1,kasan11,niiiird,1418,1448,,,HUMAN_vs_HUMAN,0-1,D00,84
7Sda5Ygc,Rated Bullet game,Bullet,120+1,pawnchitter,chavaajr,1727,1713,,,HUMAN_vs_HUMAN,1-0,A00,49
DZ9Lyds6,Rated Bullet game,Bullet,120+1,Prebator,Quasii550,1706,1671,,,HUMAN_vs_HUMAN,0-1,D31,72
6Hrndh2x,Rated Bullet game,Bullet,120+1,Kolodin60,ayawkol3,2308,2272,,,HUMAN_vs_HUMAN,0-1,B12,88
AzasHtmz,Rated Bullet game,Bullet,120+1,madibi,IamjustaPlayer,2028,2084,,,HUMAN_vs_HUMAN,1-0,C02,81
kC4Z85tM,Rated Bullet game,Bullet,120+1,troubledmuppet,chesslion12,1111,1187,,,HUMAN_vs_HUMAN,1-0,C44,47
RqVBxGIm,Rated Bullet game,Bullet,120+1,Regi79,vados8791,1913,1909,,,HUMAN_vs_HUMAN,1-0,D00,95
IUKmHBeZ,Rated Bullet game,Bullet,120+1,giorgio_jackson1,jeremiebas,1867,1880,,,HUMAN_vs_HUMAN,0-1,C54,38
dgCFYbmZ,Rated Bullet game,Bullet,120+1,RoiandRoll,the_exorcist_master,1926,1975,,,HUMAN_vs_HUMAN,0-1,A06,140
yBt5uYjp,Rated Bullet game,Bullet,120+1,dwilk,sonujohn,1565,1656,,,HUMAN_vs_HUMAN,0-1,C41,98
iFGsbhrW,Rated Bullet game,Bullet,120+1,art21tuncay,hopens,1474,1474,,,HUMAN_vs_HUMAN,0-1,D10,31
PLn60JsL,Rated Bullet game,Bullet,120+1,Garriii,Hossamesmail,1191,1213,,,HUMAN_vs_HUMAN,0-1,C00,60
0hS6e4x2,Rated Bullet game,Bullet,120+1,sandevistan18,cristikeen,1360,1412,,,HUMAN_vs_HUMAN,1-0,B06,121
rkgCKs6T,Rated Bullet game,Bullet,120+1,Sabsubar,irajsaba,2156,2099,,,HUMAN_vs_HUMAN,1-0,B03,61
ZHGAG6XP,Rated Bullet game,Bullet,60+0,soliloquy_slq,su3gger,1498,1494,,,HUMAN_vs_HUMAN,1-0,B01,57
BVPdpV86,Rated Bullet game,Bullet,60+0,trickpenguin,abdn_erdgn,1646,1687,,,HUMAN_vs_HUMAN,0-1,B02,74
CjWb3hXw,Rated Bullet game,Bullet,60+0,ChessChampions_13,rodenas1,2283,2227,,,HUMAN_vs_HUMAN,0-1,A04,76
tSwu7n2o,Rated Bullet game,Bullet,60+0,Cesar2710,Miranda-U,2350,2316,,,HUMAN_vs_HUMAN,0-1,A43,124
X8IphmkG,Rated Bullet game,Bullet,60+0,Adelaalsakr,furkow,1864,1848,,,HUMAN_vs_HUMAN,0-1,A02,74
AcVNtNfD,Rated Bullet game,Bullet,60+0,LoBajaronADiego,asminoykuhazar,1872,1900,,,HUMAN_vs_HUMAN,1-0,A10,93
jUkamKsS,Rated Bullet game,Bullet,60+0,twitta,beatmeeasy,1903,1910,,,HUMAN_vs_HUMAN,1-0,A41,89
hGHLqs4T,Rated Bullet game,Bullet,60+0,cxrloz2000,Kazi_Salauddin1980,1721,1735,,,HUMAN_vs_HUMAN,0-1,B19,72
GnmzrR48,Rated Bullet game,Bullet,60+0,Peon-Hiperactivo,matin97531,1308,1341,,,HUMAN_vs_HUMAN,0-1,C65,24
i61IDLNE,Rated Bullet game,Bullet,60+0,BobbyJohnson12,Naanox,2018,1956,,,HUMAN_vs_HUMAN,0-1,B06,36
QuLiNrxu,Rated Bullet game,Bullet,60+0,NikitaZelenyi,R3flex_Official,1009,1032,,,HUMAN_vs_HUMAN,1-0,C40,53
SmcWWDZV,Rated Rapid game,Rapid,600+0,Kuchip,mortoni,1909,1933,,,HUMAN_vs_HUMAN,1-0,C55,57
1H2tt84a,Rated Rapid game,Rapid,600+0,MrBrokolicePolni,livingfailure-d,2370,2294,,,HUMAN_vs_HUMAN,1-0,B07,87
qnf8WYwI,Rated Rapid game,Rapid,600+0,marduk12,savant002,1055,1025,,,HUMAN_vs_HUMAN,1-0,B00,117
swNA03hN,Rated Rapid game,Rapid,600+0,DannyGloverJr,Dr-Perfect,1157,1161,,,HUMAN_vs_HUMAN,1-0,A00,25
K2QZqkgO,Rated Rapid game,Rapid,600+0,petrobert,paulreid68,1502,1499,,,HUMAN_vs_HUMAN,0-1,C00,116
diU5CbZ8,Rated Rapid game,Rapid,600+0,Chukxsemmy,i3amcadadiasoymejor,1664,1571,,,HUMAN_vs_HUMAN,1-0,A00,24
GkxPK4g0,Rated Bullet game,Bullet,60+0,Kaycee1221,nopopjustrap,1691,1697,,,HUMAN_vs_HUMAN,1-0,B00,51
X0ddW4XN,Rated Bullet game,Bullet,60+0,vikingo2b,chespirito2023,1425,1446,,,HUMAN_vs_HUMAN,1-0,A02,47
9bSw9kK5,Rated Bullet game,Bullet,60+0,MohammadAllan,Aaryan98,2546,2472,,CM,HUMAN_vs_HUMAN,0-1,B00,82
ho01HT2M,Rated Bullet game,Bullet,60+0,MrElhani_08,Mykola2413,2283,2365,,,HUMAN_vs_HUMAN,1-0,B01,85
fzDLbG0N,Rated Bullet game,Bullet,60+0,yamidb18,EyeKey29,1912,1910,,,HUMAN_vs_HUMAN,1-0,B01,79
AovnBBOK,Rated Bullet game,Bullet,60+0,Natarov,EvgenyYa,1858,1839,,,HUMAN_vs_HUMAN,1-0,B40,89
Xbb5BIHo,Rated Bullet game,Bullet,60+0,danlrs,saadlh10,1233,1231,,,HUMAN_vs_HUMAN,0-1,B01,64
8Y5osy7U,Rated Bullet game,Bullet,60+0,janilson10,Anas_Waled90,1008,946,,,HUMAN_vs_HUMAN,1-0,B00,65
GfRwLYbr,Rated Bullet game,Bullet,60+0,anaswagih3,GuaxinimGamer,1366,1380,,,HUMAN_vs_HUMAN,1-0,C00,29
VAjs79lI,Rated Bullet game,Bullet,60+0,DEREWO44,P1wn,1961,1962,,,HUMAN_vs_HUMAN,1-0,A46,83
itVj74fk,Rated Bullet game,Bullet,60+0,demman32,AMINETHEBOSS,1290,1289,,,HUMAN_vs_HUMAN,0-1,A40,48
b1jyuRCg,Rated Bullet game,Bullet,60+0,tiagofaraoh,ahmadzalat,2185,2162,,,HUMAN_vs_HUMAN,0-1,B06,90
6OnVG9j5,Rated Bullet game,Bullet,60+0,Rerereggie,gurplusmohan,2131,2139,,,HUMAN_vs_HUMAN,0-1,D20,64
UaP877ZD,Rated Bullet game,Bullet,60+0,simmam,AdrianCotirta,1738,1767,,,HUMAN_vs_HUMAN,1-0,D63,51
e9unWwWd,Rated Bullet game,Bullet,60+0,jacmos3,mgr909,1737,1721,,,HUMAN_vs_HUMAN,0-1,A06,46
MCpUa5Dd,Rated Blitz game,Blitz,300+0,PeraMilosevic,menrad13,2153,2161,,,HUMAN_vs_HUMAN,1-0,D30,57
GU9mhLpq,Rated Blitz game,Blitz,300+0,Chalepogba,nene1950,995,1040,,,HUMAN_vs_HUMAN,1/2-1/2,C41,82
kBYK5hDx,Rated Blitz game,Blitz,300+0,rimbambito48,GaboFA,1960,2031,,,HUMAN_vs_HUMAN,0-1,D31,78
muFbFsSh,Rated Blitz game,Blitz,300+0,Carine_marton,Limon98,1297,1325,,,HUMAN_vs_HUMAN,1-0,C00,56
Owtr6tYc,Rated Blitz game,Blitz,300+0,Kanalcaca,Mxolisi007,1382,1428,,,HUMAN_vs_HUMAN,1/2-1/2,D00,100
IiKnMVY5,Rated Blitz game,Blitz,300+0,oscarjnp26,APAREG,1822,1812,,,HUMAN_vs_HUMAN,1-0,C00,47
3rjgmaQD,Rated Blitz game,Blitz,300+0,wonstepahead,zbig4,1831,1848,,,HUMAN_vs_HUMAN,0-1,C00,38
C3vAatm9,Rated Blitz game,Blitz,300+0,nagypuli,FerBru86,1561,1548,,,HUMAN_vs_HUMAN,0-1,A40,66
QJw8zg1P,Rated Blitz game,Blitz,300+0,Foesmasher,Kleiner-Patzer,1959,1939,,,HUMAN_vs_HUMAN,0-1,B21,54
k1ZCeZnN,Rated Blitz game,Blitz,300+0,sparkwill,PerezRo,1911,1911,,,HUMAN_vs_HUMAN,1-0,D02,87
txChocYZ,Rated Blitz game,Blitz,300+0,JuCarvajalH,shanecoles,1044,1064,,,HUMAN_vs_HUMAN,1-0,C25,115
Q7LfVAFn,Rated Blitz game,Blitz,300+0,Cypress_Point,stopusingourwifi,1292,1251,,,HUMAN_vs_HUMAN,1-0,C30,33
wGYUnBBa,Rated Blitz game,Blitz,300+0,Rescuemyguitars,One_Capi,2256,2238,,,HUMAN_vs_HUMAN,0-1,A30,94
Pc0zlw6K,Rated Blitz game,Blitz,300+0,omarw,yakalipin,1797,1723,,,HUMAN_vs_HUMAN,1-0,C47,47
mWrhREjT,Rated Blitz game,Blitz,300+0,Lord_gore,Marcoss5,1672,1573,,,HUMAN_vs_HUMAN,1-0,D02,69
8TVwt5Te,Rated Blitz game,Blitz,300+0,morphyms1817,Anderson157,1139,1245,,,HUMAN_vs_HUMAN,0-1,A25,62
ZZkXwOME,Rated Blitz game,Blitz,300+0,goodbraindude,naillora,571,620,,,HUMAN_vs_HUMAN,1-0,C20,89
U8aYml4i,Rated Blitz game,Blitz,300+0,francimen,chess_Pozo,1836,1834,,,HUMAN_vs_HUMAN,0-1,B50,58
EYWIqPfr,Rated Blitz game,Blitz,180+0,CRISTIANMAX2023,zeenret,2059,2028,,,HUMAN_vs_HUMAN,0-1,A82,36
GmmzwPtj,Rated Blitz game,Blitz,180+0,sebachess777,A1A1A1Z1Z1,2104,2135,,,HUMAN_vs_HUMAN,0-1,A00,82
e23Of0bS,Rated Blitz game,Blitz,180+0,LGauche,Nicky_Domondon55,1995,1944,,,HUMAN_vs_HUMAN,0-1,C50,42
rYcoSd9z,Rated Blitz game,Blitz,180+0,Jessil,each1teach1,1745,1747,,,HUMAN_vs_HUMAN,0-1,C50,170
fFQxUCHC,Rated Blitz game,Blitz,180+0,Bassenbart,delgadoduarte79,2082,2080,,,HUMAN_vs_HUMAN,1-0,A00,51
vg57ABPQ,Rated Blitz game,Blitz,180+0,Jorgeblumen,Atishay7,1557,1547,,,HUMAN_vs_HUMAN,1-0,B01,48
hgpVUOCL,Rated Blitz game,Blitz,180+0,DavidCarreon,algomas,1800,1857,,,HUMAN_vs_HUMAN,0-1,D00,49
oaiafsNq,Rated Blitz game,Blitz,180+0,thomasito1968,AmanKhinda,2176,2199,,,HUMAN_vs_HUMAN,1-0,A40,86
lV9rh2Vn,Rated Blitz game,Blitz,180+0,yburrats,yesidchess1,1824,1804,,,HUMAN_vs_HUMAN,1-0,A00,99
x1oUniBh,Rated Blitz game,Blitz,180+0,lanpassan,danplug,947,1028,,,HUMAN_vs_HUMAN,1-0,C50,61
j2aX7oIs,Rated Blitz game,Blitz,180+0,uwegarz,ovk_007,1569,1565,,,HUMAN_vs_HUMAN,0-1,B00,76
lFp5to0m,Rated Blitz game,Blitz,180+0,isvani,ReiferTara,2294,2283,,,HUMAN_vs_HUMAN,1-0,A80,107
xUBP0qMa,Rated Blitz game,Blitz,180+0,Nundhaki,sequor_kairos,1926,1896,,,HUMAN_vs_HUMAN,0-1,D00,42
NOxYw2WK,Rated Blitz game,Blitz,180+0,thebillsfly,bhathi96,1865,1871,,,HUMAN_vs_HUMAN,1-0,B00,7
0PeFGcZM,Rated Blitz game,Blitz,180+0,riverdoc,suzy8260,1214,1213,,,HUMAN_vs_HUMAN,1-0,C00,29
5WAdyoIM,Rated Bullet game,Bullet,120+1,Harryjan,svyatoslavstrelnikov,1757,1715,,,HUMAN_vs_HUMAN,0-1,A00,88
8MNb1AgA,Rated Blitz game,Blitz,300+3,marcosanton,fernanvarco,1487,1460,,,HUMAN_vs_HUMAN,1-0,C60,53
eW7wRTgs,Rated Blitz game,Blitz,300+3,sandiegoplayer,gambit9,1966,1940,,,HUMAN_vs_HUMAN,0-1,B23,60
IZkj6ZfO,Rated Blitz game,Blitz,300+3,walid197,FriskyHamTitz,1443,1433,,,HUMAN_vs_HUMAN,1/2-1/2,C23,129
VUwwU01n,Rated Blitz game,Blitz,300+3,Alex9114000,Guhin,1306,1244,,,HUMAN_vs_HUMAN,0-1,A45,42
4MNyS3d6,Rated Blitz game,Blitz,300+3,RichHomieBlake,Alexander_Tim,1184,1258,,,HUMAN_vs_HUMAN,0-1,C53,132
5O7R47G5,Rated Blitz game,Blitz,300+3,mansouribrhm,AjedrezToday,1693,1689,,,HUMAN_vs_HUMAN,0-1,B20,72
sv0w4Xhx,Rated Blitz game,Blitz,300+3,hector2121,skdas3494,1523,1564,,,HUMAN_vs_HUMAN,1-0,B00,79
bNCxMglP,Rated Blitz game,Blitz,300+3,dink07d,oddbpet,1103,1151,,,HUMAN_vs_HUMAN,1-0,A45,65
c1DKCm78,Rated Blitz game,Blitz,300+3,pipolag,sebastianbara,1070,1084,,,HUMAN_vs_HUMAN,0-1,C47,74
WX55txOk,Rated Blitz game,Blitz,180+0,lerugrufyat,nibalnibal1,1157,1157,,,HUMAN_vs_HUMAN,0-1,C22,78
x56Of0bM,Rated Blitz game,Blitz,180+0,major3000,ineverran,2035,2030,,,HUMAN_vs_HUMAN,0-1,C50,52
Eu0PymVb,Rated Blitz game,Blitz,180+0,matthieu_dambrain,KaomaGift,2078,2042,,,HUMAN_vs_HUMAN,0-1,C41,90
fX5gSzzp,Rated Blitz game,Blitz,180+0,arturozheng,bishopjone,1791,1800,,,HUMAN_vs_HUMAN,0-1,C41,64
YHW0MAUg,Rated Blitz game,Blitz,180+0,apo_123456,BABYSHUNAN1,1912,1780,,,HUMAN_vs_HUMAN,1-0,D06,59
GEYyLJgG,Rated Blitz game,Blitz,180+0,Athena75078,ChessFreggel,974,1023,,,HUMAN_vs_HUMAN,1-0,B00,45
8gVbfeVl,Rated Blitz game,Blitz,180+0,josquim,HekkeHijs,2002,2003,,,HUMAN_vs_HUMAN,0-1,B22,120
HTxBY0tZ,Rated Blitz game,Blitz,180+0,llwarriorll,ppsprin,2192,2168,,,HUMAN_vs_HUMAN,1-0,B00,101
8oo9hWX5,Rated Blitz game,Blitz,180+2,homerAK,Enxadrista87,2295,2296,,,HUMAN_vs_HUMAN,1-0,C14,55
0ohj7C9v,Rated Bullet game,Bullet,60+0,wintervault,Bajanista,2442,2483,,,HUMAN_vs_HUMAN,1-0,D00,123
NGuHcd1d,Rated Blitz game,Blitz,180+1,gmfercho,Lilsnottynose,1840,1890,,,HUMAN_vs_HUMAN,1-0,A20,81
2bOKfsAI,Rated Bullet game,Bullet,60+0,ahmedtarek_53,Foccusntrate,1886,1920,,,HUMAN_vs_HUMAN,1-0,A40,143
eFugMq3R,Rated Bullet game,Bullet,60+0,AlexIvanovich,kabo239,2002,2051,,,HUMAN_vs_HUMAN,0-1,B01,84
MNyjqvsd,Rated Bullet game,Bullet,60+0,borgchess9,johnivanov928,1643,1534,,,HUMAN_vs_HUMAN,1-0,A40,77
mtwgnTdN,Rated Bullet game,Bullet,60+0,efrosort6,Mibern,1077,1016,,,HUMAN_vs_HUMAN,1-0,C44,23
S7e8EBDc,Rated Bullet game,Bullet,60+0,Pjgalope,caturMembosankan,2069,2095,,,HUMAN_vs_HUMAN,1-0,C01,81
5LOaEWbZ,Rated Bullet game,Bullet,60+0,mataco2,MihranMuschexi22,1663,1662,,,HUMAN_vs_HUMAN,1-0,C02,61
74f1gtdz,Rated Bullet game,Bullet,60+0,MaYEEt,ramdomname95,935,846,,,HUMAN_vs_HUMAN,0-1,D07,36
PfX7qe6k,Rated Bullet game,Bullet,60+0,Dmitrij1S,Breggida,974,962,,,HUMAN_vs_HUMAN,1-0,C23,11
15a6tv0S,Rated Bullet game,Bullet,60+0,tomislavke,cfdticom,2096,2156,,,HUMAN_vs_HUMAN,1-0,A00,55
FqJtxOR5,Rated Bullet game,Bullet,60+0,vasykor,vishwa108,1975,1982,,,HUMAN_vs_HUMAN,0-1,A40,80
2dFN6yl9,Rated Bullet game,Bullet,60+0,tentacular,CrudeMonteCarlo,1882,1867,,,HUMAN_vs_HUMAN,1-0,A06,79
ZgrrofUz,Rated Bullet game,Bullet,60+0,CP_Bryan,sbenz2,1243,1251,,,HUMAN_vs_HUMAN,1-0,C20,49
sWzfPI72,Rated Bullet game,Bullet,60+0,caneca,shrijoshi1975,1196,1194,,,HUMAN_vs_HUMAN,1-0,C41,57
y8NYAFXB,Rated Bullet game,Bullet,60+0,AmroSaucy124,McHempett,1699,1798,,,HUMAN_vs_HUMAN,0-1,C00,100
WbL3f1Uk,Rated Bullet game,Bullet,60+0,MohammedChess636,BlastedBiggs,1178,1093,,,HUMAN_vs_HUMAN,0-1,C22,40
Myp1iMLN,Rated Bullet game,Bullet,60+0,badboy2004,recife-chess-player,1841,1803,,,HUMAN_vs_HUMAN,1-0,B12,101
uOl46Yil,Rated Bullet game,Bullet,60+0,KillTheWhales,guter66,2231,2158,,,HUMAN_vs_HUMAN,0-1,C23,78
0yogROAW,Rated Bullet game,Bullet,60+0,sirozha,queen_whooper,1971,2082,,,HUMAN_vs_HUMAN,1-0,A00,50
RqcOsYKs,Rated Bullet game,Bullet,30+0,HejDu,Cat_in_hat,2102,3003,,,HUMAN_vs_HUMAN,0-1,B21,66
fkbwU7DV,Rated UltraBullet game,UltraBullet,15+0,tuc088,Loneclone,978,568,,,HUMAN_vs_HUMAN,0-1,B10,46
khukxuWq,Rated Blitz game,Blitz,180+0,sensayme,Just12year,1775,1820,,,HUMAN_vs_HUMAN,1/2-1/2,B00,73
Mp3ElCS2,Rated Blitz game,Blitz,180+0,asran1323,yoanab,1678,1597,,,HUMAN_vs_HUMAN,1-0,B01,73
phZqOrDu,Rated Blitz game,Blitz,180+0,gerapi,pavpet123,1304,1290,,,HUMAN_vs_HUMAN,0-1,D05,60
pVHQNXbd,Rated Blitz game,Blitz,180+0,elyarshohrat82,capitanLeidenz,1907,1878,,,HUMAN_vs_HUMAN,1-0,A53,83
DaF8yQ5z,Rated Blitz game,Blitz,180+0,qualischess,alexcabib2024,2412,2307,,,HUMAN_vs_HUMAN,0-1,B37,82
osY5HXAe,Rated Blitz game,Blitz,180+0,Lama25,Capital78,2040,2039,,,HUMAN_vs_HUMAN,0-1,B21,62
plOo7HKH,Rated Blitz game,Blitz,180+0,cicciomio,berkaypirlanta,1580,1521,,,HUMAN_vs_HUMAN,1-0,A40,91
wLpCtQ2J,Rated Blitz game,Blitz,180+0,Bilbo58,tirespeed,1400,1385,,,HUMAN_vs_HUMAN,0-1,C00,88
DIyaPLju,Rated Blitz game,Blitz,180+0,gjkff,Amejp,1864,1974,,,HUMAN_vs_HUMAN,0-1,B50,76
QcGPXfmU,Rated Blitz game,Blitz,180+0,anliberant,simekeza-namoto_01,1847,1838,,,HUMAN_vs_HUMAN,1-0,C00,23
dvzMfVfP,Rated Blitz game,Blitz,180+0,Brutalo,Papalukas53,2239,2237,,,HUMAN_vs_HUMAN,0-1,D13,134
mgc3IGxL,Rated Blitz game,Blitz,180+0,iknowyoursecret,agsandroid,1471,1497,,,HUMAN_vs_HUMAN,0-1,A01,116
ZqrtINQR,Rated Blitz game,Blitz,180+0,test-2,Le-Petit-Pion,2058,2047,,,HUMAN_vs_HUMAN,1-0,C02,71
cy1NUbZx,Rated Blitz game,Blitz,300+0,Geranboy,Orientman,1948,1964,,,HUMAN_vs_HUMAN,0-1,D02,90
Vuyd7vIe,Rated Rapid game,Rapid,1200+5,bronekrolik,mariahernandez138,1529,1633,,,HUMAN_vs_HUMAN,0-1,A40,98
HpdqTI81,Rated Blitz game,Blitz,180+0,LordMolina76,puthalapattuvamsi,1480,1429,,,HUMAN_vs_HUMAN,0-1,C20,98
nCtDt6Dq,Rated Bullet game,Bullet,60+0,gustavo1907,Budai1986,2157,2133,,,HUMAN_vs_HUMAN,1-0,A01,115
NAxOLZe3,Rated Blitz game,Blitz,180+0,jadianaja,bosniano,2148,2191,,,HUMAN_vs_HUMAN,0-1,C11,74
Ulr1GBA4,Rated Blitz game,Blitz,300+0,tambay54,Eggscalibur,1826,1768,,,HUMAN_vs_HUMAN,0-1,A84,126
g7OuhoHr,Rated Blitz game,Blitz,300+0,AGBOLOJO,muadi,1728,1760,,,HUMAN_vs_HUMAN,0-1,A01,90
AOrWt1BN,Rated Blitz game,Blitz,300+0,Barratiero,jdilla4,1542,1530,,,HUMAN_vs_HUMAN,1-0,B06,147
pda1R8RT,Rated Blitz game,Blitz,300+0,Butterfly111,DAVIS_9999,1275,1229,,,HUMAN_vs_HUMAN,1-0,D00,59
BZ4z4z8f,Rated Blitz game,Blitz,300+0,oenochristo,OsoExtrano,1277,1317,,,HUMAN_vs_HUMAN,0-1,A40,106
CaZp9wqA,Rated Blitz game,Blitz,300+0,Gyanu430,zoranpantelic,1832,1853,,,HUMAN_vs_HUMAN,0-1,C00,65
18iK8HQz,Rated Blitz game,Blitz,300+0,Cap-Noham,nimzoforever,833,842,,,HUMAN_vs_HUMAN,0-1,C46,30
41uZ7JNA,Rated Blitz game,Blitz,300+0,Heisenberg-A1,acrrd,1153,1145,,,HUMAN_vs_HUMAN,0-1,C46,74
inlr9Icg,Rated Blitz game,Blitz,300+0,Cipee,egorcarlsen,1403,1374,,,HUMAN_vs_HUMAN,1-0,C44,25
cem5dDLE,Rated Blitz game,Blitz,300+0,juvoy_mygjchina,wilburhong,1976,1979,,,HUMAN_vs_HUMAN,0-1,C41,100
2wWAU4O0,Rated Blitz game,Blitz,300+0,redpepsi,MatheoC,1579,1579,,,HUMAN_vs_HUMAN,0-1,D00,57
tROYQNsQ,Rated Blitz game,Blitz,300+0,djnaldinho,wilson_chan1,1408,1446,,,HUMAN_vs_HUMAN,1-0,B00,107
BySRVbUj,Rated Blitz game,Blitz,300+0,sirtroglodyte,danielflomont,1081,1085,,,HUMAN_vs_HUMAN,1-0,B20,39
3mR6sRjs,Rated Blitz game,Blitz,300+0,elgermany,Nehawagh,1174,1154,,,HUMAN_vs_HUMAN,0-1,A00,98
P7qulzio,Rated Blitz game,Blitz,300+0,spritk,Absolute6969,1668,1500,,,HUMAN_vs_HUMAN,1-0,B00,39
BOKfQ2VI,Rated Bullet game,Bullet,60+0,ThatBulletGuy,DrCooool,1996,2064,,,HUMAN_vs_HUMAN,0-1,B00,48
52gG3ipe,Rated Bullet game,Bullet,60+0,badbishop22,ArdaBltlii,1880,1885,,,HUMAN_vs_HUMAN,1/2-1/2,C69,115
ARtWtVbv,Rated Bullet game,Bullet,60+0,Morlis,Gabboroti,1344,1359,,,HUMAN_vs_HUMAN,1-0,A00,53
13FFTnVM,Rated Bullet game,Bullet,60+0,paulanatol,Felipe_Tellez,1861,1873,,,HUMAN_vs_HUMAN,1-0,A06,39
xUeYu3GG,Rated Bullet game,Bullet,60+0,Magnusdetabasco,Guybrush_Monkey,2154,2126,,,HUMAN_vs_HUMAN,0-1,D02,114
C6EdzN9o,Rated Bullet game,Bullet,60+0,Felipe1731,IAMTHENEXTCARLSEN,1938,1970,,,HUMAN_vs_HUMAN,0-1,D38,32
yxR4l9YA,Rated Bullet game,Bullet,60+0,chrisohyeah,fanudoc7,1933,1932,,,HUMAN_vs_HUMAN,1-0,B01,79
3z5wQJ9c,Rated Bullet game,Bullet,60+0,adewel,iamonkfcwifi,1080,1026,,,HUMAN_vs_HUMAN,1-0,C23,43
HUe2siCA,Rated Bullet game,Bullet,60+0,ArclightKami,edrocks,2113,2120,,,HUMAN_vs_HUMAN,0-1,B54,60
cjOj85UI,Rated Bullet game,Bullet,60+0,Goldenzmith,Cfrkrby,1797,1843,,,HUMAN_vs_HUMAN,1-0,C40,55
pDQ2EHdj,Rated Bullet game,Bullet,60+0,BelZem,Raf_Co,1549,1641,,,HUMAN_vs_HUMAN,1-0,C30,71
A6gY1WWn,Rated Bullet game,Bullet,60+0,bearclaw123,sholeboitshepo,1679,1649,,,HUMAN_vs_HUMAN,0-1,C62,76
VGLDm80s,Rated Bullet game,Bullet,60+0,Iwinuwin,ya30kgofrage,1110,1130,,,HUMAN_vs_HUMAN,1-0,B10,83
VL8uak51,Rated Blitz game,Blitz,300+0,Slava2491,D_D88dama,1142,1029,,,HUMAN_vs_HUMAN,0-1,C47,66
JKN8YYHp,Rated Blitz game,Blitz,300+0,jsatterfield,capt4231,1021,1007,,,HUMAN_vs_HUMAN,1-0,D00,65
IhGLhkns,Rated UltraBullet game,UltraBullet,15+0,arqcap,lichinut,1657,1649,,,HUMAN_vs_HUMAN,0-1,A00,62
QWbJOxRu,Rated Rapid game,Rapid,900+0,siles63,eeniemeeniemineymo,1469,1384,,,HUMAN_vs_HUMAN,1-0,C44,57
Hmq6dzpF,Rated Rapid game,Rapid,480+0,NeabK,BarcaOwl,694,1006,,,HUMAN_vs_HUMAN,1/2-1/2,A30,78
0T1HvFR9,Rated Blitz tournament https://lichess.org/tournament/DAthlqDF,Blitz,180+1,nitosbra,Khagoev,1673,2115,,,HUMAN_vs_HUMAN,1-0,B07,113
1wiBMArT,Rated Bullet tournament https://lichess.org/tournament/PGhLFVdQ,Bullet,60+0,Lunanidio,nathanael31,2201,2153,,,HUMAN_vs_HUMAN,1-0,D02,89
GdNyTvlY,Rated Blitz game,Blitz,180+0,Darth__Nihilus,dreamdim1,2469,2422,,,HUMAN_vs_HUMAN,1/2-1/2,A00,131
SPWQMIyV,Rated Blitz game,Blitz,180+0,robloxninja113,cv-1998-vc3,1638,1619,,,HUMAN_vs_HUMAN,1-0,B30,37
BiWvRW6H,Rated Blitz game,Blitz,180+0,DATSSSKII,alans07,1410,1410,,,HUMAN_vs_HUMAN,1-0,A00,123
XkthNslV,Rated Blitz game,Blitz,180+0,Tonyjas,DonaldTrompowsky,1957,1986,,,HUMAN_vs_HUMAN,1-0,D06,13
IqWcrsnh,Rated Blitz game,Blitz,180+0,AARON099,Ebumeyang,1185,1168,,,HUMAN_vs_HUMAN,0-1,B00,44
172qGmRh,Rated Blitz game,Blitz,180+0,Ivan_Bodnaruk,ArkhamBatgoat,1532,1684,,,HUMAN_vs_HUMAN,1-0,C50,91
AM2q0vp8,Rated Blitz game,Blitz,180+0,Sucher17,R4ulSantos,1241,1251,,,HUMAN_vs_HUMAN,1-0,A00,71
8VbEBI36,Rated Blitz game,Blitz,180+0,Jaz-O,jroend,1847,1752,,,HUMAN_vs_HUMAN,1-0,C43,63
kLLqfOXw,Rated Blitz game,Blitz,180+0,jfacar,MarioForce,2118,2176,,,HUMAN_vs_HUMAN,1-0,A01,91
C9jtUUyO,Rated Blitz game,Blitz,180+0,iruales,khaledaliii,1196,1206,,,HUMAN_vs_HUMAN,0-1,D02,76
ElvQLlt0,Rated Blitz game,Blitz,180+0,BotezGambitter,Dani_Silva107,1643,1656,,,HUMAN_vs_HUMAN,1-0,A00,19
3bDWbWv5,Rated Blitz game,Blitz,180+0,BLACKPACO_162UI,Fightinoirish,1981,1980,,,HUMAN_vs_HUMAN,0-1,C00,60
t3PqUdAj,Rated Blitz game,Blitz,180+0,Jimpanzee4048,mdzomba,1564,1618,,,HUMAN_vs_HUMAN,1-0,B23,47
5tWwRrQP,Rated Blitz game,Blitz,180+0,enderyi,KeningauSabah,1729,1739,,,HUMAN_vs_HUMAN,1/2-1/2,A43,92
lXVvoNZy,Rated Blitz game,Blitz,180+0,KasparowTrainee13,jpeghere,1309,1299,,,HUMAN_vs_HUMAN,0-1,C46,126
fVxHnyws,Rated Blitz game,Blitz,180+0,LucidNotes,ClubMichis,1688,1666,,,HUMAN_vs_HUMAN,1-0,C21,71
uEwwolRX,Rated Blitz game,Blitz,180+2,karnas74,GhassanYemen,1598,1524,,,HUMAN_vs_HUMAN,1-0,D03,161
i8oirZ31,Rated Rapid game,Rapid,600+0,Antoine_Cortes19,gringo972,1440,1402,,,HUMAN_vs_HUMAN,0-1,C42,54
GTgrJYIQ,Rated Rapid game,Rapid,600+0,David8281,Snooopy_007,2001,2122,,,HUMAN_vs_HUMAN,0-1,B06,56
gdSdKCZA,Rated Rapid game,Rapid,600+0,erdi,PabloDangelo,2154,2252,,,HUMAN_vs_HUMAN,0-1,B23,82
SbVqbLaY,Rated Rapid game,Rapid,600+0,FloKannNix,majastentrup,853,871,,,HUMAN_vs_HUMAN,1-0,C50,85
ctVHbW86,Rated Rapid game,Rapid,600+0,JoeRad,Killua_444,1876,1842,,,HUMAN_vs_HUMAN,0-1,C68,48
ioLAr5rf,Rated Rapid game,Rapid,600+0,hamidrahma,eor_reis,1792,1821,,,HUMAN_vs_HUMAN,1-0,A45,67
NFpIZMrc,Rated Rapid game,Rapid,600+0,hadiTop,koosio,1140,1078,,,HUMAN_vs_HUMAN,1-0,C40,65
zRnmhLrK,Rated Rapid game,Rapid,600+0,zulus991,reedio,1289,1316,,,HUMAN_vs_HUMAN,1-0,C44,23
u7K8sCbv,Rated Rapid game,Rapid,600+0,morifo29,Bamlopes,1257,1267,,,HUMAN_vs_HUMAN,1-0,D00,43
IrhQ8aPM,Rated Rapid game,Rapid,600+0,Dartez,skryly,1443,1365,,,HUMAN_vs_HUMAN,1/2-1/2,B00,108
AukGSGEC,Rated Rapid game,Rapid,600+0,OCMABI,nrgoud146,1489,1475,,,HUMAN_vs_HUMAN,0-1,D06,80
xdm8KgVP,Rated Rapid game,Rapid,600+0,WWW24,Jacques777,1532,1555,,,HUMAN_vs_HUMAN,1-0,C24,55
1uISuW5r,Rated Rapid game,Rapid,600+0,karanmean,poweramp480,1620,1622,,,HUMAN_vs_HUMAN,1-0,B10,49
Aleoqqam,Rated Rapid game,Rapid,600+0,krondor,Mahmoud_Mootaz,1645,1626,,,HUMAN_vs_HUMAN,1-0,D00,47
2FL90Opr,Rated Rapid game,Rapid,900+10,noelzimba56,mortuissss,1178,1276,,,HUMAN_vs_HUMAN,1-0,D02,35
G871dsUM,Rated Rapid game,Rapid,900+10,moublet,Giraff55,1820,1757,,,HUMAN_vs_HUMAN,1-0,C40,60
orhNWp78,Rated Rapid game,Rapid,900+10,Timmmmi,glorious74,1629,1626,,,HUMAN_vs_HUMAN,1/2-1/2,B22,128
fr5Y5qIu,Rated Blitz game,Blitz,300+0,MaximMaxim111,Wetwilly108,1389,1353,,,HUMAN_vs_HUMAN,1-0,C62,89
8fGgcGPJ,Rated Blitz game,Blitz,300+0,Guerrero9,J_Rod,1520,1501,,,HUMAN_vs_HUMAN,0-1,B30,66
MiwWOrPp,Rated Blitz game,Blitz,300+0,kasparuimov,N8titus,1438,1473,,,HUMAN_vs_HUMAN,1-0,C45,49
h0KcKZR0,Rated Blitz game,Blitz,300+0,S_RI,topetopetope,1946,1957,,,HUMAN_vs_HUMAN,0-1,C00,56
iS1ON6cf,Rated Blitz game,Blitz,300+0,Ermorden,mikychess36,1868,1935,,,HUMAN_vs_HUMAN,0-1,D55,170
bAFmXMF6,Rated Blitz game,Blitz,300+0,Dashapa,mopositivity,1046,1141,,,HUMAN_vs_HUMAN,0-1,C44,34
Jc3I6mwQ,Rated Blitz game,Blitz,300+0,Vendedor,Kels-kayb,1618,1608,,,HUMAN_vs_HUMAN,0-1,B20,32
JQ6qxqPZ,Rated Blitz game,Blitz,300+0,KDAVEY,vra05,1331,1298,,,HUMAN_vs_HUMAN,0-1,B10,116
2FEnRcK7,Rated Blitz game,Blitz,300+0,RB55,Jeff_Starkmann,1841,1840,,,HUMAN_vs_HUMAN,1-0,C23,61
9HxLnKc2,Rated Blitz game,Blitz,300+0,rusiankiller,juanborges59,2135,2064,,,HUMAN_vs_HUMAN,0-1,E61,90
PzNJtuz5,Rated Blitz game,Blitz,300+0,ClanMcRae,e_5k6,1088,1131,,,HUMAN_vs_HUMAN,1-0,B06,19
h3hRqbnZ,Rated Blitz game,Blitz,300+0,kristijand,benitezleonel,1707,1724,,,HUMAN_vs_HUMAN,1-0,B21,55
0t3IZP9g,Rated Rapid game,Rapid,600+0,Barkas216,dodik48rus,1687,1699,,,HUMAN_vs_HUMAN,0-1,C00,68
h39asQHo,Rated Rapid game,Rapid,600+0,esmail_shir,antoniocust,1568,1597,,,HUMAN_vs_HUMAN,1-0,C40,49
9skqeVKJ,Rated Rapid game,Rapid,600+0,loncho58,maestro_rabbittry01,1988,1978,,,HUMAN_vs_HUMAN,0-1,B00,72
vSTTlR6J,Rated Rapid game,Rapid,600+0,abdulrhman-ashraf,Omariroo,1834,1811,,,HUMAN_vs_HUMAN,0-1,D01,54
HPQHokEp,Rated Rapid game,Rapid,600+0,Hammi13,Proximatura,1093,1158,,,HUMAN_vs_HUMAN,0-1,C26,20
KNOozpah,Rated Rapid game,Rapid,600+0,DragonXlayer09,TuaPapua789,1632,1626,,,HUMAN_vs_HUMAN,1-0,B32,119
r5CFN53O,Rated Rapid game,Rapid,600+0,znarf7,bauti_maidana,1702,1718,,,HUMAN_vs_HUMAN,1-0,A00,41
OdeNfkUx,Rated Rapid game,Rapid,600+0,El_Andrei26,zaid-mahdi,1538,1531,,,HUMAN_vs_HUMAN,1/2-1/2,C44,111
iMnlo2cc,Rated Rapid game,Rapid,600+0,MiloslavasGrandson,ElnurCeferli,1742,1799,,,HUMAN_vs_HUMAN,1-0,C41,113
oGwV9yrB,Rated Rapid game,Rapid,600+0,Radash14,dunkelroterfaden,986,1036,,,HUMAN_vs_HUMAN,0-1,C00,56
gphzuGsj,Rated Rapid game,Rapid,600+0,Iramabif,Milioli,1660,1645,,,HUMAN_vs_HUMAN,1-0,B20,50
cekGo9eq,Rated Rapid game,Rapid,600+0,DenisAlejandro,korvin222,1941,1933,,,HUMAN_vs_HUMAN,0-1,A40,128
QvjmuYhN,Rated Bullet game,Bullet,60+0,mordering,nn1133,2256,2321,,,HUMAN_vs_HUMAN,1-0,B50,19
D5VSt1eQ,Rated Bullet game,Bullet,60+0,DorianTelsa0,Many-Faced,2068,2033,,,HUMAN_vs_HUMAN,0-1,D02,86
S37FhQUs,Rated Bullet game,Bullet,60+0,AakashWani,pepepito,1946,1851,,,HUMAN_vs_HUMAN,0-1,B01,80
wqOmO4Y5,Rated Bullet game,Bullet,60+0,michael_knight,sokiskatA,1586,1579,,,HUMAN_vs_HUMAN,0-1,C30,56
Z9IUCmnE,Rated Bullet game,Bullet,60+0,finitegroupoforder2,blezg,1802,1769,,,HUMAN_vs_HUMAN,0-1,A00,20
mIQlbVff,Rated Bullet game,Bullet,60+0,Seneca01,D1023C,1556,1542,,,HUMAN_vs_HUMAN,1-0,A40,57
ithGmVmf,Rated Bullet game,Bullet,60+0,Adamsmithv2,JaadurBobava,2088,2112,,,HUMAN_vs_HUMAN,0-1,A00,98
dPEphOuc,Rated Bullet game,Bullet,60+0,Urochess,rororoms,2493,2500,FM,NM,HUMAN_vs_HUMAN,0-1,D04,50
iYnYT933,Rated Bullet game,Bullet,60+0,jerome-morrow,johnnybegood,1839,1848,,,HUMAN_vs_HUMAN,0-1,A40,76
XdsbnEyH,Rated Bullet game,Bullet,60+0,zavalaorlan,dereito,2394,2485,,FM,HUMAN_vs_HUMAN,0-1,B01,56
b2qfDwuF,Rated Bullet game,Bullet,60+0,elwahsh2,israelMtz19,1803,1834,,,HUMAN_vs_HUMAN,1-0,A01,83
HLp8gz1D,Rated Bullet game,Bullet,60+0,gera_08_78,Retnevednav,1521,1516,,,HUMAN_vs_HUMAN,1-0,D02,69
N7mW4ZxB,Rated Bullet game,Bullet,60+0,Galaretkowy,Stormikus,1279,1273,,,HUMAN_vs_HUMAN,1-0,B00,57
BaL6xMz4,Rated Bullet game,Bullet,60+0,AngelGarcia19,Kingland,2055,2060,,,HUMAN_vs_HUMAN,0-1,A00,100
wayXIDC3,Rated Bullet game,Bullet,60+0,Mavegon,Bekhkermot80,1679,1675,,,HUMAN_vs_HUMAN,0-1,B22,32
IVi0NpG7,Rated Bullet game,Bullet,60+0,LiOCD,skilledwolf,1977,1967,,,HUMAN_vs_HUMAN,1-0,C30,79
JkhTAt5j,Rated Bullet game,Bullet,60+0,la_bestia_negra,danigp,1416,1394,,,HUMAN_vs_HUMAN,0-1,C41,62
pMNre5W8,Rated Bullet game,Bullet,60+0,Scholiast,MolisanoVolante,2249,2221,,,HUMAN_vs_HUMAN,0-1,B43,88
7asybDxh,Rated Bullet game,Bullet,30+1,importador2,FranciscoJg1,1769,1668,,,HUMAN_vs_HUMAN,1-0,A00,49
yCPBie7M,Rated Blitz game,Blitz,300+3,LAutochess,proxenchess93,1989,1936,,,HUMAN_vs_HUMAN,1-0,B30,41
cMUJ41kH,Rated Blitz game,Blitz,180+2,sapientisat1,st_42,1486,1480,,,HUMAN_vs_HUMAN,1-0,B12,131
Gw8gUkrU,Rated Blitz game,Blitz,180+2,rodrfons,dannygajdos,2193,2233,,,HUMAN_vs_HUMAN,1-0,A48,41
5tlwHHO2,Rated Blitz game,Blitz,180+2,kio182,mi88,1713,1725,,,HUMAN_vs_HUMAN,1-0,D00,71
uzGcCu4W,Rated Blitz game,Blitz,180+2,qqf9,ScriabinAlexander,1831,1801,,,HUMAN_vs_HUMAN,1-0,C43,33
j9U9oGuI,Rated Blitz game,Blitz,180+2,nongquocvietntpl,Sergenii,1117,1116,,,HUMAN_vs_HUMAN,1-0,C46,51
ik96dtO9,Rated Blitz game,Blitz,180+2,Nastya70,arygan,2426,2263,,,HUMAN_vs_HUMAN,1-0,B12,95
rPhGFs3v,Rated Blitz game,Blitz,180+2,KINGMJ1969,chedar3,1710,1681,,,HUMAN_vs_HUMAN,0-1,C00,104
Lq4mowS7,Rated Blitz game,Blitz,180+2,evchick,marickz,1486,1537,,,HUMAN_vs_HUMAN,1-0,B40,71
RCrieMfk,Rated Blitz game,Blitz,180+2,zak_0,Kirr68,1559,1651,,,HUMAN_vs_HUMAN,0-1,C02,70
sBQBLBvl,Rated Blitz game,Blitz,180+2,khleifat,MakeAMoveBuddy,1424,1341,,,HUMAN_vs_HUMAN,1-0,A46,43
Aopkglxs,Rated Blitz game,Blitz,180+2,Koondooro,BAL61,1295,1339,,,HUMAN_vs_HUMAN,0-1,C20,28
8Wc1NenP,Rated Blitz game,Blitz,180+2,bits4x4,EagleSMZ,1663,1630,,,HUMAN_vs_HUMAN,1-0,A40,44
jiVaGyMm,Rated Blitz game,Blitz,180+2,andrewhh,kwayzi,1043,1051,,,HUMAN_vs_HUMAN,1-0,D00,59
n04msaiF,Rated Blitz game,Blitz,180+2,Lanux777,Marko-Butavari,2144,2172,,,HUMAN_vs_HUMAN,0-1,A80,68
POXZ9v8N,Rated Blitz game,Blitz,180+0,pedritoYoda,aytaufik,1875,1927,,,HUMAN_vs_HUMAN,0-1,D00,100
CIyzl6VG,Rated Bullet game,Bullet,60+0,fermi1,A-10urpp,1649,1653,,,HUMAN_vs_HUMAN,1-0,A40,53
8NzDvfQ9,Rated Blitz game,Blitz,180+7,liczeser,Maikammer,1405,1428,,,HUMAN_vs_HUMAN,0-1,C50,78
Jin3flDz,Rated Blitz game,Blitz,60+7,Adam_0,Galaev_Georgii14,1266,1158,,,HUMAN_vs_HUMAN,1-0,C44,161
xCiNjVqT,Rated Blitz game,Blitz,180+2,serhii_sydoriuk,Sofia13,1358,1910,,,HUMAN_vs_HUMAN,1/2-1/2,D20,86
Z6z5IUDI,Rated Blitz game,Blitz,180+0,Ema_zzZ,Quintana09,1298,1208,,,HUMAN_vs_HUMAN,1-0,D06,83
rjwgOaso,Rated Bullet game,Bullet,120+1,Hajimostafa,Candypawn,1812,1784,,,HUMAN_vs_HUMAN,1-0,C70,95
9IeZq3iI,Rated Bullet game,Bullet,120+1,acelacelpascua,zbszhe,1767,1770,,,HUMAN_vs_HUMAN,1-0,A42,78
latRSKpc,Rated Bullet game,Bullet,120+1,LEOKHINE,markpastern,1890,1860,,,HUMAN_vs_HUMAN,0-1,B27,76
6MbHDxBn,Rated Bullet game,Bullet,120+1,poper69,Ramses_IV,1702,1721,,,HUMAN_vs_HUMAN,1-0,B01,85
mRoR20S3,Rated Bullet game,Bullet,120+1,MazharOsman,Fa_L,1416,1412,,,HUMAN_vs_HUMAN,1-0,C26,117
GGE9m4Zv,Rated Bullet game,Bullet,120+1,alanrives,Imyourkarma,1829,1848,,,HUMAN_vs_HUMAN,0-1,A06,58
Dvno0kXB,Rated Bullet game,Bullet,120+1,cityguy,elgatoguapo,1938,1943,,,HUMAN_vs_HUMAN,0-1,C50,70
6Y2OxI9h,Rated Bullet game,Bullet,120+1,Dobermann58,MrChess10,1126,1065,,,HUMAN_vs_HUMAN,0-1,B01,68
ksOVKOcm,Rated Bullet game,Bullet,120+1,vinayak_gupta_07,ikazzz,1739,1734,,,HUMAN_vs_HUMAN,0-1,A04,66
GLgcw3x9,Rated Bullet game,Bullet,120+1,kabeer121qwk,Lelouch939,919,978,,,HUMAN_vs_HUMAN,1-0,C40,17
aA4iA4gk,Rated Blitz game,Blitz,300+0,WaltWhiteII,egbertdebreul,1236,1285,,,HUMAN_vs_HUMAN,1-0,A43,43
4PDjSZbM,Rated Blitz game,Blitz,300+0,azzouz69,Victa_V,1859,1842,,,HUMAN_vs_HUMAN,1-0,B20,29
o1LaAmJW,Rated Blitz game,Blitz,300+0,jlbftr,mimieux,1623,1638,,,HUMAN_vs_HUMAN,1-0,A06,49
2M6Sgd3a,Rated Blitz game,Blitz,300+0,WME3030,GabrielNg,1794,1838,,,HUMAN_vs_HUMAN,1-0,A00,73
pZKDS0ox,Rated Blitz game,Blitz,300+0,akirs3,montatrsrn,1571,1555,,,HUMAN_vs_HUMAN,1/2-1/2,A02,136
72UU3vcK,Rated Blitz game,Blitz,300+0,adjie67,Bahman-13,1784,1753,,,HUMAN_vs_HUMAN,0-1,A40,124
gNvD75Wk,Rated Blitz game,Blitz,300+0,pavel245,Ihatevowels,1165,1211,,,HUMAN_vs_HUMAN,0-1,A47,78
GaBGHwvV,Rated Bullet game,Bullet,120+1,Victordantzzz,abdokhaled105,2018,1500,,,HUMAN_vs_HUMAN,1-0,C24,53
9oYKjyQb,Rated Bullet game,Bullet,120+1,martinolano,Tavares152,1718,1677,,,HUMAN_vs_HUMAN,0-1,D08,48
ZygMUJdX,Rated Bullet game,Bullet,120+1,SunKing69,mpesa,1608,1599,,,HUMAN_vs_HUMAN,1-0,C25,21
LejbXyiC,Rated Bullet game,Bullet,120+1,theaterspiel,a8saad,1548,1597,,,HUMAN_vs_HUMAN,0-1,C29,62
7OhRreCC,Rated Bullet game,Bullet,120+1,Enginerrrd,ILIKECRAPPS34,1317,1276,,,HUMAN_vs_HUMAN,0-1,A21,30
qHnlbtT0,Rated Bullet game,Bullet,120+1,hassanmovahedyan,Patrick1974,1734,1730,,,HUMAN_vs_HUMAN,0-1,B08,84
unASMLiv,Rated Bullet game,Bullet,120+1,Arkz,Schachbahr,1010,988,,,HUMAN_vs_HUMAN,1-0,A00,75
HtVGCnOV,Rated Bullet game,Bullet,120+1,halle2001,TunnelFlyer,1450,1491,,,HUMAN_vs_HUMAN,1-0,A48,55
eNi8lfLQ,Rated Bullet game,Bullet,120+1,torrecabaloca,lubaopa,1801,1847,,,HUMAN_vs_HUMAN,1-0,D31,35
clAJEea0,Rated Bullet game,Bullet,120+1,harnous,MVRR99,1189,1075,,,HUMAN_vs_HUMAN,1-0,D02,59
94f3iKXt,Rated Bullet game,Bullet,120+1,blazifigus,Lizarraldekoa,1263,1235,,,HUMAN_vs_HUMAN,0-1,A00,78
Yk6ZhQ62,Rated Bullet game,Bullet,120+1,M_Flanco,Sholojov,1750,1744,,,HUMAN_vs_HUMAN,0-1,A40,60
um8MTPwk,Rated Bullet game,Bullet,120+1,Polev73,jabedperves,1676,1641,,,HUMAN_vs_HUMAN,0-1,B40,70
LmXyL8rE,Rated Bullet game,Bullet,60+0,Commissioner_of_war,Savedyb,1602,1590,,,HUMAN_vs_HUMAN,1-0,D02,69
QHTXpP2R,Rated Bullet game,Bullet,60+0,dirtygardner,Paracoax,2556,2452,,,HUMAN_vs_HUMAN,1-0,B01,83
Ytlv3kQO,Rated Bullet game,Bullet,60+0,Samarkand89,e4e5Nf3Nc6Bc4Job,1277,1278,,,HUMAN_vs_HUMAN,0-1,C54,68
JCzPOCQy,Rated Bullet game,Bullet,60+0,bustmustplus,Lubuto1,1801,1802,,,HUMAN_vs_HUMAN,0-1,C40,12
rNXc2skS,Rated Bullet game,Bullet,60+0,ueeiwuwhwhwb,AndyGarciaNYC,1824,1817,,,HUMAN_vs_HUMAN,0-1,A40,100
B26xl4Vi,Rated Bullet game,Bullet,60+0,Remigio2023,vladgasya,1612,1642,,,HUMAN_vs_HUMAN,1-0,A04,49
QobUYooG,Rated Bullet game,Bullet,60+0,Echiquier1978,SREEHARIKING,1438,1416,,,HUMAN_vs_HUMAN,0-1,C30,44
rgH8AkxH,Rated Bullet game,Bullet,60+0,akmaekki,Deriban,2177,2234,,,HUMAN_vs_HUMAN,1-0,A43,81
44N7u5ur,Rated Bullet game,Bullet,60+0,NerdyDave2017,Tuszini,1415,1339,,,HUMAN_vs_HUMAN,1-0,E81,61
2VY3qV15,Rated Bullet game,Bullet,60+0,nilremix08,StipePoljak,2336,2432,,,HUMAN_vs_HUMAN,1/2-1/2,E68,103
XuRcraLN,Rated Bullet game,Bullet,60+0,orvaz560,slowfinger2,2076,2008,,,HUMAN_vs_HUMAN,0-1,B00,70
OPcbY9tt,Rated Bullet game,Bullet,60+0,Molot_ua,refresher,2515,2538,,FM,HUMAN_vs_HUMAN,1-0,A00,97
spc1uGCf,Rated Bullet game,Bullet,60+0,sevensamurailizard,TKMan,2121,2145,,,HUMAN_vs_HUMAN,1-0,C00,71
zBdTwjMD,Rated Bullet game,Bullet,60+0,salimandrah,gopherlou,1860,1825,,,HUMAN_vs_HUMAN,1/2-1/2,C25,113
ZB6xJRzj,Rated Bullet game,Bullet,60+0,Vikings00,Raymano,1972,1991,,,HUMAN_vs_HUMAN,1-0,D02,36
DjPJ4MUM,Rated Bullet game,Bullet,60+0,franciscojose72,squarecentral1,1137,1090,,,HUMAN_vs_HUMAN,1-0,B06,81
YDkgwCsN,Rated Bullet game,Bullet,60+0,Serhii_Makukha,subskybox,1541,1513,,,HUMAN_vs_HUMAN,1-0,C23,67
L2SyoLhl,Rated UltraBullet game,UltraBullet,15+0,xander9,MickeyPig1,1665,1706,,,HUMAN_vs_HUMAN,0-1,B06,70
EJOtV0rZ,Rated Blitz game,Blitz,300+0,rigard,ShevinOk,1954,1955,,,HUMAN_vs_HUMAN,0-1,C45,92
phLHiZzj,Rated Bullet game,Bullet,60+0,betelking,paquetuveaslo,2244,2248,,,HUMAN_vs_HUMAN,1-0,B21,49
CAFtgpGL,Rated Blitz game,Blitz,300+0,Cariongomiguel,Gaboyt1554,1378,1248,,,HUMAN_vs_HUMAN,1-0,C34,95
lWJdYlRV,Rated Blitz game,Blitz,300+3,israelmeirmagnuz,mouha0311,1258,1258,,,HUMAN_vs_HUMAN,0-1,C46,148
KaI0R8tD,Rated Blitz game,Blitz,300+3,Pd2212,franzcal,968,882,,,HUMAN_vs_HUMAN,1-0,C40,45
iKQtCz4R,Rated Blitz game,Blitz,300+3,yasinelman,EgidijusBRA,1671,1625,,,HUMAN_vs_HUMAN,1-0,C57,79
BlKZT7eu,Rated Blitz game,Blitz,300+3,dkjoshi4u,damianbirdsey,1292,1291,,,HUMAN_vs_HUMAN,1-0,E94,51
8HCKxasf,Rated Blitz game,Blitz,300+3,Joan73,martius_costanius,1716,1754,,,HUMAN_vs_HUMAN,0-1,B10,152
Gfpz0ISE,Rated Blitz game,Blitz,300+3,pacbarnabe,MUNOR60,1361,1386,,,HUMAN_vs_HUMAN,1-0,A48,75
Js5OAXPV,Rated Blitz game,Blitz,300+3,Man777,Antonix009,1869,1920,,,HUMAN_vs_HUMAN,1-0,D00,39
rYbg2f77,Rated Blitz game,Blitz,300+3,cirederf1980,Somi68,1193,1125,,,HUMAN_vs_HUMAN,0-1,A41,37
sKVCUqDA,Rated Blitz game,Blitz,300+3,buffdniv,kho3,1342,1354,,,HUMAN_vs_HUMAN,1-0,D10,157
mASFD1nx,Rated Blitz game,Blitz,300+3,Derek_Seven,JavierKamikaze,1582,1524,,,HUMAN_vs_HUMAN,0-1,B30,63
1yCxAs87,Rated Blitz game,Blitz,300+3,dougw714,Mustafa05kedi,1268,1272,,,HUMAN_vs_HUMAN,1-0,C02,29
kofXksOl,Rated Blitz game,Blitz,180+7,Abigaele,MohammedALT,963,1185,,,HUMAN_vs_HUMAN,1-0,A00,55
MmMEySHO,Rated Blitz game,Blitz,60+5,Ship1000,hazemkasem,1453,1144,,,HUMAN_vs_HUMAN,1-0,C40,44
4VKG01w9,Rated Bullet game,Bullet,30+0,acemi23,papayka,2303,2342,,,HUMAN_vs_HUMAN,1-0,B01,45
5oh0wKid,Rated Blitz game,Blitz,180+0,HanySamuel2021,Sybron,1665,1660,,,HUMAN_vs_HUMAN,1-0,C23,37
XWPFv1fa,Rated Blitz game,Blitz,180+0,Nikolap93,Abdullah_Abdulkhaliq,1503,1411,,,HUMAN_vs_HUMAN,0-1,C30,74
AcRlradO,Rated Blitz game,Blitz,180+0,Ham_mimi,Erik101,1727,1741,,,HUMAN_vs_HUMAN,1-0,A01,63
wJ8Cj5lA,Rated Blitz game,Blitz,180+0,Ntshebedre,Frosteyyyyyrrrr,1831,1828,,,HUMAN_vs_HUMAN,0-1,B90,144
n1TciiBl,Rated Blitz game,Blitz,180+0,mint70,AbelBaggio,1578,1586,,,HUMAN_vs_HUMAN,0-1,B21,72
n8oKZHr4,Rated Blitz game,Blitz,180+0,Veblenn,pdragy,1635,1589,,,HUMAN_vs_HUMAN,1-0,B00,125
m0sh56Jl,Rated Blitz game,Blitz,180+0,BIOSS,Zlaja2020,2284,2286,,,HUMAN_vs_HUMAN,0-1,A02,66
duABeptU,Rated Blitz game,Blitz,180+0,Sibels,farkashazytivadar,1316,1356,,,HUMAN_vs_HUMAN,0-1,B00,80
9g8Q8iOg,Rated Blitz game,Blitz,180+2,ccgb,elec444,994,1066,,,HUMAN_vs_HUMAN,1-0,B01,80
HC7SWGQe,Rated Blitz game,Blitz,180+2,D1997D,Maximus23_80,882,949,,,HUMAN_vs_HUMAN,0-1,A40,70
iCxFVdRM,Rated Blitz game,Blitz,180+2,last7stand,BOMBAROV,1660,1688,,,HUMAN_vs_HUMAN,1-0,C25,69
NtBMaiFo,Rated Bullet game,Bullet,60+0,Densarmonia,lipu,1553,1563,,,HUMAN_vs_HUMAN,0-1,D00,66
Uy0ZL0Nf,Rated Blitz game,Blitz,300+3,semsemlolo,AhmedMiDOoo,1139,1203,,,HUMAN_vs_HUMAN,0-1,C20,80
iyHYprBo,Rated Bullet game,Bullet,30+0,tairon41,jpayero,2212,2200,,,HUMAN_vs_HUMAN,1-0,A02,55
6CJ7tKQa,Rated Rapid game,Rapid,300+5,mandrake24,EL_KICK,1780,1729,,,HUMAN_vs_HUMAN,1-0,B20,29
nR8NpmaU,Rated Blitz game,Blitz,300+3,kidne,kafeta,1474,1690,,,HUMAN_vs_HUMAN,1-0,B01,49
Mw18tSgg,Rated Blitz game,Blitz,300+3,haroojn234,Walkringen,1800,1816,,,HUMAN_vs_HUMAN,1-0,A04,39
F3WRnu3O,Rated Blitz game,Blitz,300+3,AnytaMarfyta,maffern,1106,1041,,,HUMAN_vs_HUMAN,0-1,C20,62
sootUwbg,Rated Blitz game,Blitz,300+3,Valentina_villegas,Sirfex,1135,1147,,,HUMAN_vs_HUMAN,1-0,B20,57
aZUCtXZk,Rated Blitz game,Blitz,300+3,Germanwin,pLancKy,1482,1491,,,HUMAN_vs_HUMAN,0-1,C50,72
xdNmtuuH,Rated Blitz game,Blitz,300+3,GerantEF,antipositional_za,1366,1323,,,HUMAN_vs_HUMAN,1-0,C34,51
AXiC8phx,Rated Blitz game,Blitz,300+3,Eslamhewady,cok12345,1615,1430,,,HUMAN_vs_HUMAN,1-0,C64,85
FJrOQbjQ,Rated Blitz game,Blitz,300+3,lionael,LeonardQuilt,1560,1583,,,HUMAN_vs_HUMAN,0-1,A02,38
ZcO9DsnK,Rated Rapid game,Rapid,600+0,Laeuro,vickmod,1441,1450,,,HUMAN_vs_HUMAN,1-0,B12,69
gqKt74hE,Rated Rapid tournament https://lichess.org/tournament/cjsEDoAr,Rapid,900+10,KingBuster2014,RobertFP,1828,1390,,,HUMAN_vs_HUMAN,1-0,C40,87
unBG4aHN,Rated Blitz game,Blitz,300+0,Markus_1234,Solnlink,1230,1177,,,HUMAN_vs_HUMAN,0-1,B00,58
FRmsCd72,Rated Blitz game,Blitz,300+0,davidchan2,eldry,1678,1680,,,HUMAN_vs_HUMAN,1-0,C41,57
n6Hv93ME,Rated Blitz game,Blitz,300+0,Fenix72991,Abdullaevich,1968,1962,,,HUMAN_vs_HUMAN,1-0,B00,77
bSuDLml6,Rated Blitz game,Blitz,300+0,Rija,CarlecheECU42,1894,1894,,,HUMAN_vs_HUMAN,0-1,A02,44
rpTeYSl0,Rated Blitz game,Blitz,300+0,awma,den77777,1665,1653,,,HUMAN_vs_HUMAN,1-0,A40,69
uizPgvzZ,Rated Blitz game,Blitz,300+0,s123saiedhashimrazak,alp522,1781,1845,,,HUMAN_vs_HUMAN,1-0,D06,79
CLy82bLe,Rated Blitz game,Blitz,300+0,makiladora,C_r-son,1926,1942,,,HUMAN_vs_HUMAN,0-1,C01,146
FnPkGfd6,Rated Blitz game,Blitz,300+0,Rabad6719,vovavov7890,1595,1581,,,HUMAN_vs_HUMAN,1-0,D20,49
Ne3p5rAG,Rated Blitz game,Blitz,300+0,erkuel_purroh,Guatapac,1325,1397,,,HUMAN_vs_HUMAN,1/2-1/2,A05,103
bbLnubWD,Rated Blitz game,Blitz,300+0,harshp,manchesstr,1753,1701,,,HUMAN_vs_HUMAN,1-0,A00,85
LQvZsrIE,Rated Blitz game,Blitz,300+0,cmike123,IV7733VI,1603,1617,,,HUMAN_vs_HUMAN,1-0,A40,75
Zcr5fycP,Rated Blitz game,Blitz,300+0,gntlmen,Qulya,919,930,,,HUMAN_vs_HUMAN,1-0,D00,49
F86RVAxF,Rated Blitz game,Blitz,300+0,merida_2099,oneleghorse,2019,1982,,,HUMAN_vs_HUMAN,0-1,A50,62
AAmCeF8O,Rated Blitz game,Blitz,300+0,aplinux,kostili1987,2069,2097,,,HUMAN_vs_HUMAN,0-1,B02,62
lHaOhTRO,Rated Blitz game,Blitz,300+0,rvchess,mrtmanjones,1051,1114,,,HUMAN_vs_HUMAN,0-1,C41,80
aot4Gl7A,Rated Blitz game,Blitz,300+0,mica56,SosedBurja,1540,1486,,,HUMAN_vs_HUMAN,1-0,D05,71
HaW87FAe,Rated Blitz game,Blitz,300+0,piskowien,gambitogarruchero,1884,1892,,,HUMAN_vs_HUMAN,1-0,A40,131
FOgXUSoD,Rated Bullet game,Bullet,60+0,dorc,Art1980v,2117,2086,,,HUMAN_vs_HUMAN,0-1,B22,86
ihzJ7XGW,Rated Bullet game,Bullet,60+0,rojopar69,pkr5025,2236,2171,,,HUMAN_vs_HUMAN,1-0,A13,45
ZFqufvdI,Rated Bullet game,Bullet,60+0,passionatethrust,Gwarzo2,1971,2079,,,HUMAN_vs_HUMAN,0-1,B32,62
agk77VB4,Rated Bullet game,Bullet,60+0,cramirezo,pharaohfaraon,1773,1761,,,HUMAN_vs_HUMAN,1-0,B00,85
sRDsI9Ur,Rated Bullet game,Bullet,60+0,Woland_1984,JuanPini,1549,1561,,,HUMAN_vs_HUMAN,1-0,C42,65
FZyAF4Iu,Rated Bullet game,Bullet,60+0,dasseamonster66,holmessh,1285,1354,,,HUMAN_vs_HUMAN,1-0,B00,53
VGErw2pY,Rated Bullet game,Bullet,60+0,Michal_Ratka,Ebeid33,859,820,,,HUMAN_vs_HUMAN,1-0,B01,41
kQ8Jb7C8,Rated Bullet game,Bullet,60+0,ezko84,Neng_Ambyar,1648,1607,,,HUMAN_vs_HUMAN,1-0,A04,51
3w8sk0Pd,Rated Bullet game,Bullet,60+0,Filipp0401,chris835,922,928,,,HUMAN_vs_HUMAN,0-1,C42,44
uPyS58q2,Rated Bullet game,Bullet,60+0,GreygermanI,Ragibyasar,1887,1870,,,HUMAN_vs_HUMAN,1-0,A60,91
t9nzL1Ms,Rated Bullet game,Bullet,60+0,Colombiano2020,PShab,1756,1728,,,HUMAN_vs_HUMAN,1-0,A21,71
oP9GeBDv,Rated Bullet game,Bullet,60+0,zarocross,rafilator,1222,1274,,,HUMAN_vs_HUMAN,0-1,A21,56
v7CS8u93,Rated Bullet game,Bullet,60+0,V5em0dets,Mocassini,1380,1458,,,HUMAN_vs_HUMAN,1-0,B10,51
mTpxQFl6,Rated Bullet game,Bullet,60+0,sergey_ahmedov,jacksligma,1820,1779,,,HUMAN_vs_HUMAN,1/2-1/2,B06,97
FrbCBb2n,Rated Bullet game,Bullet,60+0,Brko67,AKummel,1469,1491,,,HUMAN_vs_HUMAN,0-1,D35,62
VJ0XPylW,Rated Bullet game,Bullet,60+0,JhoseDan,plusminus13,1491,1494,,,HUMAN_vs_HUMAN,1-0,A43,83
CiBA3EjJ,Rated Bullet tournament https://lichess.org/tournament/NjqxcevP,Bullet,60+0,Alan25003,IVANMARTINEZ,1519,1795,,,HUMAN_vs_HUMAN,0-1,B01,62
Xm5TjPqS,Rated Blitz game,Blitz,180+0,APaGi,julianpeters,1008,1026,,,HUMAN_vs_HUMAN,1-0,B00,57
loM08KRe,Rated Blitz game,Blitz,180+0,theannonymous,kevinrojjass,1605,1608,,,HUMAN_vs_HUMAN,1-0,A00,103
D7ejlrXb,Rated Blitz game,Blitz,180+0,edgarluna91041504,Musau22,1680,1682,,,HUMAN_vs_HUMAN,1-0,D30,38
j8xIy2zP,Rated Blitz game,Blitz,180+0,Davo105,maximo1995,1765,1731,,,HUMAN_vs_HUMAN,0-1,B40,114
zcgqrONJ,Rated Blitz game,Blitz,180+0,camacho2431,ddtuco,1576,1546,,,HUMAN_vs_HUMAN,1-0,C50,53
PUnH2dkf,Rated Blitz game,Blitz,180+0,Rio_Christian,ECOSSIO_PFS2ING,1543,1536,,,HUMAN_vs_HUMAN,0-1,C20,98
WIwu3QqN,Rated Blitz game,Blitz,180+0,coolnoob69,GledsonBP,1429,1410,,,HUMAN_vs_HUMAN,0-1,D07,42
dwMF4Bih,Rated Blitz game,Blitz,180+0,ale-e3,leoibraim,1794,1782,,,HUMAN_vs_HUMAN,1-0,A35,29
WhZHoAzD,Rated Blitz game,Blitz,180+0,drdonut647,La_grosse_quiche,1265,1291,,,HUMAN_vs_HUMAN,1-0,B01,115
F75LBuI6,Rated Blitz game,Blitz,180+0,Pauwwerplay,rijoroga,2227,2240,,,HUMAN_vs_HUMAN,0-1,C41,72
yfrl7u4d,Rated Blitz game,Blitz,180+0,NowArcher,NimrodII,2306,2292,,,HUMAN_vs_HUMAN,1/2-1/2,A10,135
jEWVtnA4,Rated Blitz game,Blitz,180+0,MuzafferCyln,Lue95,1522,1466,,,HUMAN_vs_HUMAN,0-1,C00,66
2ZqTcJLz,Rated Blitz game,Blitz,180+0,chalala,Juniornjoku61,2169,2121,,,HUMAN_vs_HUMAN,0-1,C06,50
sVRgsLes,Rated Bullet game,Bullet,60+0,Adal_Berto,CAMBIADOR72,2279,2285,,,HUMAN_vs_HUMAN,1-0,B15,37
4c3pKTjA,Rated Bullet game,Bullet,60+0,deadbraincell,Papul971,1088,1042,,,HUMAN_vs_HUMAN,1-0,A04,27
MQExUyGd,Rated Bullet game,Bullet,60+0,ElmerBarrera,geng60,1698,1749,,,HUMAN_vs_HUMAN,0-1,C41,34
Rq9OFeyU,Rated Bullet game,Bullet,60+0,I_LAF,br50kab,1985,2014,,,HUMAN_vs_HUMAN,1-0,B10,67
Ga69HsDv,Rated Bullet game,Bullet,60+0,MOISES20093102,thepianoman1,868,765,,,HUMAN_vs_HUMAN,1-0,B30,29
aXM2NqN9,Rated Bullet game,Bullet,60+0,staunton0302,zlatzahid,1906,1982,,,HUMAN_vs_HUMAN,1/2-1/2,B00,114
BE7vxXoZ,Rated Bullet game,Bullet,60+0,xelnag,islamsamadov,2149,2202,,,HUMAN_vs_HUMAN,1-0,B32,29
RzXXrGkQ,Rated Bullet game,Bullet,60+0,healer69,Misteriochess123,2539,2606,,,HUMAN_vs_HUMAN,1-0,A06,47
Dpyy03Dq,Rated Bullet game,Bullet,60+0,zoli88,Ant107,2057,2059,,,HUMAN_vs_HUMAN,0-1,B01,72
jsoaBXiz,Rated Bullet game,Bullet,60+0,Coldalis,KayChess_Official,1199,1273,,,HUMAN_vs_HUMAN,1-0,C34,57
QjJAR21C,Rated Bullet game,Bullet,60+0,lorebaucar,bezsens12,1157,1174,,,HUMAN_vs_HUMAN,0-1,A00,46
qcJCs7LO,Rated Bullet game,Bullet,60+0,volkov_denis,lancemanalo77,2544,2496,,,HUMAN_vs_HUMAN,1-0,C00,115
BBxsfuBS,Rated Bullet game,Bullet,120+1,mastercat,orlandov1,1474,1470,,,HUMAN_vs_HUMAN,1-0,D02,73
5Z7ES6bm,Rated Bullet game,Bullet,120+1,Luism72004,Mrtrola43,1920,1891,,,HUMAN_vs_HUMAN,0-1,C00,126
d0lDDw4l,Rated Bullet game,Bullet,120+1,Pesiak23,jonamom,1175,1222,,,HUMAN_vs_HUMAN,0-1,C54,54
U5ppwQZ5,Rated Bullet game,Bullet,120+1,logic-intui,rockybhaisks,1286,1235,,,HUMAN_vs_HUMAN,1-0,D07,67
PgDyXVFW,Rated Bullet game,Bullet,120+1,laricafood,Jnyok112,1291,1299,,,HUMAN_vs_HUMAN,1-0,C64,48
liXf6RSe,Rated Bullet game,Bullet,120+1,sanfoor,Oolong-Dragon,1631,1559,,,HUMAN_vs_HUMAN,1/2-1/2,B01,103
zhEKOERR,Rated Bullet game,Bullet,120+1,zankkobr,oldmaster7777,1319,1313,,,HUMAN_vs_HUMAN,0-1,C01,60
ajNE4QR9,Rated Bullet game,Bullet,120+1,whiskeytango,FausMarquez,1876,1890,,,HUMAN_vs_HUMAN,0-1,B40,52
08L4fjgl,Rated Bullet game,Bullet,120+1,zozzer,Barham_H,1404,1451,,,HUMAN_vs_HUMAN,0-1,C53,62
WlpQqus4,Rated Bullet game,Bullet,120+1,Frogman33,tausgang,1082,1155,,,HUMAN_vs_HUMAN,1-0,D00,63
LSeInb4s,Rated Bullet game,Bullet,120+1,Luchomanya,LostPuppy,1528,1513,,,HUMAN_vs_HUMAN,1-0,B10,123
AVCLz784,Rated Bullet game,Bullet,120+1,CoachCrupp,naser_1974,1724,1697,,,HUMAN_vs_HUMAN,0-1,C02,34
akSkhKxW,Rated Bullet game,Bullet,120+1,saraguato,nescas1954,1733,1776,,,HUMAN_vs_HUMAN,1-0,D02,127
XlnYWqD0,Rated Bullet game,Bullet,120+1,Old_Man_Moses,wachlaw,668,794,,,HUMAN_vs_HUMAN,0-1,C44,40
Yj7siPAE,Rated Bullet game,Bullet,120+1,wsmirnov,zibrak,2245,2211,,,HUMAN_vs_HUMAN,1-0,C14,55
c1sANWp6,Rated Bullet game,Bullet,60+0,nissandutsan,DasWinkey,1735,1716,,,HUMAN_vs_HUMAN,0-1,C20,52
oc49Nd42,Rated Blitz game,Blitz,300+0,Manjilol,Palese,1123,1033,,,HUMAN_vs_HUMAN,0-1,A06,22
sinKK4cH,Rated Blitz game,Blitz,300+0,victorsaurs1,Chap3ron,822,775,,,HUMAN_vs_HUMAN,1/2-1/2,D00,133
KYvGUgcE,Rated Blitz game,Blitz,300+0,CC_cikal,ilyesc,1776,1776,,,HUMAN_vs_HUMAN,1-0,B01,63
ttv55ELf,Rated Blitz game,Blitz,300+0,Amekkun,pedroabreu,1683,1645,,,HUMAN_vs_HUMAN,1-0,B31,45
q8A9htrw,Rated Blitz game,Blitz,300+0,HiddenHorror,Morden,1553,1529,,,HUMAN_vs_HUMAN,1-0,C34,49
Lq283EL1,Rated Blitz game,Blitz,300+0,Fuzzigarammer,FERNANDOFARAH,1049,1053,,,HUMAN_vs_HUMAN,1-0,C41,22
KqlSD78A,Rated Blitz game,Blitz,300+0,happyface20,Diansuhu1980,2106,2102,,,HUMAN_vs_HUMAN,1-0,C50,93
d8TuCPcZ,Rated Blitz game,Blitz,300+0,Gmanuelchess,pedrogabi,1327,1341,,,HUMAN_vs_HUMAN,1-0,C23,61
FO4jznrL,Rated Blitz game,Blitz,300+0,martell26,edgarsanta7,1327,1316,,,HUMAN_vs_HUMAN,0-1,C13,92
rEQ8fCA9,Rated Blitz game,Blitz,300+0,verpreusster-sachse,yourfuture,1767,1715,,,HUMAN_vs_HUMAN,0-1,B01,82
MbTFnqaS,Rated Blitz game,Blitz,300+0,JOLENEisJoyous,abdullwahedalhilaly,1266,1305,,,HUMAN_vs_HUMAN,0-1,A40,34
7OdxEJmc,Rated Blitz game,Blitz,300+0,Fringe17,HunterChess99,1693,1706,,,HUMAN_vs_HUMAN,0-1,A10,64
KrMYDkQ2,Rated Blitz game,Blitz,300+0,MARCOMANUEL,Poochie1009,1507,1519,,,HUMAN_vs_HUMAN,0-1,B90,44
ve9CLOav,Rated Blitz game,Blitz,300+0,efimov8657,ChiefGago,1262,1197,,,HUMAN_vs_HUMAN,1-0,A45,51
9pRdEX68,Rated Blitz game,Blitz,300+0,cesarbergamini,sandynand85,1584,1558,,,HUMAN_vs_HUMAN,0-1,C50,44
411LwoLe,Rated Blitz game,Blitz,300+0,Charles0203,farrouh,1640,1595,,,HUMAN_vs_HUMAN,1-0,A40,67
U2MNUooz,Rated Blitz game,Blitz,300+0,Javierbrizuela,rima71,1830,1904,,,HUMAN_vs_HUMAN,1-0,D10,63
aly3KGMt,Rated Blitz game,Blitz,300+0,PUNTOO,jakethesnake911,792,787,,,HUMAN_vs_HUMAN,1/2-1/2,A02,134
Bhkypzoj,Rated Blitz game,Blitz,300+0,jamamoto,NinoPinto,1356,1406,,,HUMAN_vs_HUMAN,1-0,B00,51
XVXpwHdM,Rated Bullet game,Bullet,60+0,bounmed,Necol,1989,2041,,,HUMAN_vs_HUMAN,1-0,A01,101
9gm4qcXr,Rated Rapid game,Rapid,600+0,skjonnskript,JonathanAD,1766,1701,,,HUMAN_vs_HUMAN,1-0,B40,41
9rAhkGsV,Rated Rapid game,Rapid,600+0,Mousavi-Zahed,Puzov,1354,1352,,,HUMAN_vs_HUMAN,0-1,A41,54
Sx9EMRJA,Rated Rapid game,Rapid,600+0,patriolino,jairuszavier,1503,1575,,,HUMAN_vs_HUMAN,1-0,C47,53
0AHRsXXE,Rated Rapid game,Rapid,600+0,karamuratbenim,GELZYagui,1664,1565,,,HUMAN_vs_HUMAN,1/2-1/2,B20,77
GRQHfizm,Rated Rapid game,Rapid,600+0,mbrufau,agusguillet1,1566,1566,,,HUMAN_vs_HUMAN,0-1,C23,136
aGfiJcBO,Rated Rapid game,Rapid,600+0,adnane00000,werbku,1500,1183,,,HUMAN_vs_HUMAN,0-1,A01,28
vqxwzTb0,Rated Rapid game,Rapid,600+0,fitznfool,aabrahamhs,1367,1399,,,HUMAN_vs_HUMAN,0-1,C42,46
fNqmE3sv,Rated Rapid game,Rapid,600+0,italdino113,zukamakhar,1282,1337,,,HUMAN_vs_HUMAN,0-1,D00,50
UQbPnE6h,Rated Rapid game,Rapid,600+0,Alfil-eres,reynaldo2010,1871,1786,,,HUMAN_vs_HUMAN,1-0,A00,55
qQhVYcbR,Rated Rapid game,Rapid,300+15,JaytoZ11,Clivekatukula,1512,1590,,,HUMAN_vs_HUMAN,1-0,B01,107
ur9JrvJG,Rated Rapid game,Rapid,600+0,didot4645,Crazy4you,2068,2082,,,HUMAN_vs_HUMAN,1-0,C25,59
ahRnGRx2,Rated Rapid game,Rapid,600+5,imranimranyeneimran,qirimhan,1300,1207,,,HUMAN_vs_HUMAN,1-0,B01,67
ZPARaAot,Rated Rapid game,Rapid,600+5,qiqi_mohamed,emreygtt,1471,1507,,,HUMAN_vs_HUMAN,0-1,B00,56
2yE3bo57,Rated Rapid game,Rapid,600+5,Alis6565,pippofalapizza2,1117,1177,,,HUMAN_vs_HUMAN,1-0,A00,33
v5XOjK0n,Rated Rapid game,Rapid,600+5,Hussam-21,Ninho22,1702,1721,,,HUMAN_vs_HUMAN,1-0,A00,53
7TyBrZYn,Rated Rapid game,Rapid,600+5,docteurcanard,Capablake,1356,1365,,,HUMAN_vs_HUMAN,1-0,C54,21
8bPomhYs,Rated Blitz game,Blitz,300+0,rightatya1,Mthesh,1111,1191,,,HUMAN_vs_HUMAN,1-0,C23,33
UhvHb5lr,Rated Bullet game,Bullet,60+0,padrepio00,gabrielgehlen,1797,1673,,,HUMAN_vs_HUMAN,1-0,D06,109
LtmJ7whF,Rated Rapid game,Rapid,600+0,Mysterious_Demoledor,Ammadi,1670,1649,,,HUMAN_vs_HUMAN,1-0,C23,143
h0PLImSh,Rated Rapid game,Rapid,600+0,Bonzo57,Faisal_aljelidi,1741,1742,,,HUMAN_vs_HUMAN,1/2-1/2,D00,91
uNbASGZG,Rated Rapid game,Rapid,600+0,kalosha30,Saulbendavid,1607,1612,,,HUMAN_vs_HUMAN,0-1,D00,118
2VAotDwG,Rated Rapid game,Rapid,600+0,ortegak,SEAPOWER,1186,1237,,,HUMAN_vs_HUMAN,1-0,B00,19
kEnXDpAg,Rated Rapid game,Rapid,600+0,Raheem2015,EvgenyAS,1934,1909,,,HUMAN_vs_HUMAN,0-1,D02,40
1gURpSly,Rated Rapid game,Rapid,600+0,DDJ,mohamdhejazi,2037,2006,,,HUMAN_vs_HUMAN,1-0,A40,125
Aa4cc0gp,Rated Rapid game,Rapid,600+0,Gloria71,Luciano121543,1179,1154,,,HUMAN_vs_HUMAN,0-1,D02,88
aTp5Pmgs,Rated Rapid game,Rapid,600+0,Joromfe,lichesdeletemeacct,1626,1634,,,HUMAN_vs_HUMAN,0-1,A03,84
hVcL3eVA,Rated Rapid game,Rapid,600+0,GrauerPilger,don_pacorr0,1402,1385,,,HUMAN_vs_HUMAN,0-1,D30,78
0VPpuiCC,Rated Rapid game,Rapid,600+3,vorpalbny,Kristianr1905,1285,1215,,,HUMAN_vs_HUMAN,1-0,B01,49
nzRxIcs5,Rated Blitz game,Blitz,180+2,JasperH01,tompouce100,1992,1983,,,HUMAN_vs_HUMAN,1-0,C02,41
SmtCGTXu,Rated Blitz game,Blitz,180+2,Kristjan345,Felgo2404,1631,1602,,,HUMAN_vs_HUMAN,0-1,C47,82
HAWC6xsu,Rated Blitz game,Blitz,180+2,CHIMUKAM,arbasko,1728,1700,,,HUMAN_vs_HUMAN,1-0,B50,77
c6cUVicm,Rated Blitz game,Blitz,180+2,Kurtwerren,zetacoder,1027,1119,,,HUMAN_vs_HUMAN,1-0,A45,17
9ZFYOIYa,Rated Blitz game,Blitz,180+2,YassinoV,astiko,2104,2120,,,HUMAN_vs_HUMAN,1/2-1/2,C78,94
q4RrzaOW,Rated Blitz game,Blitz,180+2,NAUJ95,boriss121,1672,1648,,,HUMAN_vs_HUMAN,1/2-1/2,B20,136
6vnwtfrD,Rated Blitz game,Blitz,180+2,Firat1,morem4n,1566,1559,,,HUMAN_vs_HUMAN,1-0,D00,55
gi3ZqkgL,Rated Blitz game,Blitz,180+2,TheNextLevelUp,Pqrmin,1164,1127,,,HUMAN_vs_HUMAN,0-1,B30,66
n0YdbIj9,Rated Blitz game,Blitz,180+2,AlexaPlayChess,fabriespinosa7,1557,1519,,,HUMAN_vs_HUMAN,0-1,B90,90
oHY0Lajo,Rated Blitz game,Blitz,180+2,DavidIron2107,grivasdan,1877,1930,,,HUMAN_vs_HUMAN,1-0,D00,59
67fTs0Fb,Rated Blitz game,Blitz,180+2,Fantasizer,Katala83,1853,1775,,,HUMAN_vs_HUMAN,0-1,A40,89
ZPv023u3,Rated Blitz game,Blitz,180+2,Kingwannabe,MadDogMcMaddock,2414,2287,,,HUMAN_vs_HUMAN,0-1,C00,122
PavBXglU,Rated Bullet game,Bullet,120+1,Gece1994,PRESIDENT_2024,1048,1051,,,HUMAN_vs_HUMAN,1-0,A45,45
4zBi6Zgi,Rated Blitz game,Blitz,60+4,NikolkaDomul,AtleticoGALO,1520,1558,,,HUMAN_vs_HUMAN,1-0,D05,77
WeB4VUm1,Rated Bullet game,Bullet,60+0,jchaconr,EmosTeos,1982,1928,,,HUMAN_vs_HUMAN,1-0,B44,47
0rt7G6ED,Rated Bullet game,Bullet,60+0,taipan90,UmayV06,1687,1644,,,HUMAN_vs_HUMAN,1-0,A00,77
AiCjd9au,Rated Bullet game,Bullet,60+0,Lucon2000,eltigrecu,2378,2407,,,HUMAN_vs_HUMAN,1-0,B01,51
Edh5S0Gt,Rated Bullet game,Bullet,60+0,tlm135,GoranDelac,1337,1337,,,HUMAN_vs_HUMAN,1-0,C20,57
eMvcY9JB,Rated Bullet game,Bullet,60+0,HangoverPawns,Supermagnetic,1552,1580,,,HUMAN_vs_HUMAN,1-0,A03,49
FmnuQOpX,Rated Bullet game,Bullet,60+0,paulovittor97,leojustino,1176,1176,,,HUMAN_vs_HUMAN,1-0,B32,45
uBYXVskx,Rated Bullet game,Bullet,60+0,B3nJ,rharbeg,1729,1741,,,HUMAN_vs_HUMAN,0-1,A00,84
oLtnjngI,Rated Bullet game,Bullet,60+0,ruslanshishkin,mnbnvc,1742,1767,,,HUMAN_vs_HUMAN,0-1,C50,78
ljoPJGJs,Rated Bullet game,Bullet,60+0,Amatercina,life4951,2032,2059,,,HUMAN_vs_HUMAN,1-0,B00,77
pZev55ou,Rated Bullet game,Bullet,60+0,abdooalamiir,brunoalbieri,860,950,,,HUMAN_vs_HUMAN,0-1,D02,32
dvpQZISF,Rated Bullet game,Bullet,60+0,stellachess1world,elizabethchisha,2223,2210,,,HUMAN_vs_HUMAN,1-0,A00,85
707nwu4R,Rated Bullet game,Bullet,60+0,od507,ItzProPvp,2310,2364,,,HUMAN_vs_HUMAN,0-1,B35,38
e0JEg1eK,Rated Bullet game,Bullet,60+0,ffgffgffg,motlhankagm,2245,2240,,,HUMAN_vs_HUMAN,1-0,A28,37
EEgDqDDL,Rated Bullet game,Bullet,60+0,doublespicedaddy,qister5,1584,1587,,,HUMAN_vs_HUMAN,0-1,B45,74
5jQtPtnn,Rated Bullet game,Bullet,60+0,albertosauruso,ori_1996,2575,2612,,,HUMAN_vs_HUMAN,0-1,B10,68
VJmnqz75,Rated Bullet game,Bullet,60+0,gennadi88,morcego777,1787,1820,,,HUMAN_vs_HUMAN,0-1,B40,48
j5dq9Qop,Rated Blitz game,Blitz,180+0,ella0007,nordland11,1747,1730,,,HUMAN_vs_HUMAN,1-0,A40,101
3IjYkIie,Rated Bullet game,Bullet,60+0,voncla,mostfa82,1004,935,,,HUMAN_vs_HUMAN,0-1,B08,40
NuGaKKEf,Rated Bullet game,Bullet,30+0,LassWag2021i,ilovetoeat54,2309,2535,,,HUMAN_vs_HUMAN,0-1,A04,100
1pzbMf9F,Rated Blitz game,Blitz,300+3,RubenPuchler,marcel_ad,1997,1964,,,HUMAN_vs_HUMAN,0-1,B28,56
p8hvEXe1,Rated Blitz game,Blitz,300+3,champ7uwe,Saturn89,1649,1680,,,HUMAN_vs_HUMAN,1-0,B30,45
FTXRGHsh,Rated Blitz game,Blitz,300+3,EyalSa,Saiyank_24,1550,1492,,,HUMAN_vs_HUMAN,0-1,D06,54
nGMp7MEV,Rated Blitz game,Blitz,300+3,spilch,jmbeamer,1430,1434,,,HUMAN_vs_HUMAN,0-1,B96,39
u2zdPyqU,Rated Blitz game,Blitz,300+3,odranoelcosta,PhamutChessClub7,1284,1181,,,HUMAN_vs_HUMAN,1-0,B06,67
xzW24X6J,Rated Blitz game,Blitz,300+3,mtr164,voleh2,1859,1809,,,HUMAN_vs_HUMAN,0-1,C36,38
BcaYovUX,Rated Blitz game,Blitz,300+3,The_Tsar,nbtodder,1545,1628,,,HUMAN_vs_HUMAN,0-1,D55,22
dxKzzwQL,Rated Blitz game,Blitz,300+3,pipita20,sanny73,2220,2156,,,HUMAN_vs_HUMAN,1-0,B22,33
NXIii3QB,Rated Blitz game,Blitz,300+0,koa1,manresano66,2247,2153,,,HUMAN_vs_HUMAN,0-1,B10,98
kcDUpu42,Rated Blitz game,Blitz,300+3,Jose39,Joseph_Kony,1119,1152,,,HUMAN_vs_HUMAN,1-0,C54,33
fNAZccrx,Rated Blitz game,Blitz,300+3,volos1957,Zagros1974,1564,1568,,,HUMAN_vs_HUMAN,0-1,C26,36
M8w07152,Rated Blitz game,Blitz,300+3,kwiatek_123,jrogccom,1420,1421,,,HUMAN_vs_HUMAN,1-0,B30,85
UepELUp3,Rated Rapid tournament https://lichess.org/tournament/JxOw3l7G,Rapid,600+2,kiaanchhabra,ishaan1024,1062,678,,,HUMAN_vs_HUMAN,1-0,D00,89
101c37YH,Rated Rapid tournament https://lichess.org/tournament/1Fbo1K58,Rapid,600+3,GoldenChessMonkey,GivenQ,1400,1650,,,HUMAN_vs_HUMAN,0-1,C01,54
vBrN6x9Z,Rated Rapid tournament https://lichess.org/tournament/1Fbo1K58,Rapid,600+3,benwayne,Teresashining,972,1003,,,HUMAN_vs_HUMAN,0-1,D00,54
dKPz9R0T,Rated Blitz tournament https://lichess.org/tournament/M00TxO8Z,Blitz,180+2,RoiRizo23,Newgatevv,1881,2249,,,HUMAN_vs_HUMAN,1-0,A40,1
F0RuJkGo,Rated Blitz tournament https://lichess.org/tournament/M00TxO8Z,Blitz,180+2,Joseluiskoka,XMoryiRom6,1608,1405,,,HUMAN_vs_HUMAN,1/2-1/2,C00,132
gIuFZ8bC,Rated Bullet game,Bullet,60+0,P_032688,LarrySmith1,1554,1508,,,HUMAN_vs_HUMAN,1-0,A41,55
PfVORxbA,Rated Bullet game,Bullet,60+0,mohammedAliAtta,Brahayan-2008,906,1003,,,HUMAN_vs_HUMAN,0-1,B32,42
RRXNFCmk,Rated Bullet game,Bullet,60+0,Eemann,Gio_ayllu,1308,1196,,,HUMAN_vs_HUMAN,1-0,A40,51
PkGyMOcM,Rated Blitz game,Blitz,240+3,juan_trujillo,TomPom,1491,1687,,,HUMAN_vs_HUMAN,0-1,C44,44
XnsTy1Jh,Rated Bullet game,Bullet,60+0,rolic,Beloh,1118,1078,,,HUMAN_vs_HUMAN,0-1,D30,54
xc0yFoF7,Rated Bullet game,Bullet,60+0,leolechanteur,raman324,2030,2024,,,HUMAN_vs_HUMAN,1-0,B07,35
KK0CyKvO,Rated Blitz game,Blitz,180+0,JuanGtz28,Un-SS,1308,1298,,,HUMAN_vs_HUMAN,1-0,B21,36
ccIfuqKq,Rated Blitz game,Blitz,180+0,zoroastru,AntonChigurh1,1871,1889,,,HUMAN_vs_HUMAN,1-0,B00,53
ENx0xbH4,Rated Blitz game,Blitz,180+0,maflindo_butarbutar,nhamzani,1809,1804,,,HUMAN_vs_HUMAN,1-0,C60,27
1AyZfxtd,Rated Blitz game,Blitz,180+0,nadddok,velazquezb,1185,1190,,,HUMAN_vs_HUMAN,0-1,A00,36
7M36kqtK,Rated Blitz game,Blitz,180+0,gian_Maia8,Frisenjung,1641,1633,,,HUMAN_vs_HUMAN,0-1,B10,16
kTjx3sQI,Rated Blitz game,Blitz,180+0,Salty_Rook,KingUnderCheck,1399,1458,,,HUMAN_vs_HUMAN,1-0,D02,45
13GbpZRv,Rated Blitz game,Blitz,180+0,Naigais,Rmsergio,1970,1991,,,HUMAN_vs_HUMAN,0-1,B38,108
MCgzQMBV,Rated Blitz game,Blitz,180+0,JohamyCS,continious,2130,2133,,,HUMAN_vs_HUMAN,0-1,B22,134
um9TQdrr,Rated Blitz game,Blitz,180+0,balen_eh,Sayenov92,1642,1696,,,HUMAN_vs_HUMAN,0-1,C40,32
THcUWiue,Rated Blitz game,Blitz,180+0,Lakis99,NB210,2171,2228,,,HUMAN_vs_HUMAN,1-0,C31,53
Ug9WqGnP,Rated Blitz game,Blitz,180+0,TSowell,Diegxk,911,939,,,HUMAN_vs_HUMAN,1-0,A00,41
s9RnTd3x,Rated Blitz game,Blitz,180+0,giovannipelle,Skanderborg,1478,1500,,,HUMAN_vs_HUMAN,0-1,D00,42
sMMNfZUI,Rated Blitz game,Blitz,180+0,Lakakaa,phoenixphouks,1384,1355,,,HUMAN_vs_HUMAN,0-1,C34,66
F4tSvWWV,Rated Blitz game,Blitz,240+0,msto3,Marc1717,1435,1391,,,HUMAN_vs_HUMAN,1-0,D00,97
39DV6nOJ,Rated Bullet game,Bullet,60+0,KEY_GLOCK,hakommori,1973,1955,,,HUMAN_vs_HUMAN,0-1,C20,52
SuKfMPtp,Rated Bullet game,Bullet,60+0,prvn16,TheKingsMate,1497,1448,,,HUMAN_vs_HUMAN,1-0,A04,37
8uYMuo87,Rated Bullet game,Bullet,60+0,cfdticom,TKMan,2150,2151,,,HUMAN_vs_HUMAN,1-0,C00,17
UDZjzo7P,Rated Bullet game,Bullet,60+0,Narndil,eblad,1629,1661,,,HUMAN_vs_HUMAN,0-1,E61,46
9ana0DIn,Rated Bullet game,Bullet,60+0,m0tbka,aibanezz,1163,1152,,,HUMAN_vs_HUMAN,1-0,B06,51
DBheXxHR,Rated Bullet game,Bullet,60+0,Lanzero9000,Chidemerem,1768,1729,,,HUMAN_vs_HUMAN,1-0,A00,59
n7UY1vuO,Rated Bullet game,Bullet,60+0,Spasoje82,PremiumScotch,1806,1804,,,HUMAN_vs_HUMAN,0-1,B50,48
rk9VhnJK,Rated Bullet game,Bullet,60+0,BobbyTaL2020,TRGT99lw,1942,1919,,,HUMAN_vs_HUMAN,1-0,A46,113
EKgbd9HR,Rated Bullet game,Bullet,60+0,mohamedesmail1998,YanSG,1303,1298,,,HUMAN_vs_HUMAN,0-1,C00,36
QRuq0Qxb,Rated Bullet game,Bullet,60+0,Shrike72,williazz,1625,1627,,,HUMAN_vs_HUMAN,1-0,A00,89
y1YIECBS,Rated Bullet game,Bullet,60+0,Sepehrov,teikaluk,2535,2573,,,HUMAN_vs_HUMAN,1-0,A01,79
KxHxiozh,Rated Bullet game,Bullet,60+0,LetsTradeQueens,CryptoNight9000,2110,2037,,,HUMAN_vs_HUMAN,1-0,A81,75
bXVhzLEW,Rated Bullet game,Bullet,60+0,gomi-22,Jmaquino1,903,1071,,,HUMAN_vs_HUMAN,0-1,A01,70
E5YWIGix,Rated Bullet game,Bullet,60+0,MarlusCagnusen,QueenKingPawn,1166,1208,,,HUMAN_vs_HUMAN,1-0,C20,51
KkJbQXaa,Rated Bullet game,Bullet,60+0,CaminanteRojo,paulobm,1669,1686,,,HUMAN_vs_HUMAN,0-1,A04,80
G8W5HG9y,Rated Bullet game,Bullet,60+0,WALTER_MACO,Xelais,1896,1821,,,HUMAN_vs_HUMAN,0-1,C23,80
6H1CApQo,Rated Blitz game,Blitz,300+3,dbtcpro,fazil88,1454,1461,,,HUMAN_vs_HUMAN,1/2-1/2,A00,128
B8eJfnvw,Rated Bullet game,Bullet,60+0,caleuche,forfight,2136,2121,,,HUMAN_vs_HUMAN,1-0,A40,103
taBT0V27,Rated Blitz game,Blitz,180+0,Maldoror2,rikum20,1399,1372,,,HUMAN_vs_HUMAN,1-0,B00,57
4OhicNCi,Rated Rapid game,Rapid,600+5,ottonello,boss777man,1484,1470,,,HUMAN_vs_HUMAN,1-0,B00,19
LpQreKOO,Rated Rapid game,Rapid,600+5,simonvh,BrandonHolman,1644,1623,,,HUMAN_vs_HUMAN,1-0,B01,27
cPMRdRO3,Rated Rapid game,Rapid,600+5,SerafinoFi,AlessandrodaRoma,1684,1716,,,HUMAN_vs_HUMAN,1-0,C50,107
UTLrM1Fz,Rated Rapid game,Rapid,600+5,Ellerenrique,Scrambler78,1510,1560,,,HUMAN_vs_HUMAN,0-1,C54,80
DjrmhU5Y,Rated Rapid game,Rapid,600+5,miguel62,RussOffGlory,1388,1374,,,HUMAN_vs_HUMAN,1-0,C29,41
dWmz6C3J,Rated Rapid game,Rapid,600+5,bender9000,Bkaraca71,1653,1653,,,HUMAN_vs_HUMAN,0-1,C24,32
pMnS0vXQ,Rated Rapid game,Rapid,600+5,antonmaged,natech,1199,1261,,,HUMAN_vs_HUMAN,1-0,C50,21
HZquRS4k,Rated Rapid game,Rapid,600+5,grumpyking,sebastien1,1052,1029,,,HUMAN_vs_HUMAN,1-0,D00,50
UWM8XzDo,Rated Blitz game,Blitz,300+0,Wwtcampy,pollitodedama,1108,1107,,,HUMAN_vs_HUMAN,0-1,C41,58
hqC2QfbK,Rated Blitz game,Blitz,300+0,Salo72,valnem56,1936,1955,,,HUMAN_vs_HUMAN,0-1,B05,126
qUaPn6kY,Rated Blitz game,Blitz,300+0,miusky,CapeStGeorge,2194,2196,,,HUMAN_vs_HUMAN,1-0,C36,69
p7RPU37i,Rated Blitz game,Blitz,300+0,Ermek01,jhmontejo,1580,1574,,,HUMAN_vs_HUMAN,0-1,B00,70
mGEJUdFl,Rated Blitz game,Blitz,300+0,caballa72,cloudms,2134,2185,,,HUMAN_vs_HUMAN,1-0,D02,27
EGj6Wcn9,Rated Blitz game,Blitz,300+0,ChessOnlyForFun,secretum,2109,2067,,,HUMAN_vs_HUMAN,0-1,C02,96
A2p5pd1G,Rated Blitz game,Blitz,300+0,carlosgovea4444,Arabela87,1901,1906,,,HUMAN_vs_HUMAN,1-0,C55,105
ceK2jmDL,Rated Blitz game,Blitz,300+0,mariques,Pillenman,1466,1463,,,HUMAN_vs_HUMAN,1-0,B20,70
Xyw2769w,Rated Blitz game,Blitz,300+0,Hilltopper,TurkeyDano,1718,1810,,,HUMAN_vs_HUMAN,0-1,A00,38
f1amekf3,Rated Blitz game,Blitz,300+0,Garonmae,alexjosephs,1820,1879,,,HUMAN_vs_HUMAN,0-1,D00,65
6So2ch1B,Rated Blitz game,Blitz,300+0,Jhpach,Lo_gat_negre,1327,1383,,,HUMAN_vs_HUMAN,1-0,D02,113
rXWf3t4h,Rated Blitz game,Blitz,300+0,belldingers,graffouille,981,860,,,HUMAN_vs_HUMAN,1-0,B01,49
LnRbcnrU,Rated Blitz game,Blitz,300+0,simonhena,chessislive12,1230,1235,,,HUMAN_vs_HUMAN,0-1,C20,24
2Xco8IV1,Rated Blitz game,Blitz,300+0,Telat77,TheCingirit,1250,1280,,,HUMAN_vs_HUMAN,0-1,C40,56
6R6ZUBmB,Rated Blitz game,Blitz,300+0,Galvanik,farzadmarhamati,1297,1282,,,HUMAN_vs_HUMAN,1-0,A01,121
hR9vs7Gz,Rated Blitz game,Blitz,300+0,Hanshishi,Fright_Knight78,1058,1075,,,HUMAN_vs_HUMAN,0-1,C44,92
nCv2MTNn,Rated Blitz game,Blitz,180+2,gabriel570869,Moutard65,2342,2360,,,HUMAN_vs_HUMAN,0-1,B12,84
pw2GQ1fy,Rated Blitz game,Blitz,180+2,Bojannnn,elmerio,1528,1528,,,HUMAN_vs_HUMAN,1-0,B50,51
GckwOeAu,Rated Blitz game,Blitz,180+2,RickyTickiTembo,Harry1398_77,1745,1782,,,HUMAN_vs_HUMAN,1-0,C62,61
RDKzCbgD,Rated Blitz game,Blitz,180+2,adnooo61,mariomangubat,2225,2261,,,HUMAN_vs_HUMAN,1-0,A40,65
6aPdJkw3,Rated Blitz game,Blitz,180+2,voyager2001,alejoroldn,1415,1402,,,HUMAN_vs_HUMAN,0-1,B30,52
jQyw4z7m,Rated Blitz game,Blitz,180+2,jalu53,navastarter,1214,1233,,,HUMAN_vs_HUMAN,0-1,B01,104
H6XTcIZy,Rated Blitz game,Blitz,180+2,WinterSport,AHMAD93ABD,1566,1624,,,HUMAN_vs_HUMAN,1-0,A21,59
aKDVB1w5,Rated Bullet game,Bullet,120+1,ZeroStrategy0110,zestsunil,1308,1267,,,HUMAN_vs_HUMAN,1-0,C02,59
XcXtx7Dm,Rated UltraBullet game,UltraBullet,15+0,flyingsombrero,clipkin3,1869,1943,,,HUMAN_vs_HUMAN,0-1,A05,74
8bbxZRpp,Rated Bullet game,Bullet,60+0,Redbeard_the_pirate,bustmustplus,1725,1795,,,HUMAN_vs_HUMAN,0-1,B20,22
Ps0QOWjJ,Rated Bullet game,Bullet,60+0,alltime,beta_Male_0,2074,2073,,,HUMAN_vs_HUMAN,0-1,A21,122
ZwWQ0JFH,Rated Bullet game,Bullet,60+0,gruenesmonster,GuaxinimGamer,1390,1375,,,HUMAN_vs_HUMAN,1-0,C02,79
ZvUVvnkX,Rated Bullet game,Bullet,60+0,WB1899,yordano_frank,2255,2100,,,HUMAN_vs_HUMAN,1-0,D06,107
oOI3SODr,Rated Bullet game,Bullet,60+0,galibwyn,aqb,2095,2086,,,HUMAN_vs_HUMAN,1/2-1/2,B22,124
CIpE7A4v,Rated Bullet game,Bullet,60+0,Streakwing,nylesiddiqui,1842,1893,,,HUMAN_vs_HUMAN,0-1,B06,64
GugApQfQ,Rated Bullet game,Bullet,60+0,Messi_101,superlinus,2376,2322,,,HUMAN_vs_HUMAN,0-1,C46,106
5rCGbGuh,Rated Bullet game,Bullet,60+0,BUGGA12,Jojobr99,2005,1986,,,HUMAN_vs_HUMAN,1-0,D05,47
prGRs16l,Rated Bullet game,Bullet,60+0,Creature_of_Habit,pacacob,1960,1972,,,HUMAN_vs_HUMAN,1-0,B50,59
tT9VM2w2,Rated Bullet game,Bullet,60+0,Inanc1,d22_2,1437,1450,,,HUMAN_vs_HUMAN,1-0,D02,55
ROcU3l9z,Rated Bullet game,Bullet,60+0,GhettoFianchetto,Kaputski,1648,1700,,,HUMAN_vs_HUMAN,0-1,B06,43
QEDNgfaH,Rated Bullet game,Bullet,60+0,peru12345,Roseofthesilverdusk,1910,1916,,,HUMAN_vs_HUMAN,1-0,B00,23
b1PVAK06,Rated Bullet game,Bullet,60+0,Noriam,Kurgan0303,2170,2109,,,HUMAN_vs_HUMAN,0-1,A43,40
2WmkN8ro,Rated Bullet game,Bullet,60+0,Remontando,BRPOP,1648,1646,,,HUMAN_vs_HUMAN,0-1,B06,74
94a0396s,Rated Bullet game,Bullet,60+0,SamVC,Hans_Sprongfeld,2014,2036,,,HUMAN_vs_HUMAN,0-1,B06,58
PlCcChCs,Rated Bullet game,Bullet,120+1,JoseMaria2019,Mahmoudbakr7,1861,2020,,,HUMAN_vs_HUMAN,0-1,B08,45
zhOPUR1j,Rated Rapid game,Rapid,600+0,niewiederschule,Forjaz,1631,1662,,,HUMAN_vs_HUMAN,1-0,B20,31
ngwSnGIL,Rated Rapid game,Rapid,600+0,LeFodon,exegesis1,1704,1738,,,HUMAN_vs_HUMAN,0-1,B10,42
dEBWmUCY,Rated Rapid game,Rapid,600+0,Lvcci_Hxxxze,EvgeniyLutskiy,879,835,,,HUMAN_vs_HUMAN,0-1,A00,46
chNIj6Ol,Rated Rapid game,Rapid,600+0,West_Coast_Johnny,ExtremeOrange,1410,1363,,,HUMAN_vs_HUMAN,0-1,C50,36
xbwkqjc7,Rated Rapid game,Rapid,600+0,phydoo,JungleCrocodile,1463,1538,,,HUMAN_vs_HUMAN,0-1,C50,28
j60qrkkn,Rated Rapid game,Rapid,600+0,mjooezz,Astrobrandy,1799,1788,,,HUMAN_vs_HUMAN,1-0,A01,43
jL1PtBen,Rated Rapid game,Rapid,600+0,Huape23,JC781,1219,1267,,,HUMAN_vs_HUMAN,0-1,C23,50
Dsap0VIz,Rated Rapid game,Rapid,600+0,littlewing2,safrane1,1436,1525,,,HUMAN_vs_HUMAN,0-1,B00,50
vEnSRbBE,Rated Rapid game,Rapid,600+0,Ivan-3000,sadawy12,2020,1962,,,HUMAN_vs_HUMAN,1-0,C44,127
9bTjgPI4,Rated Rapid game,Rapid,600+0,AdrianTheChessManiac,fotheringham,1288,1317,,,HUMAN_vs_HUMAN,0-1,D00,106
9Cd4dTmd,Rated Rapid game,Rapid,600+0,StudyChessAcct,Rahul_R_1427,1769,1751,,,HUMAN_vs_HUMAN,0-1,C64,54
fejFokKq,Rated Rapid game,Rapid,600+0,v5jayy,gemyags28,1135,1124,,,HUMAN_vs_HUMAN,0-1,A45,76
fe0QMteX,Rated Bullet game,Bullet,60+0,RandomOrder,Roham1371,2072,2046,,,HUMAN_vs_HUMAN,0-1,D43,46
5XxNXq06,Rated Blitz game,Blitz,180+0,Shura22,cjchesses,1214,1229,,,HUMAN_vs_HUMAN,1-0,C47,45
smiwZ6wh,Rated Blitz game,Blitz,180+0,Ryuzaki-Hideki,ZS3457,2121,2121,,,HUMAN_vs_HUMAN,1-0,A05,59
qeqEd5oS,Rated Blitz game,Blitz,180+0,campbo87,Tonraf,1625,1610,,,HUMAN_vs_HUMAN,0-1,D06,76
p5KCTcLV,Rated Blitz game,Blitz,180+0,kenjc,jimmyleedidit,1210,1147,,,HUMAN_vs_HUMAN,0-1,D07,62
9zbmhQoK,Rated Blitz game,Blitz,180+0,sanjosesam,comandante23,2053,2057,,,HUMAN_vs_HUMAN,1-0,B23,119
t3jzNPy9,Rated Blitz game,Blitz,180+0,ysholqamy,VK1709,1919,1926,,,HUMAN_vs_HUMAN,1/2-1/2,C00,78
woAGVX3G,Rated Blitz game,Blitz,180+0,Dicki,interstallar,1927,1973,,,HUMAN_vs_HUMAN,0-1,D00,7
XhlQLNZz,Rated Blitz game,Blitz,180+0,Shezzykhan25,thenew86,1031,1053,,,HUMAN_vs_HUMAN,1-0,C20,67
tUHmPb9E,Rated Blitz game,Blitz,180+0,Chooshpan,Gashimov_Student,2419,2316,,,HUMAN_vs_HUMAN,1-0,C92,87
GBdZvVTj,Rated Blitz game,Blitz,180+0,aaalexxx777,Wilito282,1079,1055,,,HUMAN_vs_HUMAN,0-1,C23,70
WX4FJo42,Rated Blitz game,Blitz,180+0,josher35,yetgarcia,2043,2002,,,HUMAN_vs_HUMAN,1-0,C41,68
cTgatxVe,Rated Blitz game,Blitz,180+0,chipunu,Generalludd,2250,2233,,,HUMAN_vs_HUMAN,1-0,D30,107
k6GA22oa,Rated Blitz game,Blitz,180+0,max999s,Espartano4t,1456,1451,,,HUMAN_vs_HUMAN,1/2-1/2,A00,80
fAhzjCh3,Rated Blitz game,Blitz,180+0,grpsismo,Jp-Lannister25,1599,1608,,,HUMAN_vs_HUMAN,1-0,B10,71
QQiNQ8D7,Rated Blitz game,Blitz,180+0,ininad,JongXX06,1817,1852,,,HUMAN_vs_HUMAN,0-1,A45,37
yNpU7O61,Rated Blitz game,Blitz,180+0,knightsteven,dediktsi,1886,1860,,,HUMAN_vs_HUMAN,0-1,A40,4
VLpiBUxe,Rated Bullet game,Bullet,120+1,Derekunicamente,Tarikakbas,776,792,,,HUMAN_vs_HUMAN,0-1,D06,30
stUP8D2o,Rated Bullet game,Bullet,120+1,JorEl_2019,Scheuni,1702,1772,,,HUMAN_vs_HUMAN,0-1,A01,106
IVzN8reB,Rated Bullet game,Bullet,120+1,FaustoSoaresJunior,SierraChampion,1181,1082,,,HUMAN_vs_HUMAN,1-0,A00,23
3LUMRlzS,Rated Bullet game,Bullet,120+1,garoofmoon,HiltonMaly,1684,1685,,,HUMAN_vs_HUMAN,1-0,A25,33
W76HIdXb,Rated Bullet game,Bullet,120+1,berenjenal,ismacastro,1869,1899,,,HUMAN_vs_HUMAN,0-1,D35,92
lzendlZo,Rated Bullet game,Bullet,120+1,xay0,AstorBH,1582,1606,,,HUMAN_vs_HUMAN,1-0,B32,55
OnHA3CHe,Rated Bullet game,Bullet,120+1,wassock,Lukasbss,1346,1322,,,HUMAN_vs_HUMAN,1-0,A48,103
zrFLPxh3,Rated Bullet game,Bullet,120+1,DyadyaAaron,pwkd,1628,1610,,,HUMAN_vs_HUMAN,0-1,B12,28
rMKNotBW,Rated Bullet game,Bullet,120+1,Toschka,Capasid,2068,2056,,,HUMAN_vs_HUMAN,1-0,A46,30
AVCAHlw9,Rated Bullet game,Bullet,120+1,anugrah_dewantoro,marciops,1814,1829,,,HUMAN_vs_HUMAN,1-0,B13,59
9ZFsW4zb,Rated Blitz game,Blitz,300+3,boukharihamza05,rewpok,1034,1051,,,HUMAN_vs_HUMAN,1/2-1/2,C42,111
YSCdq9aX,Rated Bullet game,Bullet,60+0,dDilmurattt121865,basher22,2180,2166,,,HUMAN_vs_HUMAN,1-0,B21,99
wctUyeka,Rated Blitz game,Blitz,180+0,Miguel1968,MythiqueOne,1405,1453,,,HUMAN_vs_HUMAN,0-1,A06,56
qlCH77T2,Rated Blitz game,Blitz,180+0,LBforce,katalino,2277,2173,,,HUMAN_vs_HUMAN,1-0,B22,43
VxfWFg7M,Rated Blitz game,Blitz,180+0,Abell_1201,dated_psycho,2021,1992,,,HUMAN_vs_HUMAN,1-0,A40,55
YUGJy152,Rated Blitz game,Blitz,180+0,Subardo,Anntasena,1468,1456,,,HUMAN_vs_HUMAN,0-1,A40,46
wivclW4E,Rated Blitz game,Blitz,180+0,Monarch2023,dufo14,2291,2253,,,HUMAN_vs_HUMAN,0-1,B31,56
h4darox0,Rated Blitz game,Blitz,180+0,LeandroCasla7,Norhallen,1710,1837,,,HUMAN_vs_HUMAN,1-0,A06,63
r4fhC5fZ,Rated Blitz game,Blitz,180+0,nocuttingcorners,I_Godzilla,1600,1619,,,HUMAN_vs_HUMAN,1-0,B28,35
DsaVMPqv,Rated Blitz game,Blitz,180+0,rfelipem,seantaylor2,1561,1548,,,HUMAN_vs_HUMAN,1-0,C54,85
HkGhpk9x,Rated Blitz game,Blitz,180+0,DrBwell,Vladimirbandurin1969,1634,1638,,,HUMAN_vs_HUMAN,1-0,A10,53
fmP5M8lm,Rated Blitz game,Blitz,180+0,julien31,constantine0416,1521,1529,,,HUMAN_vs_HUMAN,1-0,B00,83
p90DaNvE,Rated Blitz game,Blitz,180+0,ESP-918,kanokaro,2197,2338,,,HUMAN_vs_HUMAN,0-1,A00,142
QlUMwJ4O,Rated Blitz game,Blitz,180+0,baldas,H3BIL_plvn,1693,1694,,,HUMAN_vs_HUMAN,0-1,A40,82
QQ51JkAi,Rated Blitz game,Blitz,180+0,fabioferasa,Artemid,1889,1813,,,HUMAN_vs_HUMAN,1-0,A07,39
y0OXRN2W,Rated Blitz game,Blitz,180+0,raushan101,LUANMAR,1501,1487,,,HUMAN_vs_HUMAN,0-1,C20,50
FVUUcIhv,Rated Blitz game,Blitz,180+0,Aslan_Davletov,aDistract10n,1645,1686,,,HUMAN_vs_HUMAN,1-0,D06,53
z56O5U7b,Rated Blitz game,Blitz,180+0,dnv15,Sandigel,1750,1729,,,HUMAN_vs_HUMAN,0-1,D94,60
c8cXhxst,Rated Bullet game,Bullet,60+0,dilarat_ilki,NoneFieldMex,1226,1211,,,HUMAN_vs_HUMAN,1-0,B20,47
4CigXFmi,Rated Rapid game,Rapid,600+0,YounoKn,Jandrija1,1866,1851,,,HUMAN_vs_HUMAN,0-1,D20,44
hsMS8LK3,Rated Bullet game,Bullet,60+0,sakito,Aggiejedimaster,1792,1797,,,HUMAN_vs_HUMAN,1-0,B10,29
ef8gqP5N,Rated Bullet game,Bullet,60+0,Bruxo,HS91,2090,2086,,,HUMAN_vs_HUMAN,1-0,A10,25
u3MhDljs,Rated Bullet game,Bullet,60+0,aliouuuw,generalistsam,1916,1937,,,HUMAN_vs_HUMAN,1-0,A00,129
RBZWr8yq,Rated Bullet game,Bullet,60+0,DoldJr,HNAYEM,1120,953,,,HUMAN_vs_HUMAN,1-0,C46,43
bvZWFW69,Rated Bullet game,Bullet,60+0,Ahmedibrahim11EEE,ecankoparal1,1313,1340,,,HUMAN_vs_HUMAN,1-0,D02,77
SE4cEGZD,Rated Bullet game,Bullet,60+0,muffiess,itsblundertime,1614,1603,,,HUMAN_vs_HUMAN,0-1,C62,86
E0ILvCpG,Rated Bullet game,Bullet,60+0,tolete33,abraschild,2062,2032,,,HUMAN_vs_HUMAN,1-0,C30,67
EPGP8Esm,Rated Bullet game,Bullet,60+0,chopchopPaks,Nosaurus,1479,1509,,,HUMAN_vs_HUMAN,0-1,C00,46
wJYMbxmn,Rated Bullet game,Bullet,60+0,Khotimah,kangahmad,2167,2183,,,HUMAN_vs_HUMAN,1-0,C25,107
S7XqRxxE,Rated Bullet game,Bullet,60+0,matin97531,DmitryKhramov,1346,1378,,,HUMAN_vs_HUMAN,0-1,C44,84
p2CbWxLx,Rated Bullet game,Bullet,60+0,KnightBee,Tilting,1829,1828,,,HUMAN_vs_HUMAN,0-1,D00,76
YxQfm38A,Rated Bullet game,Bullet,60+0,Profdu,DMR3,1702,1748,,,HUMAN_vs_HUMAN,0-1,C25,64
EIgBci56,Rated Bullet game,Bullet,60+0,sabry1118,GEV0RG,1213,1183,,,HUMAN_vs_HUMAN,1-0,C41,43
NwLzZ2o5,Rated Bullet game,Bullet,60+0,Braxo87,OhheckImincheck,1537,1511,,,HUMAN_vs_HUMAN,1-0,B00,35
OUiJVCRg,Rated Bullet game,Bullet,60+0,Surcomx100,Dudasilva,1618,1620,,,HUMAN_vs_HUMAN,1-0,C00,93
3UyqE1Rt,Rated Rapid game,Rapid,600+0,mus90,Kamkat18,1805,1765,,,HUMAN_vs_HUMAN,0-1,B70,34
FyOzEZiZ,Rated Blitz game,Blitz,300+0,Ahmedabdelhamed,trezvyj,1199,1213,,,HUMAN_vs_HUMAN,1-0,A40,39
KqPxhcWr,Rated Blitz game,Blitz,300+0,Psicologa,fatadada,1902,1853,,,HUMAN_vs_HUMAN,0-1,C23,30
OZLz1UTt,Rated Blitz game,Blitz,300+0,Ibrahim_ll,ascosta2021,1447,1458,,,HUMAN_vs_HUMAN,0-1,B01,60
fVdx4qfi,Rated Blitz game,Blitz,300+0,jeanrobi84,marcosdeath,1517,1468,,,HUMAN_vs_HUMAN,0-1,B00,101
UvlZkClR,Rated Blitz game,Blitz,300+0,dilettante_at_best,salmario,1919,1909,,,HUMAN_vs_HUMAN,1-0,E90,71
CJaJd3ev,Rated Blitz game,Blitz,300+0,jony7777,Revizor21,1724,1781,,,HUMAN_vs_HUMAN,1-0,B00,69
hjNF0mD0,Rated Blitz game,Blitz,300+0,bolverk12,pjarana,1956,1935,,,HUMAN_vs_HUMAN,1-0,D02,55
kWboq3CN,Rated Blitz game,Blitz,300+0,Nsetiadi,serggas,2266,1663,,,HUMAN_vs_HUMAN,0-1,A40,10
qj1YUW16,Rated Blitz game,Blitz,300+0,chandravanshi1,venuMgopal,1573,1593,,,HUMAN_vs_HUMAN,0-1,C41,86
osH9swkj,Rated Blitz game,Blitz,300+0,Nrl7221,Chanster,994,911,,,HUMAN_vs_HUMAN,1-0,B00,83
1PjKw1Iq,Rated Blitz game,Blitz,300+0,LyudaKlava,ham5dy,1106,1088,,,HUMAN_vs_HUMAN,1-0,A45,55
8nTS7M8E,Rated Blitz game,Blitz,300+0,Goodwin57,Nel3000,1808,1789,,,HUMAN_vs_HUMAN,0-1,A10,58
Pm9SUiUv,Rated Blitz game,Blitz,300+0,vaeh88,onlyonel,1536,1534,,,HUMAN_vs_HUMAN,1-0,C54,71
GNc2IBlY,Rated Blitz game,Blitz,300+0,Malek-77,GoyushovAli0,1674,1637,,,HUMAN_vs_HUMAN,1/2-1/2,A40,82
wAmjMm7e,Rated Blitz game,Blitz,300+0,Arman131415,TMA2009,873,857,,,HUMAN_vs_HUMAN,0-1,A00,56
pvVzbi5l,Rated Blitz game,Blitz,300+0,Riro2023,qasperkopolo1,1291,1293,,,HUMAN_vs_HUMAN,1-0,D00,31
8UH9DAJP,Rated Blitz game,Blitz,300+0,Iakis,RASHIDKHAN4321,1302,1311,,,HUMAN_vs_HUMAN,0-1,C23,44
whSkQzC5,Rated Blitz game,Blitz,300+0,paywallplayer,ararat75,1363,1341,,,HUMAN_vs_HUMAN,1-0,B01,25
Zs37GIOo,Rated Blitz game,Blitz,300+0,DadCityOne,SrgM,1631,1610,,,HUMAN_vs_HUMAN,1-0,C23,67
0t3vGJt1,Rated Blitz game,Blitz,180+2,kardoacademy,Leonid_Khodos,1779,1914,,,HUMAN_vs_HUMAN,1-0,B21,19
EsnlkcFk,Rated Blitz game,Blitz,180+0,islamchess5,InkComyet,2109,2152,,,HUMAN_vs_HUMAN,1/2-1/2,A40,85
ZlzF2Api,Rated Blitz game,Blitz,180+2,ferramos25,gameshot_35,1422,1487,,,HUMAN_vs_HUMAN,0-1,B28,40
Hbx7Hjhr,Rated Blitz game,Blitz,180+2,qallysta,kjartman,1335,1309,,,HUMAN_vs_HUMAN,0-1,C21,36
OUSJeTH6,Rated Blitz game,Blitz,180+2,Zocato59,TotidePuelo,1941,1924,,,HUMAN_vs_HUMAN,0-1,D00,66
yRxMI3Nc,Rated Blitz game,Blitz,180+2,laith_diab33,MariyaMikhaliyta,1572,1571,,,HUMAN_vs_HUMAN,1-0,B01,33
3oBbrdXi,Rated Blitz game,Blitz,180+2,schefferjunior,TaleenKhalid,1842,1825,,,HUMAN_vs_HUMAN,1/2-1/2,C50,121
YyxUlxc0,Rated Blitz game,Blitz,180+2,jeronibergas,GerardCasanovas1,1946,2022,,,HUMAN_vs_HUMAN,0-1,D02,38
IAZVhzKq,Rated Blitz game,Blitz,180+2,Alcurnia,PeterGreen,2327,2327,,,HUMAN_vs_HUMAN,1-0,E24,39
itwbCgDl,Rated Blitz game,Blitz,300+0,GRome30,viraglevente,1514,1545,,,HUMAN_vs_HUMAN,0-1,B22,96
SlKpp1Ud,Rated Blitz game,Blitz,300+0,MIhail19051982,RISHIKAplaymate,1945,1926,,,HUMAN_vs_HUMAN,0-1,A00,90
EKV40IIh,Rated Blitz game,Blitz,300+0,players12534,Woman40,658,742,,,HUMAN_vs_HUMAN,0-1,C20,100
yP37Ffim,Rated Bullet game,Bullet,60+0,GotaZelaya1,Arsen_pro01,915,1137,,,HUMAN_vs_HUMAN,1-0,C25,123
ZTsRkpdD,Rated Bullet game,Bullet,30+0,Clindamicin300,Aquino29,1719,1752,,,HUMAN_vs_HUMAN,1-0,B01,81
M5iJeSi4,Rated Bullet game,Bullet,60+0,jarcmaster,EbrahimRamzat,1384,1294,,,HUMAN_vs_HUMAN,0-1,A01,62
oU0a3c9e,Rated Bullet game,Bullet,60+0,Joko10,Mekerov_Magomet,1908,1910,,,HUMAN_vs_HUMAN,0-1,B01,44
9dNPWDmt,Rated Bullet game,Bullet,60+0,Ahmeterarslan,EdgardoCochesumare,2162,2127,,,HUMAN_vs_HUMAN,0-1,A00,82
6o66XVCO,Rated Bullet game,Bullet,60+0,Fouad_122,AronNimz0witsch,1253,1233,,,HUMAN_vs_HUMAN,0-1,B23,54
05mRZ04F,Rated Bullet game,Bullet,60+0,thistefanelli,jairmito,1565,1562,,,HUMAN_vs_HUMAN,1-0,A46,67
rroNf8d2,Rated Bullet game,Bullet,60+0,sinancap12,MateIN83,1012,990,,,HUMAN_vs_HUMAN,0-1,C40,54
vPda8CVk,Rated Bullet game,Bullet,60+0,Venomxx,bop66,2016,1944,,,HUMAN_vs_HUMAN,1-0,B01,67
WiIw6Lbz,Rated Bullet game,Bullet,60+0,ShinraTensei46,lgmonezi,1661,1608,,,HUMAN_vs_HUMAN,1-0,A00,57
II85HQM7,Rated Bullet game,Bullet,60+0,lucio_principiante,RAIDERS-FC,2091,2079,,,HUMAN_vs_HUMAN,0-1,A46,3
qKf2963g,Rated Bullet game,Bullet,60+0,regis_2012,Activisionados,1706,1725,,,HUMAN_vs_HUMAN,0-1,C01,72
Njt4WeIi,Rated Bullet game,Bullet,60+0,olmosk,Kelvita,1663,1646,,,HUMAN_vs_HUMAN,0-1,B01,80
hDIOOc16,Rated Bullet game,Bullet,60+0,dnkefua,Newonfav,2103,2109,,,HUMAN_vs_HUMAN,1-0,A00,67
StDqhLFO,Rated Bullet game,Bullet,60+0,Mali2003,alev100,1745,1733,,,HUMAN_vs_HUMAN,1-0,C44,71
yIaNJNfT,Rated Bullet game,Bullet,60+0,DrGrogovich,nazriz,2276,2377,,,HUMAN_vs_HUMAN,0-1,B00,84
GIEMRMMv,Rated Bullet game,Bullet,60+0,medium123,irvinjoao19,1895,1831,,,HUMAN_vs_HUMAN,0-1,D06,54
AKl9yn3g,Rated Bullet game,Bullet,60+0,alex0403,terrysilver,1766,1808,,,HUMAN_vs_HUMAN,0-1,C20,42
B4Wr1FAE,Rated Bullet game,Bullet,60+0,Artur_Kamaldinov,dimak24,2372,2343,,,HUMAN_vs_HUMAN,0-1,C00,90
ZZxlLBM6,Rated Rapid game,Rapid,600+0,Raijohnson,vojvodatarski,1393,1376,,,HUMAN_vs_HUMAN,1-0,C50,29
31gMozAL,Rated Rapid game,Rapid,600+0,elagutedestroza,Pintofeli,1492,1451,,,HUMAN_vs_HUMAN,0-1,C50,64
090OZzGE,Rated Rapid game,Rapid,600+0,riego63,mhmod95,1325,1342,,,HUMAN_vs_HUMAN,0-1,B00,18
pAG7enxD,Rated Rapid game,Rapid,600+0,Hero_0,Ardadoruk83,1118,1224,,,HUMAN_vs_HUMAN,0-1,A20,38
RZWiH5CX,Rated Rapid game,Rapid,600+0,gpolinesi,AhmedEladawy0,1229,1226,,,HUMAN_vs_HUMAN,0-1,B01,100
JfExje5H,Rated Rapid game,Rapid,600+0,GreatSwami,RogerTico,1568,1551,,,HUMAN_vs_HUMAN,0-1,D01,106
c6l6UT83,Rated Rapid game,Rapid,600+0,appy11,Hephaistos22,1517,1528,,,HUMAN_vs_HUMAN,0-1,A01,82
DrdpYChR,Rated Rapid game,Rapid,600+0,BigArabDaddy,adinanleme,1451,1444,,,HUMAN_vs_HUMAN,0-1,C54,22
gm81apbv,Rated Rapid game,Rapid,600+0,MaxImka9120,Awadhlwa78,2029,1992,,,HUMAN_vs_HUMAN,1-0,C00,27
zj1A7CDS,Rated Rapid game,Rapid,600+0,KarlDerKaese,shapour11223,2185,2239,,,HUMAN_vs_HUMAN,0-1,C54,34
Kx4zKiMm,Rated Rapid game,Rapid,600+0,kris000,Kurgard,909,917,,,HUMAN_vs_HUMAN,1-0,C44,37
Zy8PLoip,Rated Rapid game,Rapid,600+0,chessapeek,poofies,1087,945,,,HUMAN_vs_HUMAN,1-0,C00,81
KFMulF9C,Rated Rapid game,Rapid,600+0,Axelsm,Uzunyan,1298,1324,,,HUMAN_vs_HUMAN,0-1,B20,106
zwNnt5uL,Rated Blitz game,Blitz,180+2,Elghali15,ahadsiabi,1481,1527,,,HUMAN_vs_HUMAN,0-1,C22,72
bhlOw43j,Rated Blitz game,Blitz,180+0,Malazibo,Karlos6307,1454,1464,,,HUMAN_vs_HUMAN,1-0,B22,89
x3D00BbM,Rated Blitz game,Blitz,180+0,PAULILLO,Smucalo,1735,1667,,,HUMAN_vs_HUMAN,0-1,C40,120
T8RNewOv,Rated Blitz game,Blitz,180+0,Kwtu,Jeremiascarrilloverd,603,909,,,HUMAN_vs_HUMAN,0-1,C23,30
qzPeRkxk,Rated Blitz game,Blitz,180+0,Pasime,vfrcbvec,2217,2202,,,HUMAN_vs_HUMAN,0-1,B00,62
ih4DCe7f,Rated Blitz game,Blitz,180+0,Samyabonada7227,Chichinalense,1995,2004,,,HUMAN_vs_HUMAN,0-1,A00,62
N8BTpNp5,Rated Blitz game,Blitz,180+0,kpeu3e,caygo10,1869,1853,,,HUMAN_vs_HUMAN,0-1,A40,66
IYzxCvtq,Rated Blitz game,Blitz,180+0,arquitekten,besteverworldwide,1755,1628,,,HUMAN_vs_HUMAN,1-0,C50,73
QRm2lLku,Rated Blitz game,Blitz,180+0,Carlo6,FFerNando10,2017,2015,,,HUMAN_vs_HUMAN,1-0,B17,119
N058lz0n,Rated Blitz game,Blitz,180+0,MSalehN,ogcfoles13,1159,1157,,,HUMAN_vs_HUMAN,1/2-1/2,D00,33
VEsSmTLo,Rated Blitz game,Blitz,180+0,santiagotorres8127,pallywise,1945,1949,,,HUMAN_vs_HUMAN,1-0,B01,89
qvdz7dq9,Rated Blitz game,Blitz,180+0,Dima-winner,musik92,2372,2434,,,HUMAN_vs_HUMAN,0-1,A48,82
hPvXp9Ih,Rated Blitz game,Blitz,180+0,Babinicz,tamerlan2018,1975,1991,,,HUMAN_vs_HUMAN,1-0,B15,23
C0aKJLUx,Rated Blitz game,Blitz,180+0,tdmanv,yaryar29,1244,1215,,,HUMAN_vs_HUMAN,1-0,C41,45
pFjsOpIi,Rated Blitz game,Blitz,180+0,bchand,ElasticDancer,1425,1456,,,HUMAN_vs_HUMAN,1-0,A00,97
LmFpu34x,Rated Blitz game,Blitz,180+0,Leo_38,jhsantos75,1364,1371,,,HUMAN_vs_HUMAN,1-0,B06,62
031cfTYh,Rated Blitz game,Blitz,180+0,fandrfa,knucenbolcen,2255,2247,,,HUMAN_vs_HUMAN,0-1,A43,80
5rqF2a2V,Rated Blitz game,Blitz,180+0,Pikemaster,Shakole,1566,1539,,,HUMAN_vs_HUMAN,1-0,C25,19
uR3G0zKu,Rated Blitz game,Blitz,180+0,ibnhaldunsatranc,MasterFaruq,1489,1518,,,HUMAN_vs_HUMAN,0-1,A07,64
6eKofSpV,Rated Blitz game,Blitz,180+0,Predator_xxx,EdEnoch5,1584,1577,,,HUMAN_vs_HUMAN,1-0,B30,125
915d8a6o,Rated Blitz game,Blitz,180+2,CoachQssam,ajordanbo,1597,1657,,,HUMAN_vs_HUMAN,0-1,D00,118
VieOp68f,Rated Blitz game,Blitz,180+2,alfaidim,k12n,1151,1229,,,HUMAN_vs_HUMAN,0-1,C46,86
sLpT4PRk,Rated Blitz game,Blitz,180+2,Luckax,Pianojazz2,1456,1476,,,HUMAN_vs_HUMAN,0-1,D04,52
05ekDlq5,Rated Blitz game,Blitz,180+2,drhassanibrahim,Jeb314,1294,1259,,,HUMAN_vs_HUMAN,0-1,C02,78
GnMxEDXD,Rated Blitz game,Blitz,180+2,Gaumenschmaus,Restofvbs,1492,1534,,,HUMAN_vs_HUMAN,1-0,A40,36
CAQVCxlo,Rated Blitz game,Blitz,180+2,Jfw14,alrik66,1359,1313,,,HUMAN_vs_HUMAN,0-1,C57,22
GI0gXFNs,Rated Blitz game,Blitz,180+2,schruv,coach-viktorark,2071,2042,,,HUMAN_vs_HUMAN,1-0,A97,51
WPjfPYSV,Rated Blitz game,Blitz,180+2,andrei_sarmiento,Otlebet,1820,1814,,,HUMAN_vs_HUMAN,1-0,D43,63
e7qBsvwQ,Rated Blitz game,Blitz,180+2,Alex-Bianchi,PrashobAV,1075,1074,,,HUMAN_vs_HUMAN,1-0,C57,27
MMxVC2Mo,Rated Bullet game,Bullet,60+0,Idritiano,oi_ai,1633,1602,,,HUMAN_vs_HUMAN,0-1,C00,50
SRPBHCZc,Rated Bullet game,Bullet,60+0,IAMTHENEXTCARLSEN,miss_B314,1981,1961,,,HUMAN_vs_HUMAN,0-1,A43,74
reNX5Nvi,Rated Bullet game,Bullet,60+0,jdblack,vistima,2032,2063,,,HUMAN_vs_HUMAN,0-1,B22,32
RPIGyJf9,Rated Bullet game,Bullet,60+0,miral_1993,cj89,1782,1817,,,HUMAN_vs_HUMAN,1-0,D00,41
S1PnMarl,Rated Bullet game,Bullet,60+0,oxv,neso77,1374,1326,,,HUMAN_vs_HUMAN,1-0,B06,59
VpukRQ4W,Rated Bullet game,Bullet,60+0,syri4,ronnyman,1575,1590,,,HUMAN_vs_HUMAN,1-0,B21,55
b1cdxFT3,Rated Bullet game,Bullet,60+0,DeadDx96,LuizKonst,1001,1020,,,HUMAN_vs_HUMAN,1-0,B06,25
Jcd5TCVQ,Rated Bullet game,Bullet,60+0,bbc100,faaliqel-isbaah,2157,2095,,,HUMAN_vs_HUMAN,1-0,A00,93
Bt8f0bkK,Rated Bullet game,Bullet,60+0,Iusglz,kostamoto,1305,1275,,,HUMAN_vs_HUMAN,1-0,A40,41
goE3pup8,Rated Bullet game,Bullet,60+0,avlabar,lotrg,2432,2439,,,HUMAN_vs_HUMAN,0-1,A40,52
XiVvhSr8,Rated Bullet game,Bullet,60+0,Fromki,ola_logic,1025,1025,,,HUMAN_vs_HUMAN,1-0,B01,75
dgSfqmkv,Rated Bullet game,Bullet,60+0,Freedom_smile,wilojean,1774,1653,,,HUMAN_vs_HUMAN,0-1,A00,42
1tyzetpO,Rated Bullet game,Bullet,60+0,juanditar,sneedflanders14,1068,1131,,,HUMAN_vs_HUMAN,1-0,C00,63
ZgnsH1GS,Rated Bullet game,Bullet,60+0,Expertz_1757,Dokanev_Andrey,2411,2312,,,HUMAN_vs_HUMAN,1-0,B10,127
NLZ1KRP1,Rated UltraBullet game,UltraBullet,15+0,xander9,FF_23bersek,1615,1615,,,HUMAN_vs_HUMAN,0-1,C46,94
EdKIZvYT,Rated Blitz game,Blitz,180+0,puig53,ainsoalgown,2066,2060,,,HUMAN_vs_HUMAN,1-0,D47,81
h0zJmgWT,Rated Blitz game,Blitz,180+2,tomaslima,leguizc,1924,1990,,,HUMAN_vs_HUMAN,1-0,B21,77
6x39Q9qV,Rated Blitz game,Blitz,180+2,strolwers,aghazarian,1498,1517,,,HUMAN_vs_HUMAN,1/2-1/2,A84,76
ojl9hiq0,Rated Blitz game,Blitz,180+2,JuanTorresJi,dirtydan33,949,871,,,HUMAN_vs_HUMAN,1-0,D11,51
fhwQD6wq,Rated Blitz game,Blitz,180+2,Garmanov83,generic_0,1465,1462,,,HUMAN_vs_HUMAN,1-0,D00,23
VzfTL9eM,Rated Blitz game,Blitz,180+2,schettert,akshayrao007,1871,1922,,,HUMAN_vs_HUMAN,0-1,A42,50
dpvohDNT,Rated Blitz game,Blitz,180+2,niko325,beginner_forever,1682,1653,,,HUMAN_vs_HUMAN,1-0,B21,57
YwpGR3us,Rated Blitz game,Blitz,180+2,Alexand199,Andres-gomez22,1764,1770,,,HUMAN_vs_HUMAN,1-0,B20,71
T7NnbNb1,Rated Blitz game,Blitz,180+2,kennedyjfr,isma4,1822,1798,,,HUMAN_vs_HUMAN,1-0,C63,45
pF2XQwDQ,Rated Blitz game,Blitz,180+2,peaceofcake1500,Henrikson,1301,1268,,,HUMAN_vs_HUMAN,1-0,B28,43
1xNREua2,Rated Blitz game,Blitz,180+2,Dragon10100,kemikkiran,1157,1251,,,HUMAN_vs_HUMAN,0-1,C50,46
vUgNESlM,Rated Blitz game,Blitz,180+2,bjoseb,Lum_bini,1646,1586,,,HUMAN_vs_HUMAN,1/2-1/2,D37,51
IPldlf9e,Rated Blitz game,Blitz,180+2,thegull,truedeath,998,984,,,HUMAN_vs_HUMAN,0-1,A04,76
ZDfrkuxi,Rated Blitz game,Blitz,180+2,Her44grego,JJUAMP4,1062,982,,,HUMAN_vs_HUMAN,1-0,C46,19
8i9it1jN,Rated Blitz game,Blitz,180+2,Ausha,reykschaefer,2012,2052,,,HUMAN_vs_HUMAN,1-0,B13,67
K3AjCPPI,Rated Blitz game,Blitz,180+0,detox93,Esta2einves,2274,2324,,,HUMAN_vs_HUMAN,0-1,D35,74
snfdB4yW,Rated Bullet game,Bullet,60+0,nn1133,mordering,2314,2262,,,HUMAN_vs_HUMAN,1-0,C59,117
Cxafgr4L,Rated Bullet game,Bullet,60+0,Esteban06,Cuerdas,2300,2277,,,HUMAN_vs_HUMAN,1-0,A04,81
XGeChg8u,Rated Bullet game,Bullet,60+0,vanco62,bkontorinis,1864,1886,,,HUMAN_vs_HUMAN,1-0,B01,43
v2XUaSSm,Rated Bullet game,Bullet,60+0,Glaurung0824,Giangiuca,1198,1185,,,HUMAN_vs_HUMAN,1-0,A10,37
YOcmrRE8,Rated Bullet game,Bullet,60+0,far4232,fedsmoker96,1415,1431,,,HUMAN_vs_HUMAN,0-1,B43,19
rBChqcJO,Rated Bullet game,Bullet,60+0,Muehleistbesser,Capadorada,1818,1841,,,HUMAN_vs_HUMAN,0-1,C00,66
etaDGu5N,Rated Bullet game,Bullet,60+0,chrisgeo2020,Alberike,1538,1526,,,HUMAN_vs_HUMAN,0-1,C40,14
nNBslVkk,Rated Bullet game,Bullet,60+0,ClubJack,IvanMihaelPetro,2061,2047,,,HUMAN_vs_HUMAN,0-1,B01,24
jbyrp74T,Rated Bullet game,Bullet,60+0,CounterSacrifice1996,Michel_C20,2235,2224,,,HUMAN_vs_HUMAN,0-1,C00,46
9Eagi7xB,Rated Bullet game,Bullet,60+0,artmaxgen,jv197,2341,2376,,,HUMAN_vs_HUMAN,0-1,A10,60
wyjbVFbE,Rated Bullet game,Bullet,60+0,grillonochero,HighlightOzi,2139,2175,,,HUMAN_vs_HUMAN,1-0,D06,147
mWYWMhxa,Rated Bullet game,Bullet,60+0,Naanox,xavis_5,1962,1961,,,HUMAN_vs_HUMAN,0-1,A00,46
vpFpjnVL,Rated Bullet game,Bullet,60+0,unorthodox1,aeminh,1008,1055,,,HUMAN_vs_HUMAN,1-0,B01,69
MQnHLfOV,Rated Bullet game,Bullet,60+0,Paul_Moseri,thatbulletguy,1983,1990,,,HUMAN_vs_HUMAN,1-0,A00,55
57gGkns8,Rated Bullet game,Bullet,60+0,Espresso777,GrandePatzer,1501,1435,,,HUMAN_vs_HUMAN,0-1,D08,76
XEFUhbaP,Rated Bullet game,Bullet,60+0,yoskm,Kosmokat123456789,1664,1633,,,HUMAN_vs_HUMAN,1/2-1/2,A02,75
xAfrv69c,Rated Bullet game,Bullet,60+0,gmonzo,liakos94,1598,1551,,,HUMAN_vs_HUMAN,0-1,B01,60
v4P21GVD,Rated Bullet game,Bullet,60+0,yghervas,yoda1210,1218,1221,,,HUMAN_vs_HUMAN,1-0,B00,55
BYmclxGg,Rated Blitz game,Blitz,300+0,hfvghqphjp,maxchess1000101,1339,1370,,,HUMAN_vs_HUMAN,1-0,C46,13
wXGJbp7y,Rated Blitz game,Blitz,300+0,juan-m,muhamed66,1223,1208,,,HUMAN_vs_HUMAN,1-0,C57,57
1UOdqMpD,Rated Blitz game,Blitz,300+0,play-Jere_95,sequekama,1739,1727,,,HUMAN_vs_HUMAN,1-0,D13,59
1AU8cORy,Rated Blitz game,Blitz,300+0,AleksandrD32,jamila1234,1675,1693,,,HUMAN_vs_HUMAN,1-0,C41,115
XiGPDdiC,Rated Blitz game,Blitz,300+0,Gianlui,Blake_Chess,1563,1570,,,HUMAN_vs_HUMAN,0-1,C34,116
6iNRJDmP,Rated Blitz game,Blitz,300+0,Gilyazova_Amina,ncvaishakh,951,940,,,HUMAN_vs_HUMAN,1-0,C20,77
szi345ec,Rated Blitz game,Blitz,300+0,Nairchu,Hidep,1445,1397,,,HUMAN_vs_HUMAN,1-0,C30,71
XU4M1Pr5,Rated Blitz game,Blitz,300+0,Olson123,staszadaniuk,1747,1753,,,HUMAN_vs_HUMAN,1-0,C46,42
FtjcWgUn,Rated Blitz game,Blitz,300+0,xhinpron,CleanYourMind,1379,1440,,,HUMAN_vs_HUMAN,0-1,B00,19
FH9z9feA,Rated Blitz game,Blitz,300+0,trentvaters,dpolerio,1999,1917,,,HUMAN_vs_HUMAN,0-1,B01,38
wCDMAbvp,Rated Blitz game,Blitz,300+0,maliha11405,tinyshiny,1530,1481,,,HUMAN_vs_HUMAN,0-1,D00,58
FgCGXXoy,Rated Blitz game,Blitz,300+0,dinobl,trebolin,1446,1507,,,HUMAN_vs_HUMAN,0-1,A01,38
CiZrAtcQ,Rated Blitz game,Blitz,300+0,Grootmeester1973,thuha31,1984,1934,,,HUMAN_vs_HUMAN,1-0,A45,63
V8ra9oOg,Rated Blitz game,Blitz,300+0,kaisergaming,michal_bas,1157,1079,,,HUMAN_vs_HUMAN,0-1,B20,26
Rcpfj2lf,Rated Blitz game,Blitz,300+0,genuinodejesus,Dazin7,1785,1762,,,HUMAN_vs_HUMAN,1-0,B50,35
xkpyUt2x,Rated Bullet game,Bullet,120+1,anderias,Jagaraba,1521,1523,,,HUMAN_vs_HUMAN,0-1,C41,146
snr0HVvz,Rated Bullet game,Bullet,120+1,Raison_isai,skanderful,810,885,,,HUMAN_vs_HUMAN,0-1,A40,114
SjhknQ2u,Rated Bullet game,Bullet,120+1,Nightcrawler2011,HVRAJANI,1551,1680,,,HUMAN_vs_HUMAN,0-1,A02,98
J0uNerrt,Rated Blitz game,Blitz,300+3,dcmayo,shcher,1823,1836,,,HUMAN_vs_HUMAN,0-1,A45,134
wFiun1pw,Rated Blitz game,Blitz,300+3,Scartin,Degoogle,1764,1780,,,HUMAN_vs_HUMAN,0-1,C34,82
DKwIWVuL,Rated Blitz game,Blitz,300+3,DeadNeuronsITA,tonilung,2002,2007,,,HUMAN_vs_HUMAN,1-0,B22,37
zP192V0z,Rated Blitz game,Blitz,300+3,farisnikov,Rozro76,1338,1442,,,HUMAN_vs_HUMAN,1-0,D02,63
BVFBjLYk,Rated Blitz game,Blitz,300+3,x1289,mdouble,1372,1395,,,HUMAN_vs_HUMAN,1-0,C44,39
4NcKPlK6,Rated Blitz game,Blitz,300+3,mikegittelsohn,Dumbledore0907,1527,1623,,,HUMAN_vs_HUMAN,1-0,C26,73
HzbO1wkJ,Rated Blitz game,Blitz,300+3,Tomi_Viper,xiangqishogichess,1593,1641,,,HUMAN_vs_HUMAN,0-1,B10,52
QxVn6yhR,Rated Blitz game,Blitz,300+3,Brayan_Herrera,Wezy_esmiw,995,1107,,,HUMAN_vs_HUMAN,1-0,A41,65
x0pkwt6r,Rated Blitz game,Blitz,300+3,haakon0603,kar11,1663,1662,,,HUMAN_vs_HUMAN,0-1,D02,108
IimSEB4t,Rated Blitz game,Blitz,300+3,cgmcgm,mHarpago,2075,2170,,,HUMAN_vs_HUMAN,1-0,B33,89
oUY4piXb,Rated Blitz game,Blitz,300+3,Orange01599,Psinlogica,1811,1805,,,HUMAN_vs_HUMAN,1-0,C02,71
7SUqSBsd,Rated Blitz game,Blitz,180+0,Kazuyaelpro,jaquetedoy,2052,2089,,,HUMAN_vs_HUMAN,1-0,B28,33
bMbPsIyz,Rated Blitz game,Blitz,180+0,Mmango,kingPugilistPatzer,1802,1695,,,HUMAN_vs_HUMAN,0-1,A00,48
Iff4Bz5E,Rated Blitz game,Blitz,180+0,VLASNAME,sova777sv,1260,1314,,,HUMAN_vs_HUMAN,1-0,A00,41
6HfNpKhT,Rated Blitz game,Blitz,180+0,rengve,utopiachess1,2193,2186,,,HUMAN_vs_HUMAN,0-1,C02,62
ZQM96CFh,Rated Blitz game,Blitz,180+0,Laura_11,YouAreGoingToWin,897,967,,,HUMAN_vs_HUMAN,0-1,B21,72
UY1N6bYT,Rated Blitz game,Blitz,180+0,IyaakL,Dareious,1836,1795,,,HUMAN_vs_HUMAN,1-0,A40,117
QYiomFOh,Rated Blitz game,Blitz,180+0,brandas,LezerickCunn,1882,1902,,,HUMAN_vs_HUMAN,1-0,B40,39
aHoXKunz,Rated Blitz game,Blitz,180+0,Incensed,molerit00,1425,1459,,,HUMAN_vs_HUMAN,0-1,D01,70
unxu5BLM,Rated Blitz game,Blitz,180+0,Nashwan_K,yasinozcan,1160,1169,,,HUMAN_vs_HUMAN,0-1,C47,44
fgYyEQnf,Rated Blitz game,Blitz,180+0,jourivas,Nordiculos,595,766,,,HUMAN_vs_HUMAN,0-1,A40,44
74es6Abn,Rated Blitz game,Blitz,180+0,Stonedzone,abdelazez65,1359,1407,,,HUMAN_vs_HUMAN,1-0,A41,79
9KUpCuRW,Rated Blitz game,Blitz,180+0,d_aus85,Mok1001,1597,1678,,,HUMAN_vs_HUMAN,0-1,C23,84
3CWdtMbV,Rated Blitz game,Blitz,180+0,TheRealDeal14,CALLME2020,1984,1989,,,HUMAN_vs_HUMAN,1-0,D31,63
ZPjhdzqy,Rated Blitz game,Blitz,180+0,SchlawinerNumberOne,stylishben,1972,1940,,,HUMAN_vs_HUMAN,1-0,D06,83
VMhabuQf,Rated Blitz game,Blitz,180+0,laranjagabrielss,Unau,1549,1520,,,HUMAN_vs_HUMAN,0-1,A20,14
WnXdaHBA,Rated Blitz game,Blitz,180+0,bhathi96,TheBillsFly,1863,1871,,,HUMAN_vs_HUMAN,1-0,B23,61
TjFayWPl,Rated Bullet game,Bullet,60+0,manolinux,sakito,1817,1786,,,HUMAN_vs_HUMAN,0-1,A06,6
XbLxqmwN,Rated Bullet game,Bullet,60+0,Taktik1989,cbaware,1176,1178,,,HUMAN_vs_HUMAN,1-0,C00,41
NI6qgoqG,Rated Bullet game,Bullet,60+0,Kerrour_aymen,nyarlatotheph,1859,1864,,,HUMAN_vs_HUMAN,0-1,B76,92
xmsnYnSG,Rated Bullet game,Bullet,60+0,soupbowl,Pharaoness,1831,1855,,,HUMAN_vs_HUMAN,0-1,B27,88
hVGqogSS,Rated Bullet game,Bullet,60+0,donttrymeyo,mihrovkl,2025,2127,,,HUMAN_vs_HUMAN,1-0,A00,101
dFaclPgu,Rated Bullet game,Bullet,60+0,beetlejuice64,Jibbymaster,1906,1993,,,HUMAN_vs_HUMAN,0-1,B01,68
Jc2yiHHM,Rated Bullet game,Bullet,60+0,MNTORRES,MSSANTOS,2076,1997,,,HUMAN_vs_HUMAN,0-1,A13,66
b8uwaVr9,Rated Bullet game,Bullet,60+0,Lyon89,J_Miller_GEGLW,1780,1770,,,HUMAN_vs_HUMAN,0-1,B12,66
swDzcpTY,Rated Bullet game,Bullet,60+0,AQPAQP,strummingmusic,2431,2374,,,HUMAN_vs_HUMAN,1-0,C53,99
l89wH80s,Rated Bullet game,Bullet,60+0,Corolo,juan_s1,1697,1713,,,HUMAN_vs_HUMAN,1-0,C00,49
J0LgLvwb,Rated Bullet game,Bullet,60+0,gambit1917,mauro1235,2213,2230,,,HUMAN_vs_HUMAN,1-0,D55,121
I5n5uBRM,Rated Bullet game,Bullet,60+0,Bemlalane,Arepul,1636,1677,,,HUMAN_vs_HUMAN,1-0,A06,45
LYuW90am,Rated Bullet game,Bullet,60+0,yshastiy,Egp98,1901,1904,,,HUMAN_vs_HUMAN,0-1,A00,38
rkitMwjO,Rated Bullet game,Bullet,60+0,Cl-m,MouadhMessaoudi,1196,1205,,,HUMAN_vs_HUMAN,0-1,A48,54
mXN9za28,Rated Bullet game,Bullet,60+0,Bobbfiisher,ls103,1990,1961,,,HUMAN_vs_HUMAN,1-0,B01,27
qFyTtTsm,Rated Rapid game,Rapid,900+0,Daniel160316,Deepblue_Sa,1972,1998,,,HUMAN_vs_HUMAN,1-0,B50,77
URzkjvPu,Rated Bullet game,Bullet,60+0,Ahohohoy,mesavur,1490,1440,,,HUMAN_vs_HUMAN,0-1,A00,42
rE71CjQ3,Rated Bullet game,Bullet,60+0,Arieltf74,zofuree,1987,1959,,,HUMAN_vs_HUMAN,0-1,A40,94
fgYK82EY,Rated Blitz game,Blitz,180+0,Marrss,Husain211,1489,1465,,,HUMAN_vs_HUMAN,0-1,C20,22
uTj5Jvh4,Rated Blitz game,Blitz,300+0,vurto10,polgu,1388,1325,,,HUMAN_vs_HUMAN,1-0,C20,17
J65Eshna,Rated Blitz game,Blitz,300+0,Maxjr18,imme07,2121,2067,,,HUMAN_vs_HUMAN,1-0,A04,31
bjpQlvXE,Rated Blitz game,Blitz,300+0,originalfisch,ViperVernom,1892,1772,,,HUMAN_vs_HUMAN,1-0,C00,45
LCpdu3UA,Rated Blitz game,Blitz,300+0,dawoodmans,SparrowShelby,1723,1727,,,HUMAN_vs_HUMAN,1-0,A41,35
lPssFJEz,Rated Blitz game,Blitz,300+0,nantek1955,Olivia19,1499,1418,,,HUMAN_vs_HUMAN,1-0,A00,51
Gu2fDn5S,Rated Blitz game,Blitz,300+0,Carl_Ramos54,esternrodriguez,2329,2284,,,HUMAN_vs_HUMAN,0-1,A46,86
hpRE1yUc,Rated Blitz game,Blitz,300+0,Ixapint,lowlyheart,2029,1986,,,HUMAN_vs_HUMAN,1-0,B00,111
hTXABRdR,Rated Blitz game,Blitz,300+0,Marcbia,ikim69,1537,1605,,,HUMAN_vs_HUMAN,0-1,A40,52
woZeuaWl,Rated Blitz game,Blitz,300+0,Bl46U,nenadbrkickg,1955,1947,,,HUMAN_vs_HUMAN,1/2-1/2,A00,106
m2yMPeuY,Rated Blitz game,Blitz,300+0,arrriva321,cancinopablo_98,1324,1233,,,HUMAN_vs_HUMAN,0-1,C20,74
rg6Skgaa,Rated Blitz game,Blitz,300+0,MrSudhan,LurdDan,1614,1613,,,HUMAN_vs_HUMAN,1/2-1/2,E60,126
zfRKuBQK,Rated Blitz game,Blitz,300+0,anakbarudaya,Svetlomer,1623,1720,,,HUMAN_vs_HUMAN,0-1,A04,82
24KRI2x7,Rated Blitz game,Blitz,300+0,som717,bigdevballs,1584,1598,,,HUMAN_vs_HUMAN,0-1,B06,102
eK8OEkYW,Rated Blitz game,Blitz,300+0,mahhmod01,Scientista,1222,1311,,,HUMAN_vs_HUMAN,0-1,D00,72
NQQYI2fx,Rated Blitz game,Blitz,300+0,dimaNYC,jstutoring,2032,2059,,,HUMAN_vs_HUMAN,1-0,D52,49
NFih2HST,Rated Bullet game,Bullet,60+0,capivaraburro,MAT_B_F,2362,2338,,,HUMAN_vs_HUMAN,0-1,A10,76
k6HrCyzD,Rated Bullet game,Bullet,60+0,JAXFL,jlx96,1768,1760,,,HUMAN_vs_HUMAN,0-1,C23,66
XZrp6mra,Rated Bullet game,Bullet,60+0,weyno13,Dmitrij1S,1063,980,,,HUMAN_vs_HUMAN,0-1,A40,54
h6CyxcEQ,Rated Bullet game,Bullet,60+0,umar636319,NEEDPS5,1345,1267,,,HUMAN_vs_HUMAN,1-0,B06,105
Nld5gc3Q,Rated Bullet game,Bullet,60+0,Blunder-in-one,PotassiumZincOxide,2283,2193,,,HUMAN_vs_HUMAN,0-1,B23,86
SN2C4M1w,Rated Bullet game,Bullet,60+0,Ansaid,cele60,1212,1222,,,HUMAN_vs_HUMAN,1-0,A10,83
67XShG5Y,Rated Bullet game,Bullet,60+0,ReeseF,narnji,2372,2450,,,HUMAN_vs_HUMAN,0-1,E91,62
pPrcvRR4,Rated Bullet game,Bullet,60+0,DarksMachine,BrianChess92,2226,2147,,,HUMAN_vs_HUMAN,1-0,E20,81
2nmRQace,Rated Bullet game,Bullet,60+0,DSDelcio,KishantheKingrule,1666,1664,,,HUMAN_vs_HUMAN,1-0,D00,41
AtER3n5C,Rated Bullet game,Bullet,60+0,stan-stanman,Kaleab_A,1679,1703,,,HUMAN_vs_HUMAN,1-0,B10,63
cEmnlSXu,Rated Bullet game,Bullet,60+0,chessbrahz,guyguyerson1,1999,1962,,,HUMAN_vs_HUMAN,0-1,A43,126
JW3NQuM3,Rated Bullet game,Bullet,60+0,kory_ne,dooshbagjones,1646,1572,,,HUMAN_vs_HUMAN,0-1,A40,78
ab9tJTQy,Rated Blitz game,Blitz,180+0,pch0804,userhasnoname,1878,1872,,,HUMAN_vs_HUMAN,1-0,B23,137
YHtonLoD,Rated Blitz game,Blitz,180+0,prateek1701,awiawik,2057,2072,,,HUMAN_vs_HUMAN,0-1,D10,58
m9Ga9drV,Rated Blitz game,Blitz,180+0,claraazuaje_ucv,vegeta7,1681,1716,,,HUMAN_vs_HUMAN,0-1,C44,82
9VixKo6E,Rated Blitz game,Blitz,180+0,trumm,hendrixzambia,1865,1828,,,HUMAN_vs_HUMAN,0-1,B01,68
p2WBS6Un,Rated Blitz game,Blitz,180+0,JoseGar84,MaitreyaBuddha,1412,1390,,,HUMAN_vs_HUMAN,1/2-1/2,B01,110
5S7MjGlG,Rated Blitz game,Blitz,180+0,teacherramirez,fld,1806,1806,,,HUMAN_vs_HUMAN,0-1,D02,74
ptgtVEHr,Rated Blitz game,Blitz,180+0,ANDHUNGRYTR,NightReeper,1725,1733,,,HUMAN_vs_HUMAN,0-1,E20,72
63XENHXO,Rated Blitz game,Blitz,180+0,Luke_Skywalker12,syaya24,1765,1785,,,HUMAN_vs_HUMAN,1-0,B80,45
o84a3Y9z,Rated Blitz game,Blitz,180+0,bopokippo,NEMESIS99,1332,1338,,,HUMAN_vs_HUMAN,0-1,D06,47
BSXUmOfp,Rated Blitz game,Blitz,180+0,HastaLaVistakz,micahbrown,1609,1615,,,HUMAN_vs_HUMAN,1-0,C44,65
rSobCq5J,Rated Blitz game,Blitz,180+0,lRhaegarTargaryen,AUOrtega,2200,2166,,,HUMAN_vs_HUMAN,0-1,A45,72
Vqq2MWS1,Rated Blitz game,Blitz,180+0,jorgegallegocurioso,SmokinPatzer,2044,1992,,,HUMAN_vs_HUMAN,0-1,B34,58
x5BX7pzE,Rated Blitz game,Blitz,180+0,Aliaksandr_Sadovski,MarcoA1995,1361,1347,,,HUMAN_vs_HUMAN,0-1,C44,54
NkjCi3FE,Rated Blitz game,Blitz,180+0,OtakuClone,thebeginner76,1656,1640,,,HUMAN_vs_HUMAN,1-0,D91,51
OG2OK7ZW,Rated Blitz game,Blitz,180+0,EvalNEGATIVE,ahi_yolcu,2090,2100,,,HUMAN_vs_HUMAN,0-1,B01,48
SEdhgtH6,Rated Blitz game,Blitz,180+0,RaidPlaysYou,vpcom,1215,1274,,,HUMAN_vs_HUMAN,1-0,C20,29
SHJgCzr4,Rated Bullet game,Bullet,60+0,vitaliy3,unic_ua,2107,2265,,,HUMAN_vs_HUMAN,0-1,A43,74
zANsxw6y,Rated UltraBullet game,UltraBullet,15+0,MisaelAlexander1,Dr_BlunderStein,1504,1449,,,HUMAN_vs_HUMAN,1-0,C20,45
YzmTsJSX,Rated Bullet game,Bullet,60+0,mordo7,theredmenace,1776,1785,,,HUMAN_vs_HUMAN,1-0,B13,57
eTXsSXY5,Rated Blitz game,Blitz,180+0,tensorflow,cascarudopampero,1751,1834,,,HUMAN_vs_HUMAN,0-1,A45,118
zWxXxJCW,Rated Rapid game,Rapid,600+0,NEY90,woozy7777777,1299,1285,,,HUMAN_vs_HUMAN,0-1,A00,50
cArrnCRo,Rated Rapid game,Rapid,600+0,hrosulda,windowlick3r,1888,1942,,,HUMAN_vs_HUMAN,1-0,B12,95
kTBHWwRk,Rated Rapid game,Rapid,600+0,ali_alipour70,CKSDIT,1079,1013,,,HUMAN_vs_HUMAN,1-0,C64,63
iS977SPx,Rated Rapid game,Rapid,600+0,mistersnooker,chavaluco,1797,1795,,,HUMAN_vs_HUMAN,0-1,A43,99
7fY6Xhtk,Rated Rapid game,Rapid,600+0,zimy-shark,DiamondDillard,1205,1175,,,HUMAN_vs_HUMAN,0-1,B30,30
Q7ft6jhv,Rated Rapid game,Rapid,600+0,chezmomopolis,Calep,1558,1544,,,HUMAN_vs_HUMAN,1-0,D00,83
Gen8L0AA,Rated Rapid game,Rapid,600+0,havackerslacker,Joradzhi,1307,1409,,,HUMAN_vs_HUMAN,1-0,B00,75
4yXNUMTL,Rated Rapid game,Rapid,600+0,Misaelgm2900,rafita11,1497,1523,,,HUMAN_vs_HUMAN,1-0,B20,113
Hgpv4yfl,Rated Rapid game,Rapid,600+0,Arguile1234,Oliver74,1782,1736,,,HUMAN_vs_HUMAN,1-0,B13,27
xP2DRUnr,Rated Rapid game,Rapid,600+0,ChineseSuit,Bimasakti_44,1988,2018,,,HUMAN_vs_HUMAN,0-1,B00,28
EeOhQSRX,Rated Blitz game,Blitz,180+2,bayad2016,yoda-wins,2487,2596,,,HUMAN_vs_HUMAN,1/2-1/2,E01,71
xVXAnupk,Rated Blitz game,Blitz,180+2,Savvannah,masteruniverso,1520,1518,,,HUMAN_vs_HUMAN,0-1,D08,76
U4Y2OwWG,Rated Blitz game,Blitz,300+0,cablloloco1,jetvish,1404,1451,,,HUMAN_vs_HUMAN,0-1,B06,86
vUbHRrKN,Rated Blitz game,Blitz,180+2,EmilGrand204,krishnasol,1800,1698,,,HUMAN_vs_HUMAN,0-1,A20,64
HHgQcZTh,Rated Blitz game,Blitz,180+2,ponomarencko2016,Lpjlm,1477,1490,,,HUMAN_vs_HUMAN,0-1,B06,54
q3g67vxR,Rated Blitz game,Blitz,180+2,sophie_mods,cavaludo,1448,1459,,,HUMAN_vs_HUMAN,1-0,D05,53
XH80Pqoz,Rated Blitz game,Blitz,180+2,zbenh2020,Norfor,1898,1958,,,HUMAN_vs_HUMAN,0-1,B22,118
RKLFX9oW,Rated Blitz game,Blitz,180+2,Pahangkareem,mtgiles06,1549,1535,,,HUMAN_vs_HUMAN,1-0,B21,89
cBV0n9NK,Rated Blitz game,Blitz,180+2,ct0108,zackzack,2119,2122,,,HUMAN_vs_HUMAN,0-1,E10,100
3fQFsnj6,Rated Blitz game,Blitz,180+2,jonaxxxxx5,Maestro_20,1891,1874,,,HUMAN_vs_HUMAN,1-0,C28,43
OAxq8oI1,Rated Blitz game,Blitz,180+2,ColeLake,MatheusIvan,1341,1419,,,HUMAN_vs_HUMAN,1-0,B01,63
75GsdLjT,Rated Blitz game,Blitz,180+2,wagnercampos,KevinGDS_98,1524,1519,,,HUMAN_vs_HUMAN,1-0,C50,61
27F9YROH,Rated Blitz game,Blitz,180+2,kumarnareshmay,Barakattt,846,804,,,HUMAN_vs_HUMAN,1-0,C42,19
ssWQ2S5s,Rated Blitz game,Blitz,180+2,Skaxs,Azamat_Kh,1729,1649,,,HUMAN_vs_HUMAN,0-1,C10,58
RSbgWhw8,Rated Blitz game,Blitz,180+2,Anse1234,wanti_99,1192,1222,,,HUMAN_vs_HUMAN,0-1,C55,22
VrTomPII,Rated Bullet game,Bullet,60+0,theknightsqueen,Calicrisis,1392,1395,,,HUMAN_vs_HUMAN,0-1,B40,74
urRvlqHc,Rated Bullet game,Bullet,60+0,Egoish,PocketSoap,1461,1475,,,HUMAN_vs_HUMAN,1-0,C20,39
MRqMhqIR,Rated Bullet game,Bullet,60+0,MascielDiaz,MrThomasD,1808,1794,,,HUMAN_vs_HUMAN,0-1,B00,84
rSlPhJpk,Rated Bullet game,Bullet,60+0,A_Dasein,KingBaez,1852,1860,,,HUMAN_vs_HUMAN,1-0,A40,31
qBGjycFs,Rated Bullet game,Bullet,60+0,Amawtac,frmio94p3,1999,1987,,,HUMAN_vs_HUMAN,0-1,D00,42
Tl4USspT,Rated Bullet game,Bullet,60+0,specialallez,avodroc,1922,1919,,,HUMAN_vs_HUMAN,0-1,A04,60
Bpm2MwnU,Rated Bullet game,Bullet,60+0,utfiyogupinij89h706r,squanch,1984,1962,,,HUMAN_vs_HUMAN,0-1,B21,12
L8Ujhbql,Rated Blitz game,Blitz,300+0,anshul_l,mpc456,1231,1232,,,HUMAN_vs_HUMAN,0-1,B10,44
sRI0aIyN,Rated Bullet game,Bullet,60+0,MrSpock17,Daddyschess,1946,1941,,,HUMAN_vs_HUMAN,0-1,B06,44
c11Gq9yV,Rated Bullet game,Bullet,60+0,raman324,leolechanteur,2018,2035,,,HUMAN_vs_HUMAN,1-0,B01,55
vG58jKMf,Rated Blitz game,Blitz,180+0,drope99,yoracrichard,2141,2268,FM,,HUMAN_vs_HUMAN,1-0,C18,59
o1A2FzF3,Rated Blitz game,Blitz,180+0,stivenossa,denis-05,1020,862,,,HUMAN_vs_HUMAN,1-0,C00,37
WBMEHxHv,Rated Blitz game,Blitz,180+0,chukchaogur,edbalagot,1802,1782,,,HUMAN_vs_HUMAN,1-0,C02,63
5MSnXmKj,Rated Blitz game,Blitz,180+0,LaMaquina06,andrasterix,2091,2063,,,HUMAN_vs_HUMAN,0-1,E15,84
bFJ6rPxq,Rated Blitz game,Blitz,180+0,tullerusken1,BenedekBar,1941,1938,,,HUMAN_vs_HUMAN,0-1,E10,39
QogD86yQ,Rated Blitz game,Blitz,180+0,mcgenius79,Practice_Tailung,2245,2393,,,HUMAN_vs_HUMAN,0-1,A01,118
NPBM3Qw2,Rated Blitz game,Blitz,180+0,sebas_pb,subhamraj007,1804,1815,,,HUMAN_vs_HUMAN,1-0,D00,59
tPTCZDSr,Rated Blitz game,Blitz,180+0,alibabaremix,servostar,1819,1835,,,HUMAN_vs_HUMAN,0-1,B20,36
kL78susz,Rated Blitz game,Blitz,180+0,Chess_2142,PiotrP13,1530,1492,,,HUMAN_vs_HUMAN,1-0,A04,59
pYEUt171,Rated Blitz game,Blitz,180+0,Jazoli64,Jampjos,2095,2128,,,HUMAN_vs_HUMAN,0-1,B28,86
5YHVbK3V,Rated Blitz game,Blitz,180+0,enrochalho,p_c_jr,1549,1569,,,HUMAN_vs_HUMAN,0-1,A45,44
bChCOILh,Rated Blitz game,Blitz,180+0,sirsirsirsir,svetiko,1729,1716,,,HUMAN_vs_HUMAN,1-0,B20,61
OOpKJcvz,Rated Blitz game,Blitz,180+0,Lexco,ChessNutPrince,1570,1578,,,HUMAN_vs_HUMAN,0-1,A00,73
sOvezRvR,Rated Blitz game,Blitz,180+0,Rakuu69,mamut0397,1440,1361,,,HUMAN_vs_HUMAN,1-0,C44,41
FBASMCZm,Rated Blitz game,Blitz,180+0,santomega91,black_robber,2375,2460,,,HUMAN_vs_HUMAN,1-0,D50,107
oLOeBUXn,Rated Blitz game,Blitz,180+0,MrDump,Adam_maulana,1004,998,,,HUMAN_vs_HUMAN,1-0,B07,81
25tXc8R0,Rated Blitz game,Blitz,180+0,tonyjas,gytis12,1963,2058,,,HUMAN_vs_HUMAN,0-1,A34,63
S06XkOUr,Rated Blitz game,Blitz,180+0,ISRAEL06,luffyonmerry,1665,1603,,,HUMAN_vs_HUMAN,1-0,C24,37
BI4nzgpo,Rated Rapid game,Rapid,600+3,DrHesam,Anish_111,1083,1001,,,HUMAN_vs_HUMAN,1-0,C45,37
7THLJlkC,Rated Blitz game,Blitz,300+0,lukeanders,Kody_Chris,1348,1306,,,HUMAN_vs_HUMAN,1-0,D20,34
QsefMABa,Rated Blitz game,Blitz,180+0,Prime-AE,EngMustafa,1979,1961,,,HUMAN_vs_HUMAN,0-1,A25,54
o4QJjwpS,Rated Bullet game,Bullet,60+0,spisestue,B52-Omega,2114,2033,,,HUMAN_vs_HUMAN,1-0,B06,81
EIpC6lDX,Rated Bullet game,Bullet,60+0,beq-floq,ramses2ii,1651,1592,,,HUMAN_vs_HUMAN,1-0,A06,97
HZjhmxAv,Rated Bullet game,Bullet,60+0,Alain70,BobbyJohnson12,1942,1986,,,HUMAN_vs_HUMAN,1-0,A06,65
XbdcGgIR,Rated Bullet game,Bullet,60+0,Maurito626,Piquinya,1714,1732,,,HUMAN_vs_HUMAN,0-1,A00,24
Nsmw7u81,Rated Bullet game,Bullet,60+0,astralboy,salinasja8086,2118,2248,,,HUMAN_vs_HUMAN,1-0,B21,39
SgBsx5Qc,Rated Bullet game,Bullet,60+0,cheems_ka_best_fren,ubachur,1992,1987,,,HUMAN_vs_HUMAN,1-0,C00,77
3i4B5lvZ,Rated Bullet game,Bullet,60+0,sergeynkry,BarucAlvarez,1765,1747,,,HUMAN_vs_HUMAN,0-1,A50,84
5Bl1Vq3g,Rated Bullet game,Bullet,60+0,piskunow,slenderaccident,1844,1777,,,HUMAN_vs_HUMAN,1-0,B53,35
0RCqTtxW,Rated Bullet game,Bullet,60+0,Gwademba692,BatuhanBS,1108,1145,,,HUMAN_vs_HUMAN,1-0,C23,65
L4WCpKQv,Rated Bullet game,Bullet,60+0,r-rota62,ryebread4,2025,2032,,,HUMAN_vs_HUMAN,0-1,C01,86
aCj4c4Ed,Rated Bullet game,Bullet,60+0,kafkafr,neset_2014,1400,1439,,,HUMAN_vs_HUMAN,0-1,B00,54
izO5ZkG8,Rated Bullet game,Bullet,60+0,alessandrodj7,Frank_V_P,929,928,,,HUMAN_vs_HUMAN,1-0,C48,57
43CXIz2I,Rated Bullet game,Bullet,60+0,Maslyanko_Yuriy,sinfuturo,2055,2169,,,HUMAN_vs_HUMAN,1-0,B06,75
Fzomwl01,Rated Bullet game,Bullet,60+0,jamesmoriarty007,Cikochess,2361,2384,,,HUMAN_vs_HUMAN,0-1,B22,52
diQJsZj5,Rated Bullet game,Bullet,60+0,Ghost_0007,stefani06,2323,2388,,,HUMAN_vs_HUMAN,0-1,A00,96
T2JYY2h5,Rated Bullet game,Bullet,60+0,BlacksmithKC,DrGoroMcc,1936,1884,,,HUMAN_vs_HUMAN,1-0,B20,45
SgKy2xcI,Rated Bullet game,Bullet,60+0,Giangialal,Manolo802020,1164,1177,,,HUMAN_vs_HUMAN,1-0,A06,47
gaaRAe8X,Rated Bullet game,Bullet,60+0,Purple_Cloud,LimberXBT,1492,1449,,,HUMAN_vs_HUMAN,1/2-1/2,A84,81
BJBVp14g,Rated Rapid game,Rapid,600+0,silkenway,AGAlek,1689,1671,,,HUMAN_vs_HUMAN,0-1,A04,62
EgIyHYrk,Rated Rapid game,Rapid,600+0,guillermoyude2009,Nachot31,1927,1929,,,HUMAN_vs_HUMAN,0-1,A84,74
UkSioRkB,Rated Rapid game,Rapid,600+0,luiszxz,Pauloden,1145,1187,,,HUMAN_vs_HUMAN,0-1,C00,70
2QhhT4iM,Rated Rapid game,Rapid,600+0,nik12345kkk,akramnasser,2048,1970,,,HUMAN_vs_HUMAN,1-0,B01,23
4kkRFav4,Rated Rapid game,Rapid,600+0,eduflorentino,richelephant,1565,1496,,,HUMAN_vs_HUMAN,1-0,B01,50
hkQL01oF,Rated Rapid game,Rapid,600+0,newFairBrain,fox-sys,1283,1291,,,HUMAN_vs_HUMAN,0-1,A28,42
JPpoZJKC,Rated Rapid game,Rapid,600+0,ChrisSx7,Oleksandr1979,1500,1755,,,HUMAN_vs_HUMAN,1-0,C72,57
1T8wR3Fg,Rated Rapid game,Rapid,600+0,Jenivaldo,Nomoresean,1494,1487,,,HUMAN_vs_HUMAN,0-1,B00,38
FhxHFJQZ,Rated Rapid game,Rapid,600+0,Dontbeab,tobi_p,1235,1222,,,HUMAN_vs_HUMAN,0-1,A40,54
PmNKxWP0,Rated Rapid game,Rapid,600+0,jetflight,Cabrejosesau,1693,1690,,,HUMAN_vs_HUMAN,0-1,C23,34
DYNweor6,Rated Rapid game,Rapid,600+0,Jef_74_RU,HugoJuarezA,1792,1823,,,HUMAN_vs_HUMAN,1-0,D31,37
e9euYPXY,Rated Rapid game,Rapid,600+0,hydrochloric2422,Isaiah_Z,1256,1284,,,HUMAN_vs_HUMAN,1-0,A05,13
MGrLOpFo,Rated Blitz game,Blitz,180+0,Nuketown_1v1,Fins,1737,2541,,IM,HUMAN_vs_HUMAN,0-1,D02,50
ZQbFNMK9,Rated Bullet game,Bullet,60+0,georgeziovas,smirz75,1257,1298,,,HUMAN_vs_HUMAN,0-1,B50,34
JwLLzmqk,Rated Rapid game,Rapid,600+0,DenDyEr,yasinguven,1177,1123,,,HUMAN_vs_HUMAN,1-0,B50,71
4A4NpeIs,Rated Rapid game,Rapid,600+10,homer2020,schwarzemamba,1937,1957,,,HUMAN_vs_HUMAN,0-1,C00,52
bvKNmHrc,Rated Bullet game,Bullet,120+1,abdohamdy2222,adelenyan,1172,1161,,,HUMAN_vs_HUMAN,0-1,B21,54
TyQveA8F,Rated Bullet game,Bullet,120+1,ztnokade,rademarkovic23,1978,2046,,,HUMAN_vs_HUMAN,1/2-1/2,D51,111
XyRdTS3l,Rated Bullet game,Bullet,120+1,preydiet,Giopard,1080,1142,,,HUMAN_vs_HUMAN,1-0,B40,71
nrrmgDqV,Rated Bullet game,Bullet,120+1,vitordq,Jacobreev,1191,1205,,,HUMAN_vs_HUMAN,0-1,A46,98
lpBwvy0i,Rated Rapid game,Rapid,600+5,Raul_Vasconcelos,amudide,626,536,,,HUMAN_vs_HUMAN,0-1,B00,12
w7phxZeH,Rated Rapid game,Rapid,600+5,cammui,Ronaldoabreu78,1664,1620,,,HUMAN_vs_HUMAN,1-0,B22,69
nAsX6buL,Rated Rapid game,Rapid,600+5,miryS12345,DroptheSeabass,1062,1015,,,HUMAN_vs_HUMAN,1-0,B21,21
U1p8n89h,Rated Rapid game,Rapid,600+5,chessen12,David_Paulino,972,930,,,HUMAN_vs_HUMAN,0-1,A20,50
ggTZP0yE,Rated Rapid game,Rapid,600+5,TheodorHerzel,bassem_Sobhy,1448,1468,,,HUMAN_vs_HUMAN,0-1,C40,40
9ds7XSx3,Rated Rapid game,Rapid,600+5,siray007,ghoulreh,1273,1247,,,HUMAN_vs_HUMAN,0-1,C55,76
BBOfARGu,Rated Rapid game,Rapid,600+5,Viramhyde,Dodong_Sabanal,1205,1125,,,HUMAN_vs_HUMAN,1-0,D10,137
062MwlVl,Rated Rapid game,Rapid,600+5,ispharen,semiyanto11,1801,1762,,,HUMAN_vs_HUMAN,0-1,C37,50
enM4zEPC,Rated Rapid game,Rapid,600+5,heythatsmyqueen,SirRags,1374,1342,,,HUMAN_vs_HUMAN,1-0,D00,55
BjxhCc8a,Rated Rapid game,Rapid,600+5,Samirdh03,rosenfim,2006,2120,,,HUMAN_vs_HUMAN,1-0,D46,99
DY88jv3m,Rated Rapid game,Rapid,600+5,SimplyComplexify,BarisSukay,1277,1339,,,HUMAN_vs_HUMAN,1-0,C44,71
efFFy5sB,Rated Rapid game,Rapid,600+5,neostreet,almancie,1652,1617,,,HUMAN_vs_HUMAN,1-0,B01,93
Y1ew7c1G,Rated Rapid game,Rapid,600+0,Mahmoud_ELghreeb,Kocytean,881,825,,,HUMAN_vs_HUMAN,0-1,C41,104
swt1HTK3,Rated Blitz game,Blitz,300+3,ErikRadstrom,yetanotherplayer674,1534,1649,,,HUMAN_vs_HUMAN,0-1,B08,72
SMzXY8T6,Rated Bullet game,Bullet,60+0,Skibbydy,radzesh,1294,1335,,,HUMAN_vs_HUMAN,0-1,C50,72
Knclg6Hf,Rated Bullet game,Bullet,120+1,yourb_7,CeeJay36,1051,1086,,,HUMAN_vs_HUMAN,0-1,A06,40
Pv53t71v,Rated Bullet game,Bullet,120+1,HugoVillar,leooliebert,1397,1408,,,HUMAN_vs_HUMAN,1-0,C30,43
vLGZiJu7,Rated Bullet game,Bullet,120+1,baquedani,Torlej,1273,1299,,,HUMAN_vs_HUMAN,0-1,D02,58
LFS89nwr,Rated Bullet game,Bullet,120+1,sinip,WCCC24,2280,2286,,,HUMAN_vs_HUMAN,0-1,B00,128
uyDRTSba,Rated Bullet game,Bullet,120+1,BernsUnicon,Amine-mimo,1396,1357,,,HUMAN_vs_HUMAN,1-0,B20,31
ApLZ4VUD,Rated Bullet game,Bullet,120+1,ARC-5555,ramhare,1997,2134,,,HUMAN_vs_HUMAN,0-1,D30,44
PwVUdSEI,Rated Bullet game,Bullet,120+1,Thaar99,calamellus76,1171,1109,,,HUMAN_vs_HUMAN,0-1,A00,48
lrmb2dR1,Rated Bullet game,Bullet,120+1,Transylvanicus,Loypats,1975,1962,,,HUMAN_vs_HUMAN,1-0,C63,147
iLJwgAwG,Rated Bullet game,Bullet,120+1,Herald55,lolo_28,1543,1610,,,HUMAN_vs_HUMAN,0-1,A10,50
tcUGIDrN,Rated Bullet game,Bullet,120+1,Susanna77,Yetisport_85,1991,1994,,,HUMAN_vs_HUMAN,1-0,D00,63
7YvF2qR0,Rated Bullet game,Bullet,120+1,Thokstar,RH3379,1749,1753,,,HUMAN_vs_HUMAN,1-0,C40,73
VF96OSgf,Rated Bullet game,Bullet,120+1,BrofessorOak,deepblu2718,1438,1501,,,HUMAN_vs_HUMAN,1-0,A52,117
ZvwscrIc,Rated Blitz game,Blitz,180+0,arjuna_ireng,junedkingsbanten,1994,2001,,,HUMAN_vs_HUMAN,0-1,A00,140
JuUKr14J,Rated Blitz game,Blitz,180+2,santurtzi,ZioCe,2279,2217,,,HUMAN_vs_HUMAN,0-1,C00,56
1BEDGNX7,Rated Rapid game,Rapid,600+0,Panzer_10061982_M,vereus1,1267,1267,,,HUMAN_vs_HUMAN,1-0,C44,65
shIFPTnN,Rated Rapid game,Rapid,600+0,J_GNZO,Moad333,1691,1693,,,HUMAN_vs_HUMAN,0-1,C50,58
C07BAkw3,Rated Rapid game,Rapid,600+0,Baka-Mitai,jcphillips8,2035,2097,,,HUMAN_vs_HUMAN,0-1,A45,46
YJYzUw9r,Rated Rapid game,Rapid,600+0,D-G-M,Mattein2015,1882,1826,,,HUMAN_vs_HUMAN,0-1,C30,70
u4S0u79p,Rated Rapid game,Rapid,600+0,Youssef_mostafa200,Ernestoga,1500,1410,,,HUMAN_vs_HUMAN,1-0,D00,42
8AphnaPC,Rated Rapid game,Rapid,600+0,reckles7,pipechess770,1354,1373,,,HUMAN_vs_HUMAN,1-0,C31,13
LSaJhwxE,Rated Rapid game,Rapid,600+0,i0ne1,AndreyPM,1196,1259,,,HUMAN_vs_HUMAN,1-0,C47,105
wxIuuPST,Rated Rapid game,Rapid,600+0,david3234,saidthebishop001,1332,1291,,,HUMAN_vs_HUMAN,1-0,C41,65
JCMgf8xQ,Rated Rapid game,Rapid,600+0,amermaaz86,visionaryman,2156,2230,,,HUMAN_vs_HUMAN,0-1,B28,32
jHEPY5mp,Rated Rapid game,Rapid,600+0,jlema2211,imas99,1607,1609,,,HUMAN_vs_HUMAN,1/2-1/2,C41,128
TTuRqy5g,Rated Rapid game,Rapid,600+0,InigoAlable,pancho2007,1572,1554,,,HUMAN_vs_HUMAN,0-1,A40,84
Jbq7Tgrj,Rated Bullet game,Bullet,60+0,colochorompealmoadas,tayro,2057,2107,,,HUMAN_vs_HUMAN,0-1,A00,82
XYk5jdXH,Rated Bullet game,Bullet,60+0,houssemPX1,KumarAMR33,1647,1611,,,HUMAN_vs_HUMAN,1-0,A00,85
rxvhx8oh,Rated Bullet game,Bullet,60+0,pritam566,ElialdoJunior,1609,1606,,,HUMAN_vs_HUMAN,1-0,A00,51
Mm4XHrMM,Rated Bullet game,Bullet,60+0,mat4you2,Bacies,1586,1546,,,HUMAN_vs_HUMAN,1-0,A40,43
KHCuwweL,Rated Bullet game,Bullet,60+0,llilya,earthoutpost4,1198,1160,,,HUMAN_vs_HUMAN,1-0,A40,33
BHV9joo2,Rated Bullet game,Bullet,60+0,T_L_R,Anonymous_MF,2113,2090,,,HUMAN_vs_HUMAN,0-1,A41,74
boTzVmGu,Rated Bullet game,Bullet,60+0,esekiel8,FLOSAN,2040,2079,,,HUMAN_vs_HUMAN,0-1,C24,58
55R6ZS57,Rated Bullet game,Bullet,60+0,O0S,anaswagih3,1500,1372,,,HUMAN_vs_HUMAN,0-1,A00,34
VeI63DHl,Rated Bullet game,Bullet,60+0,manolinux,Rumezico,1811,1841,,,HUMAN_vs_HUMAN,1-0,C62,97
1wj7qu23,Rated Bullet game,Bullet,60+0,slccrick,hossalboss,1719,1665,,,HUMAN_vs_HUMAN,0-1,A40,58
fBzr7ttJ,Rated Bullet game,Bullet,60+0,CristianoSilva,ROGF,1041,1060,,,HUMAN_vs_HUMAN,1-0,D02,63
YCc4ZWzR,Rated Bullet game,Bullet,60+0,Elsotavento,Peon-Hiperactivo,1362,1302,,,HUMAN_vs_HUMAN,1-0,D00,49
nw0BmDg1,Rated Bullet game,Bullet,60+0,aldomau2010,bhfdd77,2235,2188,,,HUMAN_vs_HUMAN,0-1,B13,84
mFeAxBIy,Rated Bullet game,Bullet,60+0,Kareem-B,GVikt,1494,1492,,,HUMAN_vs_HUMAN,1-0,A40,59
2srwRKzN,Rated Bullet game,Bullet,60+0,catatonic47,ploopa,1801,1770,,,HUMAN_vs_HUMAN,1/2-1/2,D10,103
C8huwjWI,Rated Bullet game,Bullet,60+0,menix78,arjunpandavath,1018,907,,,HUMAN_vs_HUMAN,0-1,C23,44
2b78oM7p,Rated Bullet game,Bullet,60+0,vet_lukas,wasser14,1739,1760,,,HUMAN_vs_HUMAN,0-1,A00,62
qjX500yX,Rated Bullet game,Bullet,60+0,haggai666,niklasj,2128,2137,,,HUMAN_vs_HUMAN,1-0,E22,55
WTAG5lpd,Rated Bullet game,Bullet,60+0,yaibchess,Robbins28,1994,1907,,,HUMAN_vs_HUMAN,1-0,D00,95
IaF8RgxJ,Rated Bullet game,Bullet,60+0,kayctins,Denisdervierte,1902,1870,,,HUMAN_vs_HUMAN,1-0,A45,65
IMFD2B26,Rated Rapid game,Rapid,480+0,AbelardoColon100,ChessPlayer22333,1729,1743,,,HUMAN_vs_HUMAN,1-0,C45,95
WCv1HxP8,Rated Bullet game,Bullet,60+1,Michael2014,Abbruch,1707,1670,,,HUMAN_vs_HUMAN,0-1,A08,64
vRqtkRfE,Rated Bullet game,Bullet,60+0,Warrior5263,rotarykevrx2,1940,1914,,,HUMAN_vs_HUMAN,1-0,B01,47
wFLxEB2h,Rated Blitz game,Blitz,180+0,rpm198,eugenio90,2281,2312,,,HUMAN_vs_HUMAN,1-0,A08,37
d0CgDpiR,Rated Bullet game,Bullet,120+1,Alberrrrrr,Halil_H,1585,1610,,,HUMAN_vs_HUMAN,1-0,A40,69
1ulz6yOT,Rated Bullet game,Bullet,120+1,Zekvyrin,third-name,1366,1372,,,HUMAN_vs_HUMAN,1-0,B00,81
vdD6kKtU,Rated Bullet game,Bullet,120+1,angelo20_22,Freddi_TrahtenEberg,1769,1727,,,HUMAN_vs_HUMAN,1-0,A48,105
bZ09K8s4,Rated Bullet game,Bullet,120+1,Craconys,strangefrond,1242,1318,,,HUMAN_vs_HUMAN,1-0,C29,45
itlTprWm,Rated Bullet game,Bullet,120+1,alexiosevich,bananabrown,1398,1388,,,HUMAN_vs_HUMAN,1-0,E61,121
PNokHUhb,Rated Bullet game,Bullet,120+1,eladebfoued,bysns,1655,1692,,,HUMAN_vs_HUMAN,0-1,C41,66
cofogRr2,Rated Bullet game,Bullet,120+1,RennanMonteiro,Fus10n,1797,1818,,,HUMAN_vs_HUMAN,0-1,C41,148
J0zTeWsF,Rated Bullet game,Bullet,120+1,finn_0769,sargsorg,1637,1643,,,HUMAN_vs_HUMAN,0-1,A65,92
yt5ewpFD,Rated Bullet game,Bullet,120+1,arcymag88,TomLuz333,1346,1335,,,HUMAN_vs_HUMAN,1-0,B50,29
R2kQFefi,Rated Bullet game,Bullet,60+0,pablitoblanc1,SHAHRAM-Khoshseffat,1811,1785,,,HUMAN_vs_HUMAN,1-0,A00,81
P8ONVy0Q,Rated Bullet game,Bullet,60+0,prvn22222,petros1305,2023,2152,,,HUMAN_vs_HUMAN,1-0,A01,87
yxij6AkL,Rated Bullet game,Bullet,60+0,Mirzanurov_Bulat,eldoraque27,2483,2638,,,HUMAN_vs_HUMAN,1-0,E20,47
sr8g7aSz,Rated Bullet game,Bullet,60+0,REYCERON001,mustafablsn,1388,1425,,,HUMAN_vs_HUMAN,1-0,A02,53
2z0lHLLM,Rated Bullet game,Bullet,60+0,frkfgtz,ML3k0,1265,1176,,,HUMAN_vs_HUMAN,0-1,C22,34
lDn6C0o7,Rated Bullet game,Bullet,60+0,alisan-k,Squanch,1992,1968,,,HUMAN_vs_HUMAN,0-1,A48,54
SJ1O8fek,Rated Bullet game,Bullet,60+0,ibrahimmuq,cryogenically,1066,1046,,,HUMAN_vs_HUMAN,1-0,B20,47
IOC1IH4S,Rated Bullet game,Bullet,60+0,still_quitting_chess,gerakost,2062,2067,,,HUMAN_vs_HUMAN,1-0,B06,107
eaFN1KUX,Rated Bullet game,Bullet,60+0,ZaidSabti,Infinityking,1859,1882,,,HUMAN_vs_HUMAN,0-1,B01,48
100G2MNx,Rated Bullet game,Bullet,60+0,N00b4s1g,paparodriguez2023,2090,2099,,,HUMAN_vs_HUMAN,1-0,B28,25
QmiOrNsX,Rated Bullet game,Bullet,60+0,supercaspi99,ElvisWalsh,1834,1762,,,HUMAN_vs_HUMAN,1-0,B00,45
19NNSIKN,Rated Bullet game,Bullet,60+0,maestro199,utfiyogupinij89h706r,2053,1978,,,HUMAN_vs_HUMAN,0-1,B12,64
eSoIfhHg,Rated Bullet game,Bullet,60+0,kopchik_sts,DRUMMOND3333,2141,2153,,,HUMAN_vs_HUMAN,0-1,C40,90
2oLkDJ5Z,Rated Bullet game,Bullet,60+0,NLObP,Deiterii,1923,1926,,,HUMAN_vs_HUMAN,1-0,A00,121
Gp6iiGBN,Rated Bullet game,Bullet,60+0,Malcolm53Young,GrandShchurrr,2261,2269,,,HUMAN_vs_HUMAN,1-0,D00,55
csNia6Fl,Rated Bullet game,Bullet,60+0,DrCooool,Hernancillo,2069,2086,,,HUMAN_vs_HUMAN,1-0,A00,93
zPcas69V,Rated Bullet game,Bullet,60+0,wimmu2,liealie,2403,2439,,,HUMAN_vs_HUMAN,1-0,A40,91
nI0ASOYD,Rated Bullet game,Bullet,60+0,Erick_Salazar,Tarastarasov,1683,1705,,,HUMAN_vs_HUMAN,0-1,B50,74
VeRVmkCO,Rated Bullet game,Bullet,60+0,dvigil1,sadegh89,1726,1731,,,HUMAN_vs_HUMAN,0-1,C00,56
UrYAQ6MM,Rated Blitz game,Blitz,300+3,elkeno,Jekyll1886,1243,1247,,,HUMAN_vs_HUMAN,0-1,B30,46
Ar7FMPaW,Rated Blitz game,Blitz,300+3,rosariobatman,Tronas,1773,1744,,,HUMAN_vs_HUMAN,1-0,A80,55
lQhp2I5k,Rated Blitz game,Blitz,300+3,hundertdrei,binino,1477,1477,,,HUMAN_vs_HUMAN,1-0,C34,27
kQisyyOw,Rated Blitz game,Blitz,300+3,SuperBlas30,Yung_Vuggy,917,839,,,HUMAN_vs_HUMAN,1-0,A06,23
M511B7aw,Rated Blitz game,Blitz,300+3,Reshimgathi,capulcacurul,1741,1720,,,HUMAN_vs_HUMAN,1-0,D20,95
3vHjUOlz,Rated Blitz game,Blitz,300+3,Hayas24,Pabloprofesor,825,742,,,HUMAN_vs_HUMAN,0-1,B01,30
lQr06QZL,Rated Blitz game,Blitz,300+3,JonChess123,Spellbound2811,1517,1483,,,HUMAN_vs_HUMAN,1-0,C50,103
VwO0hhry,Rated Blitz game,Blitz,300+3,baheej,Eko_Petani,1943,2021,,,HUMAN_vs_HUMAN,0-1,B01,74
W53FLjp3,Rated Blitz game,Blitz,300+3,CrazyEye,MDBLACKY,1366,1388,,,HUMAN_vs_HUMAN,0-1,C20,45
UgdU1w6K,Rated Blitz game,Blitz,300+3,seAN0000,Elias31737,1305,1300,,,HUMAN_vs_HUMAN,0-1,B07,100
myN10bYY,Rated Bullet game,Bullet,60+0,xkralTR123,Shabayan,2346,2285,,,HUMAN_vs_HUMAN,1-0,A00,71
VSZp28qy,Rated Blitz game,Blitz,300+0,chessgenius71,josefus,2121,2137,,,HUMAN_vs_HUMAN,1-0,C24,51
d4NDCIMP,Rated Blitz game,Blitz,300+0,TheTaimanovPlayer,bio-aeon,2015,1684,,,HUMAN_vs_HUMAN,1-0,B08,63
Elvctwpw,Rated Blitz game,Blitz,300+0,Aitor_M,Gliso84,1643,1672,,,HUMAN_vs_HUMAN,0-1,B45,54
gF447Hf1,Rated Blitz game,Blitz,300+0,cheto77,Christian59,1762,1730,,,HUMAN_vs_HUMAN,1-0,C01,35
4zMSao7J,Rated Blitz game,Blitz,300+0,silencerzkie,Mauricio_Urquizo_76,1767,1767,,,HUMAN_vs_HUMAN,0-1,C41,80
Z58j2EHK,Rated Blitz game,Blitz,300+0,whitepleasee,Ivz629,1512,1440,,,HUMAN_vs_HUMAN,0-1,C00,112
G1sL1k2d,Rated Blitz game,Blitz,300+0,diamondpandu,WiktorKrasko,864,844,,,HUMAN_vs_HUMAN,1-0,C20,31
vcJrngKO,Rated Blitz game,Blitz,300+0,Rauann,Davidson789,1326,1237,,,HUMAN_vs_HUMAN,1-0,C40,93
vgOJY338,Rated Blitz game,Blitz,300+0,thelonewolf123,Mikromega,1418,1421,,,HUMAN_vs_HUMAN,1-0,B00,87
O15fh8B2,Rated Blitz game,Blitz,300+0,poh4,DeanofNCChess,1988,1946,,,HUMAN_vs_HUMAN,0-1,B06,70
FrBP6J7v,Rated Blitz game,Blitz,300+0,Hubi_Crosby,Vadim_Kliukin,1177,1204,,,HUMAN_vs_HUMAN,0-1,A21,138
VcXkwXAW,Rated Blitz game,Blitz,300+0,NirbhayNirgun,Diegoamr,1714,1673,,,HUMAN_vs_HUMAN,0-1,C00,104
VQPdQo5q,Rated Blitz game,Blitz,300+0,thudnerhwak,Ninjamapleman,1474,1500,,,HUMAN_vs_HUMAN,0-1,C40,58
XwNRFJTA,Rated Blitz game,Blitz,300+0,waltercampos,DavidDuran,1897,1869,,,HUMAN_vs_HUMAN,0-1,B20,66
S01lxlzm,Rated Blitz game,Blitz,300+0,dududepetrolina2020,flippinuke,1409,1432,,,HUMAN_vs_HUMAN,1-0,B01,139
vvzPh9q5,Rated Blitz game,Blitz,300+0,diletantspb,Pettyjackson,1914,1905,,,HUMAN_vs_HUMAN,1-0,C53,45
BbjdLivT,Rated Blitz game,Blitz,300+0,DavidChiri,maxddd,1184,1078,,,HUMAN_vs_HUMAN,0-1,D10,92
MIZZzJkw,Rated Blitz game,Blitz,180+0,RiadTiz,Ameenzairi,1822,1819,,,HUMAN_vs_HUMAN,0-1,B12,60
EFnKRd59,Rated Blitz game,Blitz,180+0,ganga166,Ncane90,1321,1343,,,HUMAN_vs_HUMAN,1-0,B20,65
B374CyIB,Rated Blitz game,Blitz,180+0,Fafacantik,Sergpt21,1491,1496,,,HUMAN_vs_HUMAN,1-0,D00,57
iKvxGbNQ,Rated Blitz game,Blitz,180+0,hakann4242,Marquiux,1540,1528,,,HUMAN_vs_HUMAN,1-0,C21,65
HJ3KWd2G,Rated Blitz game,Blitz,180+0,unbroken_lamp,georgiadisale,2043,2112,,,HUMAN_vs_HUMAN,1-0,C65,31
ewJ8Pnhf,Rated Blitz game,Blitz,180+0,Andrey_Jan,Davemage,1631,1696,,,HUMAN_vs_HUMAN,0-1,C41,118
F4So341J,Rated Blitz game,Blitz,180+0,MisterForza,nekutuzov,1500,1384,,,HUMAN_vs_HUMAN,1-0,B40,75
zZ8awVNy,Rated Bullet game,Bullet,60+0,Markimaus,mo57,2275,2202,,,HUMAN_vs_HUMAN,1-0,A21,69
xzG9UCCP,Rated Bullet game,Bullet,60+0,patrick_b0tem0n,prijepolje,1466,1533,,,HUMAN_vs_HUMAN,0-1,B01,58
HUPxvx90,Rated Bullet game,Bullet,60+0,olliven,tumanidze,1601,1621,,,HUMAN_vs_HUMAN,1-0,B01,51
0sWWkM0R,Rated Bullet game,Bullet,60+0,rp9i3hbie_tpycbi,ElchapuCuba,2342,2360,,,HUMAN_vs_HUMAN,1-0,A03,99
Yx2o3CwV,Rated Bullet game,Bullet,60+0,chess_potato_blue,till120,1350,1227,,,HUMAN_vs_HUMAN,1-0,A00,69
NB0Y1JTa,Rated Bullet game,Bullet,60+0,Fred2018,miskeena,1845,1822,,,HUMAN_vs_HUMAN,0-1,C30,68
J0lykmQA,Rated Bullet game,Bullet,60+0,serg_maestro_1,Adrian4ever,1352,1368,,,HUMAN_vs_HUMAN,1-0,B01,67
fPUORkvI,Rated Bullet game,Bullet,60+0,Dime_J4v13r,netzumi,1852,1851,,,HUMAN_vs_HUMAN,0-1,A40,100
SheIFd8w,Rated Bullet game,Bullet,60+0,gabrielataque,san_martin01,2033,2072,,,HUMAN_vs_HUMAN,0-1,D05,68
qWE9428L,Rated Bullet game,Bullet,60+0,rato23,Dtharunkaplan,2377,2288,,,HUMAN_vs_HUMAN,0-1,A02,80
yZ4N25kI,Rated Blitz game,Blitz,300+3,Cavinato,Grayonics,1706,1822,,,HUMAN_vs_HUMAN,0-1,B01,80
fuweqdA3,Rated Blitz game,Blitz,300+3,groteB,kingsigambit,1221,1270,,,HUMAN_vs_HUMAN,0-1,C44,40
9CyzMXzs,Rated Blitz game,Blitz,300+3,Jpudney,odbal5,845,945,,,HUMAN_vs_HUMAN,1-0,C23,107
QYyiVoRz,Rated Blitz game,Blitz,300+3,heyshram,Jisegonzalez_852019,1852,1775,,,HUMAN_vs_HUMAN,0-1,C50,52
HutUoOOw,Rated Blitz game,Blitz,300+3,tarekmght,heranbarr,1677,1646,,,HUMAN_vs_HUMAN,1-0,A13,103
k4H45zQE,Rated Blitz game,Blitz,300+3,BabaWega,gustranvan,1410,1436,,,HUMAN_vs_HUMAN,1-0,B62,41
tr2458Qq,Rated UltraBullet game,UltraBullet,15+0,lichinut,arqcap,1654,1651,,,HUMAN_vs_HUMAN,1-0,A00,65
FXFUOpjM,Rated Rapid game,Rapid,600+0,Javiersantomera,Panderbambus,1093,1086,,,HUMAN_vs_HUMAN,1-0,D00,33
0rQjXiKV,Rated Rapid game,Rapid,600+0,Flasklilja,Azaz0Mahmoud,2197,2054,,,HUMAN_vs_HUMAN,1-0,D53,37
QkvAZGgG,Rated Rapid game,Rapid,600+0,viasaldivar,FCF3,1818,1764,,,HUMAN_vs_HUMAN,0-1,D00,56
kqLc3ck4,Rated Rapid game,Rapid,600+0,kwisathaderach,nosniv29,1408,1418,,,HUMAN_vs_HUMAN,0-1,A40,17
kGFbDlT4,Rated Rapid game,Rapid,600+0,andreybo22,basantaman123,1738,1703,,,HUMAN_vs_HUMAN,0-1,A10,58
e50NkvS2,Rated Rapid game,Rapid,600+0,thatpersoninhere,yoshikage_kira,804,743,,,HUMAN_vs_HUMAN,0-1,C42,33
stFg4lWT,Rated Rapid game,Rapid,600+0,Kawkab29,bouyachaka77,1631,1650,,,HUMAN_vs_HUMAN,1-0,B01,41
ZwjkU2YM,Rated Rapid game,Rapid,600+0,brunolamaral,Chopin80,1439,1533,,,HUMAN_vs_HUMAN,0-1,C57,62
gVfDmcbq,Rated Rapid game,Rapid,600+0,JJULIO-19,cmrn0,1160,1172,,,HUMAN_vs_HUMAN,1-0,B01,59
WS4PtkAb,Rated Rapid game,Rapid,600+0,ChingChongChow,richardolar,1098,1160,,,HUMAN_vs_HUMAN,1-0,C50,59
fCmsBnD1,Rated Rapid game,Rapid,600+0,koba_85,DavidZibo1912,890,970,,,HUMAN_vs_HUMAN,0-1,B00,78
c3H0TQBd,Rated Bullet game,Bullet,60+0,ItzProPvp,od507,2369,2305,,,HUMAN_vs_HUMAN,1-0,A49,133
wM2KtEWL,Rated Blitz game,Blitz,180+0,HectorGubelin,ilia1507,1452,1432,,,HUMAN_vs_HUMAN,0-1,B30,68
Sq2sjnyG,Rated Blitz game,Blitz,180+0,Coqui64,Iwan_Ltm,2121,2070,,,HUMAN_vs_HUMAN,1-0,A15,65
4fJ39bRY,Rated Blitz game,Blitz,180+0,MohammadRe7za,KingKenKong,1588,1587,,,HUMAN_vs_HUMAN,0-1,A40,110
242F0F9Q,Rated Blitz game,Blitz,180+0,thomasbsta,Meujael020,1708,1710,,,HUMAN_vs_HUMAN,1-0,C44,53
iGhd8I4X,Rated Blitz game,Blitz,180+0,lawdog98,xr2d2,1093,1078,,,HUMAN_vs_HUMAN,1-0,D01,93
f6J650Nz,Rated Blitz game,Blitz,180+0,Liugo2022,Norawich,2015,2062,,,HUMAN_vs_HUMAN,1-0,A40,57
m5PTw0m2,Rated Blitz game,Blitz,180+0,AlfonsoIIIMagno,Natewin,1288,1362,,,HUMAN_vs_HUMAN,1/2-1/2,A00,140
QmQLxux2,Rated Blitz game,Blitz,180+0,laranjagabrielss,romansf4,1543,1546,,,HUMAN_vs_HUMAN,1-0,A15,45
lLJP6Dsi,Rated Blitz game,Blitz,180+0,Mhztr_217,kylekir818,1254,1257,,,HUMAN_vs_HUMAN,0-1,A40,88
TRkIapta,Rated Blitz game,Blitz,180+0,speed_chess21,IvanMastuk,2217,2286,,,HUMAN_vs_HUMAN,0-1,B13,62
D0QIBYaf,Rated Blitz game,Blitz,180+0,mohammadHabeb,abdallanasr95,1513,1514,,,HUMAN_vs_HUMAN,1-0,D31,29
g3U94Cfa,Rated Blitz game,Blitz,180+0,dediktsi,Impacto21,1866,1969,,,HUMAN_vs_HUMAN,0-1,D45,102
eWMlpuuY,Rated Blitz game,Blitz,180+0,Marbi212912111,LeonPE,1808,1823,,,HUMAN_vs_HUMAN,0-1,B10,60
yS0Xr0LU,Rated Blitz game,Blitz,180+0,quinny9999d,Mistercone,1480,1467,,,HUMAN_vs_HUMAN,0-1,C02,72
eJQaCaqJ,Rated Blitz game,Blitz,180+0,Malone905,Leonard-Candado,1794,1798,,,HUMAN_vs_HUMAN,0-1,C50,104
7PFL2434,Rated Bullet game,Bullet,60+0,ManuelGaddafi,teafour,2154,2213,,,HUMAN_vs_HUMAN,1/2-1/2,B10,123
Jz7me9JO,Rated Blitz game,Blitz,180+0,soulcella,JudeSamarasinghe,2261,2218,,,HUMAN_vs_HUMAN,1-0,A01,139
hDfU3kvA,Rated Bullet game,Bullet,120+1,charliedrago,kaizor6,1461,1474,,,HUMAN_vs_HUMAN,1/2-1/2,C46,123
8mjN2qKH,Rated Bullet game,Bullet,120+1,zenovii1951,Botenchesso,1223,1218,,,HUMAN_vs_HUMAN,0-1,B01,76
wSkHqcgZ,Rated Bullet game,Bullet,120+1,chessgooon,tueggelnueggel,1417,1431,,,HUMAN_vs_HUMAN,1-0,D02,61
jzn1ONV7,Rated Bullet game,Bullet,120+1,zendoh07,breinz,1131,1144,,,HUMAN_vs_HUMAN,1-0,C50,33
eRi9gCBs,Rated Bullet game,Bullet,120+1,Corocotaa,ACE6704,1319,1261,,,HUMAN_vs_HUMAN,1-0,B01,71
T7Xd5Tie,Rated Bullet game,Bullet,120+1,Adamsapfel,navidof,2006,1988,,,HUMAN_vs_HUMAN,1-0,B00,121
Nu9LcnR2,Rated Bullet game,Bullet,120+1,Laprofe101,pg1-h3,1996,2003,,,HUMAN_vs_HUMAN,0-1,B03,46
BV6tltmI,Rated Bullet game,Bullet,120+1,EnGoSo,martinmacko1,983,980,,,HUMAN_vs_HUMAN,0-1,C41,48
AbNJpXET,Rated Bullet game,Bullet,120+1,oldsar,xescoli,2341,2296,,,HUMAN_vs_HUMAN,1/2-1/2,C47,155
xyUfcSZb,Rated Bullet game,Bullet,120+1,Geefa85,Andrey_V_Kozlov,912,831,,,HUMAN_vs_HUMAN,1-0,B40,81
wiVJHf2F,Rated Bullet game,Bullet,120+1,flutemaker,Narvikguten,1784,1758,,,HUMAN_vs_HUMAN,1-0,D07,69
U1yDayO1,Rated Bullet game,Bullet,120+1,Kotaes,king-eye-bee,2009,2137,,,HUMAN_vs_HUMAN,1-0,B20,51
I0KG7ckW,Rated Bullet game,Bullet,120+1,calcomar,E-balda,1933,1884,,,HUMAN_vs_HUMAN,1-0,A43,71
LZAEzVxd,Rated Bullet game,Bullet,120+1,inblacknegro,smsm79,1000,994,,,HUMAN_vs_HUMAN,1-0,A10,53
SMYSroHJ,Rated UltraBullet game,UltraBullet,15+0,MickeyPig1,biqshaq,1723,1751,,,HUMAN_vs_HUMAN,0-1,A01,72
MW0V9aC4,Rated Bullet game,Bullet,60+0,prefabknight,minalabh,2248,2250,,,HUMAN_vs_HUMAN,1-0,C50,111
2AVOYHyv,Rated Bullet game,Bullet,60+0,MrAWD,silverry,1929,1854,,,HUMAN_vs_HUMAN,1-0,B22,25
R02pOUFg,Rated Bullet game,Bullet,60+0,manasza,misterlovalovashecal,1851,1846,,,HUMAN_vs_HUMAN,1-0,B51,87
CHs01lK8,Rated Blitz game,Blitz,180+0,No44810,CristianRIV,2003,1999,,,HUMAN_vs_HUMAN,1-0,D00,29
EqDYtZEI,Rated Blitz game,Blitz,180+0,ilyusha01,Pandavanchik,2024,2028,,,HUMAN_vs_HUMAN,1-0,C41,29
HxM5QdKC,Rated Blitz game,Blitz,180+0,Friday-The-69th,DonaldTrompowsky,2103,1976,,,HUMAN_vs_HUMAN,1-0,A00,29
qHqjSUAM,Rated Blitz game,Blitz,180+0,jhcIII,Radzhabov82,1868,1888,,,HUMAN_vs_HUMAN,1-0,C01,61
4ncmNNJW,Rated Blitz game,Blitz,180+0,simoneinjagi,panconcanela,2177,2238,,,HUMAN_vs_HUMAN,1-0,B40,89
eGN7mNWz,Rated Blitz game,Blitz,180+0,PapiFandi,donquiscot,1584,1592,,,HUMAN_vs_HUMAN,1-0,C00,55
o1A8s6MV,Rated Blitz game,Blitz,180+0,ActiveMoves,AZqswx123,1811,1804,,,HUMAN_vs_HUMAN,1-0,C64,101
Ic2gL5zQ,Rated Blitz game,Blitz,180+0,benjidostreskuater,debasman,1124,1074,,,HUMAN_vs_HUMAN,1-0,A41,3
ZeJoWXBw,Rated Blitz game,Blitz,180+0,krisses,omardou,1447,1485,,,HUMAN_vs_HUMAN,0-1,C54,92
iTIWhqYJ,Rated Blitz game,Blitz,180+0,APA_SIH,panda27,1643,1619,,,HUMAN_vs_HUMAN,0-1,B02,74
BUHFCbzF,Rated Rapid game,Rapid,600+0,Bastillon,its_moncifff,2134,2091,,,HUMAN_vs_HUMAN,0-1,C44,30
zpDv9Sm4,Rated Bullet game,Bullet,60+0,MINDHUNTERschafer,Tamecula,1827,1792,,,HUMAN_vs_HUMAN,1-0,A40,43
JCbrpUjB,Rated Blitz game,Blitz,180+2,GambitLeon,MR1Black3SkY,1863,1832,,,HUMAN_vs_HUMAN,1-0,D00,79
JzCvS0qE,Rated Blitz game,Blitz,180+2,toto59840,alexandermejia0422,1793,1795,,,HUMAN_vs_HUMAN,1-0,A40,53
gIgvfrlz,Rated Blitz game,Blitz,180+2,Zartr,gomerblond008,1445,1508,,,HUMAN_vs_HUMAN,0-1,C00,56
1s5ocTwJ,Rated Blitz game,Blitz,180+2,MvxQ,aquarido,1649,1626,,,HUMAN_vs_HUMAN,1-0,B50,59
M2hY5qWl,Rated Blitz game,Blitz,180+2,JorgeBF7,samimejzini,1816,1801,,,HUMAN_vs_HUMAN,0-1,A21,84
hiCVtARg,Rated Blitz game,Blitz,180+2,silverscape2,marciojuniorchess,1707,1720,,,HUMAN_vs_HUMAN,0-1,B21,62
4E1x3TsA,Rated Blitz game,Blitz,180+2,Leongadol,Piccoletto,1951,1953,,,HUMAN_vs_HUMAN,1-0,B00,125
7Oe3Mbbf,Rated Blitz game,Blitz,180+2,mateteam,chess50years,2186,2165,,,HUMAN_vs_HUMAN,0-1,A40,38
l0HcyGO6,Rated Blitz game,Blitz,180+2,TilekComrade,buchwaldini,1546,1610,,,HUMAN_vs_HUMAN,1-0,D13,47
PUmNv62i,Rated Blitz game,Blitz,180+2,VHaus,Platonghg,1990,1978,,,HUMAN_vs_HUMAN,1-0,E73,69
mnx2Jof3,Rated Blitz game,Blitz,180+2,JeanCarlosFRJ,Aho666,2057,2097,,,HUMAN_vs_HUMAN,0-1,C00,90
NiOFKpBm,Rated Blitz game,Blitz,180+2,avd48,ROMAGO,1864,1910,,,HUMAN_vs_HUMAN,0-1,C41,46
CQvKuH0L,Rated Rapid game,Rapid,600+0,Tayssiralokla,PassThrough,1917,1870,,,HUMAN_vs_HUMAN,1/2-1/2,A01,153
HhPP53pU,Rated Rapid game,Rapid,600+0,DL_CRONUS,kjjai,1106,1134,,,HUMAN_vs_HUMAN,1-0,C25,45
McNoseCA,Rated Rapid game,Rapid,600+0,Fazlollah_40,vacil,1762,1767,,,HUMAN_vs_HUMAN,1-0,B00,97
zAtLGBLP,Rated Rapid game,Rapid,600+0,Mhysta100,olympiacos8,2180,2162,,,HUMAN_vs_HUMAN,0-1,A13,68
KG6VLny6,Rated Rapid game,Rapid,600+0,MisterCarot,Legendary_Hu3,1359,1325,,,HUMAN_vs_HUMAN,1-0,A00,47
00D9FXuA,Rated Rapid game,Rapid,600+0,mahmed0001,EASHADRIN,1500,1529,,,HUMAN_vs_HUMAN,1-0,C29,43
mHnYM7kJ,Rated Rapid game,Rapid,600+0,kwtBangelina,C-J-P,1457,1433,,,HUMAN_vs_HUMAN,1-0,C60,60
mVJsDIWS,Rated Rapid game,Rapid,600+0,Woten,elbana11,1834,1874,,,HUMAN_vs_HUMAN,1-0,B01,97
ZbIQi6BY,Rated Rapid game,Rapid,600+0,mantipov,wintermaniac,985,1088,,,HUMAN_vs_HUMAN,1-0,C62,61
VPuGPQWv,Rated Rapid game,Rapid,600+0,PelicanYawning,Kenaj9,1222,1197,,,HUMAN_vs_HUMAN,0-1,C40,14
lOQkdP4A,Rated Rapid game,Rapid,600+0,Imelbaeva08,Mawi-m,1714,1723,,,HUMAN_vs_HUMAN,0-1,B40,70
wMN5KL9j,Rated Blitz game,Blitz,180+2,renjats,Julisv,1259,1094,,,HUMAN_vs_HUMAN,1-0,D20,55
eLWFmn6l,Rated Bullet game,Bullet,30+0,ilovetoeat54,LassWag2021i,2538,2307,,,HUMAN_vs_HUMAN,1/2-1/2,A00,141
fafqel2l,Rated Bullet game,Bullet,60+0,Tinkerpea,gonzalitto,1562,1560,,,HUMAN_vs_HUMAN,0-1,B23,76
kXFIyJpq,Rated Bullet game,Bullet,60+0,deatv,ajedrezdemaestro,2151,2215,,,HUMAN_vs_HUMAN,0-1,A01,78
4EbyaXoP,Rated Bullet game,Bullet,60+0,Burgess14,yurajurqu,1716,1742,,,HUMAN_vs_HUMAN,1-0,B00,75
1cjBxyGe,Rated Bullet game,Bullet,60+0,DrAlbatRoss,Ponita,1872,1960,,,HUMAN_vs_HUMAN,1-0,B13,77
BfIKvZLG,Rated Bullet game,Bullet,60+0,para11ax,kenleycharles1,1300,1197,,,HUMAN_vs_HUMAN,1-0,B10,33
U5c6qamD,Rated Bullet game,Bullet,60+0,ackovic,stanfor,1528,1522,,,HUMAN_vs_HUMAN,0-1,C00,34
HjRndXBl,Rated Bullet game,Bullet,60+0,flamerboy100,SelcukMKA,983,1098,,,HUMAN_vs_HUMAN,1-0,B01,47
UzeeHIkB,Rated Bullet game,Bullet,60+0,progfool12,Andre-1983,1833,1799,,,HUMAN_vs_HUMAN,0-1,A22,84
WucMbxEf,Rated Bullet game,Bullet,60+0,GreetingsAndGoodBye,lama17,2539,2514,,,HUMAN_vs_HUMAN,0-1,A00,36
yVBpa2dx,Rated Bullet game,Bullet,60+0,pdefra01,smnpl,979,1022,,,HUMAN_vs_HUMAN,0-1,B12,12
5112DIcn,Rated Bullet game,Bullet,60+0,Jaimevalladares,Santiago_Bautista217,1532,1530,,,HUMAN_vs_HUMAN,1-0,B06,67
ZbFhWDmJ,Rated Bullet game,Bullet,60+0,Challengetactics,NicolaSandonnini,1710,1699,,,HUMAN_vs_HUMAN,1-0,A10,42
nQ1ZISfh,Rated Bullet game,Bullet,60+0,praiseel15,BlackBeltKing,1677,1677,,,HUMAN_vs_HUMAN,0-1,B10,25
LKKaodvJ,Rated Bullet game,Bullet,60+0,alame407,MemphisMade,2405,2296,,,HUMAN_vs_HUMAN,0-1,D01,38
HmKzuWKt,Rated Bullet game,Bullet,60+0,jo108,Haraldwil,1341,1374,,,HUMAN_vs_HUMAN,0-1,D00,66
vH9Iast7,Rated Bullet game,Bullet,60+0,JoelSlayer,O0S,1170,1154,,,HUMAN_vs_HUMAN,1-0,B01,52
yUveCpwN,Rated Bullet game,Bullet,60+0,anaswagih3,dopeboiscotto,1376,1500,,,HUMAN_vs_HUMAN,1-0,C41,95
5WaBYQVd,Rated Bullet game,Bullet,60+0,pozdrawiam_gg,Vikings00,2030,1978,,,HUMAN_vs_HUMAN,1-0,C40,45
BuyErwY6,Rated Blitz game,Blitz,180+2,Lnoriegap,HJava020,1424,1330,,,HUMAN_vs_HUMAN,1-0,B01,99
6VFj6Im8,Rated Blitz game,Blitz,300+3,MH12Pune,ShakhhkahS,1307,1256,,,HUMAN_vs_HUMAN,1-0,B06,39
hc5oScfY,Rated Rapid game,Rapid,900+0,JosipAlebic,magnificentmak11,1572,1690,,,HUMAN_vs_HUMAN,0-1,B28,104
JznK3fo8,Rated Classical game,Classical,1500+0,tarqdarwyshsuit64,darkolive,1832,2001,,,HUMAN_vs_HUMAN,0-1,C20,42
BDdhAiVv,Rated Bullet game,Bullet,60+0,elisak43,PuzzlesBar,2746,3008,,,HUMAN_vs_HUMAN,0-1,D00,96
h5x04DIW,Rated Bullet game,Bullet,120+1,BULL1976,chesstarc,1129,1103,,,HUMAN_vs_HUMAN,0-1,C41,82
38bxzLe1,Rated Bullet game,Bullet,120+1,AMR008,daitab,1385,1267,,,HUMAN_vs_HUMAN,1-0,C20,19
zLfNoHFi,Rated Bullet game,Bullet,120+1,larsorjan,Tockos,1634,1618,,,HUMAN_vs_HUMAN,1-0,B00,77
qNCWRv74,Rated Bullet game,Bullet,120+1,marc03041961,ximik15,878,863,,,HUMAN_vs_HUMAN,0-1,D00,56
QQXrekHF,Rated Blitz game,Blitz,300+0,gerat1980,jorguitoluis1,1625,1687,,,HUMAN_vs_HUMAN,1-0,B00,99
SF5qj0v1,Rated Blitz game,Blitz,300+0,ak_razmi,Minimacho27,2099,2188,,,HUMAN_vs_HUMAN,0-1,B13,64
1PYmSMYO,Rated Blitz game,Blitz,300+0,Herr-Nilsson,Atolush,2009,2001,,,HUMAN_vs_HUMAN,1-0,A06,71
Gl0q3Mep,Rated Blitz game,Blitz,300+0,pawnmonster,flegmeth_laptop,1870,1920,,,HUMAN_vs_HUMAN,1-0,B44,45
mXib81nD,Rated Blitz game,Blitz,300+0,Knngrbnl,sicariosniper,1085,1124,,,HUMAN_vs_HUMAN,0-1,C00,46
Pm9TPqYY,Rated Blitz game,Blitz,180+0,Abossi,alvydas9,1929,1918,,,HUMAN_vs_HUMAN,0-1,B12,42
RZEu2z0Z,Rated Blitz game,Blitz,180+0,BaianinhoDeMaua,shijayson,2246,2168,,,HUMAN_vs_HUMAN,1-0,D35,99
F9emTBCN,Rated Blitz game,Blitz,180+0,Evapava,luciofilhomanaus,2055,2067,,,HUMAN_vs_HUMAN,0-1,D00,76
Vsx5flMT,Rated Blitz game,Blitz,180+0,martinc12345,gtlnando,1424,1430,,,HUMAN_vs_HUMAN,1-0,A40,71
mgdvPy2I,Rated Blitz game,Blitz,180+0,tomomate10,RD1234,2009,2001,,,HUMAN_vs_HUMAN,0-1,A40,96
nZcuZ8u1,Rated Blitz game,Blitz,180+0,Anastasio83,DR-OZZY,2118,2096,,,HUMAN_vs_HUMAN,0-1,C44,86
wRfUyKqH,Rated Blitz game,Blitz,180+0,ikbalish,DrunkySkunky,2042,2014,,,HUMAN_vs_HUMAN,0-1,D90,72
L7oC4jnX,Rated Blitz game,Blitz,180+0,cemilsaymaz,swych,764,756,,,HUMAN_vs_HUMAN,1-0,C20,34
FVPElC9B,Rated Blitz game,Blitz,180+0,sorrysister,stmpwre,1041,968,,,HUMAN_vs_HUMAN,1-0,D11,91
qzq06Lg7,Rated Blitz game,Blitz,180+0,viratkumar,lil_mercedez,1378,1373,,,HUMAN_vs_HUMAN,0-1,A40,60
9dWHoovW,Rated Blitz game,Blitz,180+0,targino50,Erossem,1147,1244,,,HUMAN_vs_HUMAN,0-1,C20,62
mlkdkIlZ,Rated Blitz game,Blitz,180+0,barhos,PESADITO,1830,1800,,,HUMAN_vs_HUMAN,1-0,A36,27
RkKsve7t,Rated Blitz game,Blitz,180+0,Romario9507,elkadri-kerim-77,1713,1718,,,HUMAN_vs_HUMAN,0-1,B06,34
pV78p3MU,Rated Blitz game,Blitz,180+0,sorcerer8,triceratops_2007,1727,1756,,,HUMAN_vs_HUMAN,0-1,B00,56
7yn2180a,Rated Blitz game,Blitz,180+0,Anocha198,Berrryy,1059,1048,,,HUMAN_vs_HUMAN,1-0,A00,89
yc7cErD7,Rated Blitz game,Blitz,180+0,crim3s,simmeh,1575,1624,,,HUMAN_vs_HUMAN,0-1,D02,34
lPsOsEcb,Rated Blitz game,Blitz,180+0,Andy1298,luy175,1944,1994,,,HUMAN_vs_HUMAN,1-0,B01,57
w1g5tkEK,Rated Blitz game,Blitz,180+0,reichenbacher,Aikrechko,1691,1712,,,HUMAN_vs_HUMAN,1-0,D08,31
7BNYWgRu,Rated Bullet game,Bullet,60+0,nibatbib,faeae2308,1688,1685,,,HUMAN_vs_HUMAN,0-1,D03,76
bgxCrNdi,Rated Bullet game,Bullet,60+0,dabee,AAArmstark,2535,2449,FM,,HUMAN_vs_HUMAN,1/2-1/2,B07,117
WUlMqYPT,Rated Blitz game,Blitz,300+0,zdreanta,armando_tb64,1767,1759,,,HUMAN_vs_HUMAN,0-1,D00,108
EBbmQMfO,Rated Bullet game,Bullet,60+0,paschalaliozor,shegap,2038,1982,,,HUMAN_vs_HUMAN,1-0,D10,95
Y4ThbbtD,Rated Bullet game,Bullet,120+1,Fredfarkle2023,andreafbl,1207,1283,,,HUMAN_vs_HUMAN,0-1,C50,25
SgwKNHGC,Rated Bullet game,Bullet,60+0,Kolabaxa,LoneCypress,2487,2605,,NM,HUMAN_vs_HUMAN,1-0,E62,53
u1gKHJTN,Rated Classical game,Classical,1800+0,socialengineering,ashaoshan,1508,1422,,,HUMAN_vs_HUMAN,1-0,C24,71
2lgCUoqX,Rated Blitz game,Blitz,180+2,Kazuto_23,DzikraEka_UPI,1670,1678,,,HUMAN_vs_HUMAN,1-0,A40,55
8SmBYTh5,Rated Blitz game,Blitz,180+2,separ8or,Askold_Moroz,766,818,,,HUMAN_vs_HUMAN,1-0,A35,63
Q9ORFuFI,Rated Blitz game,Blitz,180+2,senn71,Aroialo,2387,2348,,,HUMAN_vs_HUMAN,1-0,C48,75
Utf3MR5Q,Rated Blitz game,Blitz,180+2,supplying-coffins,Mia93,2016,2032,,,HUMAN_vs_HUMAN,1-0,E61,111
aeY4ra5s,Rated Blitz game,Blitz,180+2,mathchesscallas,luchle,2116,2159,,,HUMAN_vs_HUMAN,0-1,C41,76
tsLwxhz7,Rated Blitz game,Blitz,180+2,Hoffmann64,dmeliksah,1948,1999,,,HUMAN_vs_HUMAN,1-0,A13,55
4y3SZV2q,Rated Blitz game,Blitz,180+2,hafadirh,NidhalStruggle,1351,1333,,,HUMAN_vs_HUMAN,1-0,C25,145
KZgDnfRb,Rated Blitz game,Blitz,180+2,dandanmian,LUIBA,2288,2321,,,HUMAN_vs_HUMAN,0-1,A46,48
JPkqHeUK,Rated Blitz game,Blitz,180+2,DR_GRINCH,roycec,1386,1455,,,HUMAN_vs_HUMAN,1-0,C41,45
VRwaDiW7,Rated Blitz game,Blitz,180+2,Matiu-ascanta,Borax_377,1645,1605,,,HUMAN_vs_HUMAN,1-0,C77,89
LcHC9dVg,Rated Blitz game,Blitz,180+2,rainer12,devamsshah1733,1802,1740,,,HUMAN_vs_HUMAN,0-1,D02,70
2WPGcvFC,Rated Blitz game,Blitz,180+2,pierbruno,verde013,1352,1361,,,HUMAN_vs_HUMAN,1-0,B00,56
rtm2GJPZ,Rated Blitz game,Blitz,180+2,crni_Gruja1804,jpdoc89,2173,2130,,,HUMAN_vs_HUMAN,1-0,B50,77
NoR3Ifau,Rated Rapid game,Rapid,600+0,anuragrc,wellduh,1722,1776,,,HUMAN_vs_HUMAN,0-1,A21,42
G46xz5Mq,Rated Rapid game,Rapid,600+0,JackySoria,PlInLegendsAndLattes,1678,1616,,,HUMAN_vs_HUMAN,1-0,A00,133
LEixTnBu,Rated Rapid game,Rapid,600+0,johnny_42,granularcoral,936,912,,,HUMAN_vs_HUMAN,0-1,C46,60
dgPEh8LD,Rated Rapid game,Rapid,600+0,petegg,LELO1972,1471,1468,,,HUMAN_vs_HUMAN,1-0,B20,77
B6F0sYly,Rated Rapid game,Rapid,600+0,Papel1988,samis1,2036,2143,,,HUMAN_vs_HUMAN,0-1,D50,20
CZYTgdWJ,Rated Rapid game,Rapid,600+0,engreda,Nornt,1903,1881,,,HUMAN_vs_HUMAN,1-0,D04,63
eWHogTNH,Rated Rapid game,Rapid,600+0,storm_dragon26,boubacarbaaa2,2277,2266,,,HUMAN_vs_HUMAN,0-1,B15,60
m9naoUJB,Rated Rapid game,Rapid,600+0,mylovehotel,raketone94,1380,1349,,,HUMAN_vs_HUMAN,0-1,D06,42
nbF4Ja4z,Rated Rapid game,Rapid,600+0,scaccofed,saibot45,1290,1310,,,HUMAN_vs_HUMAN,1-0,C65,142
GIuS5WMA,Rated Rapid game,Rapid,600+0,m2mehraban,azulino_13,1868,1807,,,HUMAN_vs_HUMAN,0-1,C00,64
0t47yGWi,Rated Rapid game,Rapid,600+0,shenriksen4,santaclause008,1994,2006,,,HUMAN_vs_HUMAN,0-1,B33,39
UI3v8Ejd,Rated Bullet game,Bullet,60+0,Alekwine13,devstorm,2491,2652,,,HUMAN_vs_HUMAN,0-1,B00,46
aGwj9GGo,Rated Bullet game,Bullet,60+0,ultimaspiaggia,zaicev,2325,2386,,,HUMAN_vs_HUMAN,1-0,B07,103
MAZ7FAxl,Rated Bullet game,Bullet,60+0,timas23,KJNY,1051,1031,,,HUMAN_vs_HUMAN,0-1,C47,56
76SuTNOg,Rated Bullet game,Bullet,60+0,ElPedro2000,stsp37,1776,1921,,,HUMAN_vs_HUMAN,1-0,A00,61
aBRJySxl,Rated Bullet game,Bullet,60+0,juancho_rp,bazilio1993,1599,1607,,,HUMAN_vs_HUMAN,0-1,D06,50
N8vZymDx,Rated Bullet game,Bullet,60+0,dullerafluenzer,blezg,1701,1775,,,HUMAN_vs_HUMAN,0-1,A00,74
EqPWDpSV,Rated Bullet game,Bullet,60+0,DivisibleXThree,Melkor0815,1555,1458,,,HUMAN_vs_HUMAN,0-1,B21,72
m2zIPLYr,Rated Bullet game,Bullet,60+0,potatoes1234,gyurygyury,1942,1943,,,HUMAN_vs_HUMAN,1-0,D11,95
N5bHPUN4,Rated Bullet game,Bullet,60+0,odyasovv,ILSpeciali,1356,1313,,,HUMAN_vs_HUMAN,1-0,B20,13
GuaVceGx,Rated Bullet game,Bullet,60+0,JG0308,BerniiRomero,1109,1201,,,HUMAN_vs_HUMAN,0-1,B01,44
P92wgOeg,Rated Bullet game,Bullet,120+1,darknigthchessorg,Emreyldrm2121,1650,1665,,,HUMAN_vs_HUMAN,1-0,C30,39
8pMULXAZ,Rated Bullet game,Bullet,120+1,ChriStr8,randimatrix,1503,1491,,,HUMAN_vs_HUMAN,1-0,C50,17
1HZlB7un,Rated Bullet game,Bullet,120+1,Velsky25,litriuranga78,1302,1188,,,HUMAN_vs_HUMAN,1-0,C00,25
uRGrOsIp,Rated Bullet game,Bullet,120+1,chess_n00b,bkmy43,956,832,,,HUMAN_vs_HUMAN,1-0,C43,75
Bx7Jolwq,Rated Blitz game,Blitz,180+0,anTxcaLi,fisipsesiken,1201,1274,,,HUMAN_vs_HUMAN,1-0,D00,95
Kfh0S9rF,Rated Blitz game,Blitz,180+0,izml3wari,franky64,1810,1886,,,HUMAN_vs_HUMAN,0-1,A16,122
TW9j83rj,Rated Blitz game,Blitz,180+0,FancysGames,marciopessoa,2204,2209,,,HUMAN_vs_HUMAN,0-1,A40,46
XuGjOVBQ,Rated Bullet game,Bullet,60+0,Lubuto1,EL_Makuwex,1808,1806,,,HUMAN_vs_HUMAN,1-0,B00,97
PVuCahy9,Rated Bullet game,Bullet,60+0,RAIDERS-FC,KakashiMomoshiki,2085,2102,,,HUMAN_vs_HUMAN,1-0,A01,55
DlBBV1Pe,Rated Bullet game,Bullet,60+0,MaximumBlunder2,gf_jimmy,1906,1948,,,HUMAN_vs_HUMAN,0-1,B00,102
t2IyfMa1,Rated Bullet game,Bullet,60+0,CuriousU,Cloudxii,1568,1623,,,HUMAN_vs_HUMAN,1-0,C00,67
YtPOgiy2,Rated Bullet game,Bullet,60+0,gravelocity,L_STRANGE,1417,1416,,,HUMAN_vs_HUMAN,0-1,B06,70
WVMwNZQm,Rated Bullet game,Bullet,60+0,TMAY117,WonderBre4d,839,854,,,HUMAN_vs_HUMAN,1-0,B02,33
U2egSXcc,Rated Bullet game,Bullet,60+0,ZB_RH,p0p1c,1522,1433,,,HUMAN_vs_HUMAN,0-1,D00,62
LYMxMRuB,Rated Bullet game,Bullet,60+0,CRYSIIIS,Loigerot,1705,1702,,,HUMAN_vs_HUMAN,1-0,D00,59
N2A7QKBb,Rated Bullet game,Bullet,60+0,crogal,Denizbulut35,1378,1310,,,HUMAN_vs_HUMAN,1-0,A00,43
XcDPqShl,Rated Bullet game,Bullet,60+0,COLLO8348,aLerGen,1880,1863,,,HUMAN_vs_HUMAN,0-1,A40,50
7jvAhq5g,Rated Bullet game,Bullet,60+0,RuslanNom,Dormisps,1668,1699,,,HUMAN_vs_HUMAN,1-0,C22,93
GvLnh3YV,Rated Bullet game,Bullet,60+0,no_plan,Melina14194,2166,2164,,,HUMAN_vs_HUMAN,1-0,B01,41
tb8aJg83,Rated Bullet game,Bullet,60+0,manIlovtrees,marquinhos79,1740,1733,,,HUMAN_vs_HUMAN,1-0,D15,103
dCro7QkR,Rated Bullet game,Bullet,60+0,DrMaximusPrime,ganjaa,1559,1564,,,HUMAN_vs_HUMAN,1-0,B01,31
YCJurkBb,Rated Bullet game,Bullet,60+0,mhtsm,aaaChess_Salud,1284,1294,,,HUMAN_vs_HUMAN,0-1,D02,52
MZlYF2kv,Rated Blitz game,Blitz,300+0,mateusz72,Rapanuichess,1385,1417,,,HUMAN_vs_HUMAN,1-0,A40,105
1MIANHbT,Rated Blitz game,Blitz,300+0,G4rrca,Giogarn,1659,1585,,,HUMAN_vs_HUMAN,1/2-1/2,A00,63
P8GV5sku,Rated Blitz game,Blitz,300+0,khan1017,krar_7,1375,1429,,,HUMAN_vs_HUMAN,1-0,C30,15
0zg4nkvm,Rated Blitz game,Blitz,300+0,lebgdemontpelier,mtnrkl,985,1048,,,HUMAN_vs_HUMAN,0-1,C41,68
U5PbOUUc,Rated Blitz game,Blitz,300+0,EmmanuelAgbo,ONI867,1610,1603,,,HUMAN_vs_HUMAN,1-0,A00,111
otV2BSx8,Rated Blitz game,Blitz,300+0,aidisurn,almostheadless,957,930,,,HUMAN_vs_HUMAN,0-1,B07,92
lI6V1Ize,Rated Blitz game,Blitz,300+0,SergeyAn2022,ecualizador,2007,2000,,,HUMAN_vs_HUMAN,0-1,A04,68
qkqipNsY,Rated Blitz game,Blitz,300+0,Asafyosef,ScytheGotham,1361,1350,,,HUMAN_vs_HUMAN,0-1,A40,80
g2ivzMWw,Rated Blitz game,Blitz,300+0,franco634,paulinbarbera,1703,1735,,,HUMAN_vs_HUMAN,1-0,A00,79
O87ZzSCJ,Rated Blitz game,Blitz,300+0,onaivel,Mutuangombe,2194,2152,,,HUMAN_vs_HUMAN,1-0,D01,87
MYjJtDm5,Rated Blitz game,Blitz,300+0,VaddiimS,Captain-Chase,1829,1903,,,HUMAN_vs_HUMAN,1-0,B01,67
mNAdkJmq,Rated Blitz game,Blitz,300+0,leonel_arellano,Ygodu,1556,1535,,,HUMAN_vs_HUMAN,0-1,B06,42
QNzNkcY4,Rated Blitz game,Blitz,300+0,wwirth,alasri,2052,2118,,,HUMAN_vs_HUMAN,1-0,D02,81
FXlDjeFU,Rated Blitz game,Blitz,300+0,Aleksei_Deven0309,yulia12345,926,951,,,HUMAN_vs_HUMAN,1-0,D00,117
h9XMTUuj,Rated Blitz game,Blitz,300+0,Hungbythepawns,Jokervest,1276,1287,,,HUMAN_vs_HUMAN,0-1,A00,36
5bENFZMq,Rated Blitz game,Blitz,300+0,TEAM_MAGA,Bambang1987,1430,1485,,,HUMAN_vs_HUMAN,1-0,C23,7
PcwsDWhX,Rated Blitz game,Blitz,300+0,yosoypersio,Cheque_Perpetuel,1606,1518,,,HUMAN_vs_HUMAN,1-0,C55,65
GyTp1f0i,Rated Blitz game,Blitz,300+0,ReiniRunner,Io777,1744,1744,,,HUMAN_vs_HUMAN,1-0,B01,110
3fKR59Gg,Rated Blitz game,Blitz,300+0,Gonzales44,kenharfang,840,823,,,HUMAN_vs_HUMAN,0-1,C40,42
yrpywaoL,Rated Blitz game,Blitz,300+3,lyrixh,gonsalo,1091,1122,,,HUMAN_vs_HUMAN,0-1,C30,70
6QNw1owD,Rated Blitz game,Blitz,300+3,Transgirl-chess,eypengn,1627,1643,,,HUMAN_vs_HUMAN,1/2-1/2,C60,105
t7BbJJzu,Rated Blitz game,Blitz,300+3,Cvrco1955,UseYourIllusion,1893,1941,,,HUMAN_vs_HUMAN,1-0,B01,93
vnGhZycw,Rated Blitz game,Blitz,300+3,dontic,TonyGuess,1341,1350,,,HUMAN_vs_HUMAN,0-1,A40,8
D9zBeNC4,Rated Blitz game,Blitz,300+3,carbone144,Paseandoelrey,1666,1715,,,HUMAN_vs_HUMAN,1-0,C10,93
06ZnVT3X,Rated Blitz game,Blitz,300+3,todocentrosomado,kochetkov-vladislav,980,929,,,HUMAN_vs_HUMAN,0-1,B20,56
zz2crQCR,Rated Blitz game,Blitz,300+3,neoser,masella_enzo,1745,1768,,,HUMAN_vs_HUMAN,0-1,B30,45
rNFutCar,Rated Blitz game,Blitz,300+3,EduardoRoaVG,Josevargas123,1036,1049,,,HUMAN_vs_HUMAN,1-0,C44,69
lkS8Iqk6,Rated Bullet game,Bullet,60+0,Salih1981,PoczatkujacyMadrala,1991,1970,,,HUMAN_vs_HUMAN,0-1,A04,90
UD8jcuhF,Rated Blitz game,Blitz,300+4,Anther,AjaxWasTaken,1814,1631,,,HUMAN_vs_HUMAN,1/2-1/2,B50,114
QXw1edDk,Rated UltraBullet game,UltraBullet,15+0,R5S,A13J4ndr0D1390,1467,1544,,,HUMAN_vs_HUMAN,0-1,B02,62
5GHT7iYd,Rated Blitz game,Blitz,300+0,MilosPunisher,duraidm,1449,1405,,,HUMAN_vs_HUMAN,0-1,B01,50
MQrJK0Nc,Rated Rapid game,Rapid,420+5,Shirdel80,deck11,1987,2119,,,HUMAN_vs_HUMAN,1-0,C47,23
C2SEyI4N,Rated Blitz tournament https://lichess.org/tournament/zsVl5oqJ,Blitz,180+0,Ultrainstinct98,GrimReaper10,2269,2153,,,HUMAN_vs_HUMAN,1-0,A53,95
lWpfyzkp,Rated Blitz tournament https://lichess.org/tournament/zsVl5oqJ,Blitz,180+0,brainsonic,nicholas581,1950,2065,,,HUMAN_vs_HUMAN,0-1,C20,146
7vThn3Kv,Rated Blitz tournament https://lichess.org/tournament/zsVl5oqJ,Blitz,180+0,Iindolotyi,Teddybradly,1857,2037,,,HUMAN_vs_HUMAN,1-0,B01,85
he7rhy4r,Rated Blitz tournament https://lichess.org/tournament/zsVl5oqJ,Blitz,180+0,Mongumurderer14,Imatshanisi1,1924,1993,,,HUMAN_vs_HUMAN,1-0,B22,75
PS1XfHvm,Rated Blitz tournament https://lichess.org/tournament/zsVl5oqJ,Blitz,180+0,eddiebhila,Wolfsbane47,1863,1400,,,HUMAN_vs_HUMAN,1-0,A40,67
cG98iuNE,Rated Bullet game,Bullet,60+0,Prove_Me_Wrong,juanmiplas2,2285,2287,,,HUMAN_vs_HUMAN,0-1,A00,40
4als4ZaS,Rated Bullet game,Bullet,60+0,benkanstein,chessperupucallpa,1730,1747,,,HUMAN_vs_HUMAN,1-0,B00,45
g2uaYloy,Rated Bullet game,Bullet,60+0,ExpresoNocturno,munster1,2466,2623,,FM,HUMAN_vs_HUMAN,0-1,A07,62
AOavsbfP,Rated Bullet game,Bullet,60+0,Alesha_shah,jpepello,2044,2120,,,HUMAN_vs_HUMAN,1-0,D15,33
skw9GGW1,Rated Bullet game,Bullet,60+0,MuhendisBey17,Akal10,1161,1114,,,HUMAN_vs_HUMAN,0-1,B06,64
QWTqWbuj,Rated Rapid game,Rapid,600+0,rook1992,Negrativo,1097,1033,,,HUMAN_vs_HUMAN,1-0,B00,29
j5t1tz83,Rated Rapid game,Rapid,600+0,spmalik,vladiusk,1451,1533,,,HUMAN_vs_HUMAN,1-0,C50,51
Wd2pituJ,Rated Rapid game,Rapid,600+0,atiliotbo,sonny_chess23,1801,1860,,,HUMAN_vs_HUMAN,1-0,C41,65
SQqvOoS4,Rated Rapid game,Rapid,600+0,Cabopjc,Muedir,1906,1924,,,HUMAN_vs_HUMAN,0-1,C45,44
GbDrp6xA,Rated Rapid game,Rapid,600+0,ttubaguzell,wu-mlng00,857,877,,,HUMAN_vs_HUMAN,1-0,C20,17
nzmV8jIh,Rated Rapid game,Rapid,600+0,tideturner3,dogachessci,938,1052,,,HUMAN_vs_HUMAN,0-1,A00,16
WwOQvkjC,Rated Rapid game,Rapid,600+0,Fuadbavcic1109,hejjasm,1980,1988,,,HUMAN_vs_HUMAN,1-0,A40,57
Zzd0srsB,Rated Rapid game,Rapid,600+0,aboodmostafa,LALOHARTEHAND,1342,1310,,,HUMAN_vs_HUMAN,1-0,C50,48
HO2IHoQg,Rated Rapid game,Rapid,600+0,marsoo2001,Motaz_mostafa1,1609,1569,,,HUMAN_vs_HUMAN,1/2-1/2,C50,196
bInQhQUR,Rated Rapid game,Rapid,600+0,Alexander-1108,jackelman,2061,2032,,,HUMAN_vs_HUMAN,0-1,C62,103
Jiff8Aix,Rated Rapid game,Rapid,600+0,CzerkaCorpo,sarah-j,905,969,,,HUMAN_vs_HUMAN,1-0,C20,31
Ab3jsHf2,Rated Rapid game,Rapid,600+0,biclatan,PaWellTi,1621,1712,,,HUMAN_vs_HUMAN,1-0,B20,29
XwFjBRPw,Rated Rapid game,Rapid,600+0,mehmealit45,E1234567890,1293,1281,,,HUMAN_vs_HUMAN,0-1,B20,48
8WVPlhzT,Rated Rapid game,Rapid,600+3,olihw27,nosebasher57,1523,1288,,,HUMAN_vs_HUMAN,1-0,A00,125
nMHV8NHi,Rated Blitz game,Blitz,300+0,jbroeke20,PabloMaster,1786,1790,,,HUMAN_vs_HUMAN,0-1,D02,50
9c2FPCr9,Rated Bullet game,Bullet,60+0,GiovanyGarc,ricsan1970,1826,1880,,,HUMAN_vs_HUMAN,1-0,C00,51
bTw92RUg,Rated Blitz game,Blitz,300+3,Dahiro,berghii53,1387,1204,,,HUMAN_vs_HUMAN,1-0,C55,19
qjdxT0lI,Rated Bullet game,Bullet,60+0,incognitopawn,stephenwilson,2064,2128,,,HUMAN_vs_HUMAN,0-1,A00,54
teV2Pwn9,Rated Blitz game,Blitz,180+0,alextoma,B3gh0x7,1470,1492,,,HUMAN_vs_HUMAN,0-1,C00,128
iLvJLZGA,Rated Bullet game,Bullet,60+0,al-zaza,ultrainvest,1740,1861,,,HUMAN_vs_HUMAN,1-0,B21,20
YUIMjSsD,Rated Bullet tournament https://lichess.org/tournament/JywpPPLX,Bullet,60+0,Babyskak,grandpatzerovich,2476,2440,,,HUMAN_vs_HUMAN,1-0,A41,113
UQdDP3gM,Rated Bullet tournament https://lichess.org/tournament/JywpPPLX,Bullet,60+0,thebadcomedian,CoolerMove,2260,2309,,,HUMAN_vs_HUMAN,1-0,A00,103
u8xS8Ws1,Rated Bullet tournament https://lichess.org/tournament/JywpPPLX,Bullet,60+0,Maxiragazzon,veneteanuc,2063,2065,,,HUMAN_vs_HUMAN,1-0,B31,39
gjKihLTq,Rated Bullet tournament https://lichess.org/tournament/JywpPPLX,Bullet,60+0,Chess0222,OneCoin88,2431,2349,,,HUMAN_vs_HUMAN,0-1,C50,114
F6Ks0PzX,Rated Bullet tournament https://lichess.org/tournament/JywpPPLX,Bullet,60+0,Cutie_Camilla,chelspool,2130,2114,,,HUMAN_vs_HUMAN,0-1,B23,118
hPDos4RX,Rated Bullet tournament https://lichess.org/tournament/JywpPPLX,Bullet,60+0,rsa-id,Luisdany16,2103,2091,,,HUMAN_vs_HUMAN,0-1,A43,70
EPcPh9Pb,Rated Bullet tournament https://lichess.org/tournament/JywpPPLX,Bullet,60+0,Guilty_Mind,KEBBY-24,2016,2018,,,HUMAN_vs_HUMAN,0-1,A10,60
4i4f2WuK,Rated Bullet tournament https://lichess.org/tournament/JywpPPLX,Bullet,60+0,wittgensein,drunkmaster11,1845,1865,,,HUMAN_vs_HUMAN,1-0,D00,37
R5DP88qH,Rated Bullet tournament https://lichess.org/tournament/JywpPPLX,Bullet,60+0,Graygoyl,overshamy,2008,2010,,,HUMAN_vs_HUMAN,0-1,C40,44
zdKHVDUH,Rated Bullet tournament https://lichess.org/tournament/JywpPPLX,Bullet,60+0,ppermas_3_0,milujumartinu,1993,1986,,,HUMAN_vs_HUMAN,0-1,C25,60
i7yfp5Xx,Rated Bullet tournament https://lichess.org/tournament/JywpPPLX,Bullet,60+0,batica76,ImadAliraqi,1895,1944,,,HUMAN_vs_HUMAN,1-0,B00,81
2QWsXz0c,Rated Bullet tournament https://lichess.org/tournament/JywpPPLX,Bullet,60+0,brafos,sternjak,1662,1658,,,HUMAN_vs_HUMAN,0-1,A40,58
uSiinBja,Rated Bullet tournament https://lichess.org/tournament/JywpPPLX,Bullet,60+0,Chernoukhov_I,AdNelson,1828,1842,,,HUMAN_vs_HUMAN,0-1,B13,54
plSHOwjv,Rated Bullet tournament https://lichess.org/tournament/JywpPPLX,Bullet,60+0,jrfrago,vestary,1763,1821,,,HUMAN_vs_HUMAN,0-1,B52,56
GDlXctSZ,Rated Bullet tournament https://lichess.org/tournament/JywpPPLX,Bullet,60+0,MikeHansen_68309,deneb7,1683,1680,,,HUMAN_vs_HUMAN,1-0,C41,25
SjhiBSLq,Rated Bullet tournament https://lichess.org/tournament/JywpPPLX,Bullet,60+0,Phox23,sepas_zargaran,1678,1662,,,HUMAN_vs_HUMAN,0-1,C72,64
39B8hqSS,Rated Bullet tournament https://lichess.org/tournament/JywpPPLX,Bullet,60+0,nelson0711,epwew,1613,1619,,,HUMAN_vs_HUMAN,1-0,C02,33
L9fYKKlz,Rated Bullet tournament https://lichess.org/tournament/JywpPPLX,Bullet,60+0,kungfujun2,macedon1,1583,1590,,,HUMAN_vs_HUMAN,1-0,B00,59
XUKg9wtH,Rated Bullet tournament https://lichess.org/tournament/JywpPPLX,Bullet,60+0,Catur_Malik,denisgr72,1538,1561,,,HUMAN_vs_HUMAN,1-0,B32,73
Lu0euM7c,Rated Bullet tournament https://lichess.org/tournament/JywpPPLX,Bullet,60+0,maaiteee,BarisicR,1452,1492,,,HUMAN_vs_HUMAN,0-1,D02,40
SgElNOlA,Rated Bullet tournament https://lichess.org/tournament/JywpPPLX,Bullet,60+0,rafalla,Juack0,1297,1142,,,HUMAN_vs_HUMAN,0-1,B20,44
F7U3uWoK,Rated Bullet tournament https://lichess.org/tournament/JywpPPLX,Bullet,60+0,IamATrashPlayer,FIDE_Unrated_0,1126,859,,,HUMAN_vs_HUMAN,1-0,C47,61
1qc7ZuEP,Rated Bullet game,Bullet,30+0,royalops,tthaumea343,2078,2107,,,HUMAN_vs_HUMAN,0-1,A00,88
rA2eQHWv,Rated Bullet game,Bullet,60+0,Gotit111111,Mehmed_Akif23,1268,1218,,,HUMAN_vs_HUMAN,0-1,C20,86
kZs7AqzQ,Rated Bullet game,Bullet,60+0,HandicapGiver,eltigrecu,2422,2401,,,HUMAN_vs_HUMAN,1-0,B01,75
7DD0AUxh,Rated Bullet game,Bullet,60+0,jpepello,EdwardPhs,2113,2077,,,HUMAN_vs_HUMAN,1-0,C37,39
nvIHNCRr,Rated Bullet game,Bullet,60+0,GreenMan1000,mat4you2,1541,1591,,,HUMAN_vs_HUMAN,0-1,A40,72
YMxqjYg9,Rated Bullet game,Bullet,60+0,ibdola,RobbZombie,1986,1963,,,HUMAN_vs_HUMAN,0-1,B01,68
8EwizR9i,Rated Bullet game,Bullet,60+0,ehleike,estilovictor,976,1008,,,HUMAN_vs_HUMAN,0-1,C20,66
E8tLfBI6,Rated Bullet game,Bullet,60+0,Prophiscient,walkweezy,2007,1999,,,HUMAN_vs_HUMAN,0-1,C44,68
5MNdGpzL,Rated Bullet game,Bullet,60+0,dmosvenbretema,Melrock9150,1889,1877,,,HUMAN_vs_HUMAN,1-0,B50,69
rwv1YtnB,Rated Bullet game,Bullet,60+0,user_5663,zivn,1437,1320,,,HUMAN_vs_HUMAN,1-0,A03,39
ffQ403So,Rated Bullet game,Bullet,60+0,Josphat-Jr,Enigma41,2213,2260,,,HUMAN_vs_HUMAN,0-1,B10,58
eyRsBWbG,Rated Bullet game,Bullet,60+0,GrigoriyMIFNS2,FreeKong,2134,2136,,,HUMAN_vs_HUMAN,0-1,B10,90
9a7IgsfU,Rated Bullet game,Bullet,60+0,ElGordoSCZ,Klex3,2167,2182,,,HUMAN_vs_HUMAN,0-1,B01,86
opUPWanC,Rated Bullet game,Bullet,60+0,mandalorian229811,danfjd,1677,1675,,,HUMAN_vs_HUMAN,0-1,C10,50
AhcGFoG1,Rated Bullet game,Bullet,60+0,Fili5150,JajoSPB,1681,1741,,,HUMAN_vs_HUMAN,0-1,A43,50
agtwg4iU,Rated Bullet game,Bullet,60+0,rt4000alvin,Rogelio_Ortiz,2057,2046,,,HUMAN_vs_HUMAN,0-1,C40,32
jXRpuoDG,Rated Bullet game,Bullet,60+0,varuk1,juanvillans,1366,1358,,,HUMAN_vs_HUMAN,0-1,C23,76
M16iIXZD,Rated Blitz game,Blitz,180+0,hamzaaures,Beexkay,1466,1492,,,HUMAN_vs_HUMAN,1-0,C20,65
6zeDCiEQ,Rated Blitz game,Blitz,180+0,zdenogatto44,CaskyN1,1698,1672,,,HUMAN_vs_HUMAN,0-1,B21,50
mvqL7IkW,Rated Blitz game,Blitz,180+0,Faneffex,kolitogpakoy,1942,1944,,,HUMAN_vs_HUMAN,0-1,B22,32
zoUK42Tj,Rated Blitz game,Blitz,180+0,Pappas_1,shakole,1652,1533,,,HUMAN_vs_HUMAN,1-0,C46,23
TBaGQIYz,Rated Bullet game,Bullet,120+1,talon23,popzickel,1622,1617,,,HUMAN_vs_HUMAN,0-1,D00,124
YinUTitQ,Rated Bullet game,Bullet,120+1,iamnotanengine,Vansiso,1984,1951,,,HUMAN_vs_HUMAN,1-0,A40,71
aNWgtRnT,Rated Bullet game,Bullet,120+1,ippopotamos,jonadav-95,1436,1469,,,HUMAN_vs_HUMAN,1-0,A40,137
TU8R7WX8,Rated Bullet game,Bullet,120+1,martin-rolin,s2671,786,864,,,HUMAN_vs_HUMAN,1-0,C20,49
BFoQMHIQ,Rated Bullet game,Bullet,120+1,Mocadelic,laurentblanch,2155,2176,,,HUMAN_vs_HUMAN,1-0,D02,139
BBdmo1KF,Rated Bullet game,Bullet,120+1,Besimple1,Jordanakos,1363,1307,,,HUMAN_vs_HUMAN,0-1,A46,44
zDXzyZjl,Rated Bullet game,Bullet,120+1,udayabhaskarrao,bardan,1783,1704,,,HUMAN_vs_HUMAN,1-0,B06,83
NeP3YmbS,Rated Blitz game,Blitz,300+0,LuchoChala50,jair2105,1997,1863,,,HUMAN_vs_HUMAN,1-0,B06,57
19W5cqgy,Rated Bullet game,Bullet,60+0,BrymoSoliu,ManjaresFEU,2003,2011,,,HUMAN_vs_HUMAN,1-0,A41,81
ur7qIQps,Rated Bullet game,Bullet,60+0,Inactivityy1,Andi2709,1128,1089,,,HUMAN_vs_HUMAN,1-0,D32,37
X7jCrjig,Rated Bullet game,Bullet,60+0,Jaggera,Bruxo,2107,2096,,,HUMAN_vs_HUMAN,1-0,B06,53
KLE0lx5e,Rated Bullet game,Bullet,60+0,Uncertain_2,Diegochess79,2545,2497,,,HUMAN_vs_HUMAN,1-0,A04,59
V0CvJIOG,Rated Bullet game,Bullet,60+0,ibauu,PetrPavl,1322,1283,,,HUMAN_vs_HUMAN,0-1,C40,40
2pIzT0f3,Rated Bullet game,Bullet,60+0,a1med,mohamed_chitose,1563,1546,,,HUMAN_vs_HUMAN,1-0,A00,31
cwwTTeke,Rated Bullet game,Bullet,60+0,Dani_platano,xwedaye_mezin,1945,1928,,,HUMAN_vs_HUMAN,1-0,B01,39
FijdG8FF,Rated Bullet game,Bullet,60+0,Garandi,greggz451,2297,2289,,,HUMAN_vs_HUMAN,1-0,A06,31
kqUbzPVM,Rated Bullet game,Bullet,60+0,MyBlunderAccount,CagoChess,1664,1615,,,HUMAN_vs_HUMAN,1-0,A01,67
nXsoKVvA,Rated Bullet game,Bullet,60+0,Suspense0,Choriste,2302,2237,,,HUMAN_vs_HUMAN,0-1,C05,106
qjuA0ul0,Rated Bullet game,Bullet,60+0,MohammadHaj,augustovega,1408,1393,,,HUMAN_vs_HUMAN,1-0,C30,53
RW1XHLZC,Rated Bullet game,Bullet,60+0,ThathsaraSMK,Mojay31,1029,1016,,,HUMAN_vs_HUMAN,1-0,C47,33
vurmVki0,Rated Bullet game,Bullet,60+0,Haplessnovice,ozkkerem,1725,1704,,,HUMAN_vs_HUMAN,1-0,C42,85
WiipgG6Y,Rated Bullet game,Bullet,60+0,MGdrachirld,albertisufi,2186,2215,,,HUMAN_vs_HUMAN,1-0,C00,123
yewYyxQJ,Rated Blitz tournament https://lichess.org/tournament/uqLHovX4,Blitz,300+0,Alexandr-Anikin,ColinJon,1680,1675,,,HUMAN_vs_HUMAN,0-1,D00,144
3oW5VWhQ,Rated Blitz tournament https://lichess.org/tournament/uqLHovX4,Blitz,300+0,StormySonic,Elponycraak,1671,1658,,,HUMAN_vs_HUMAN,1-0,C45,47
ovCbt8n4,Rated Blitz tournament https://lichess.org/tournament/uqLHovX4,Blitz,300+0,fanta7,Paul_12,1634,1629,,,HUMAN_vs_HUMAN,0-1,C00,31
UZOy5XkV,Rated Blitz tournament https://lichess.org/tournament/uqLHovX4,Blitz,300+0,Namelesswarrior_66,unclJ,1639,1643,,,HUMAN_vs_HUMAN,0-1,C42,65
WzFG0Q0e,Rated Blitz tournament https://lichess.org/tournament/uqLHovX4,Blitz,300+0,JorgeJAC1,championschess10,1627,1627,,,HUMAN_vs_HUMAN,1-0,D10,27
lyxs62xK,Rated Blitz tournament https://lichess.org/tournament/uqLHovX4,Blitz,300+0,majd0011,ahounkeng,1622,1616,,,HUMAN_vs_HUMAN,1-0,B00,1
Jf8XhN8E,Rated Blitz tournament https://lichess.org/tournament/uqLHovX4,Blitz,300+0,Juako2012,Albitexn4,1582,1577,,,HUMAN_vs_HUMAN,1-0,C47,57
cqqQTqAV,Rated Blitz tournament https://lichess.org/tournament/uqLHovX4,Blitz,300+0,mack90,Ura1993,1570,1570,,,HUMAN_vs_HUMAN,1/2-1/2,B13,111
ZboWCccZ,Rated Blitz tournament https://lichess.org/tournament/uqLHovX4,Blitz,300+0,camaradafibrik6,GeinerBeita,1541,1539,,,HUMAN_vs_HUMAN,1-0,D02,25
9kxMlJeD,Rated Blitz tournament https://lichess.org/tournament/uqLHovX4,Blitz,300+0,limpuirg,osva_urba,1553,1560,,,HUMAN_vs_HUMAN,0-1,C00,36
LjX74nQH,Rated Blitz tournament https://lichess.org/tournament/uqLHovX4,Blitz,300+0,Dimon-nikolya,lloveyouandme,1547,1541,,,HUMAN_vs_HUMAN,0-1,C50,62
myA0DLvc,Rated Blitz tournament https://lichess.org/tournament/uqLHovX4,Blitz,300+0,spaceman87,gmahmedzahra2002,1536,1537,,,HUMAN_vs_HUMAN,0-1,B10,59
q6waRLAL,Rated Blitz tournament https://lichess.org/tournament/uqLHovX4,Blitz,300+0,WolfedaAssasin1,Flash20082011,1526,1522,,,HUMAN_vs_HUMAN,1-0,A02,61
r8LIvMQH,Rated Blitz tournament https://lichess.org/tournament/uqLHovX4,Blitz,300+0,kings-divine,Cluh0306,1516,1510,,,HUMAN_vs_HUMAN,0-1,A40,110
wRogZcDd,Rated Blitz tournament https://lichess.org/tournament/uqLHovX4,Blitz,300+0,Un_Real_original,Kont_Dracool,1491,1507,,,HUMAN_vs_HUMAN,1-0,A40,1
6XpXd18E,Rated Blitz tournament https://lichess.org/tournament/uqLHovX4,Blitz,300+0,AlessandroACS,Adrian10Smith,1482,1483,,,HUMAN_vs_HUMAN,0-1,C00,116
1o8Dzsmk,Rated Blitz tournament https://lichess.org/tournament/uqLHovX4,Blitz,300+0,AzXNight,bichomalo,1430,1434,,,HUMAN_vs_HUMAN,1-0,B00,1
RygSi1Xj,Rated Blitz tournament https://lichess.org/tournament/uqLHovX4,Blitz,300+0,StupidMonkey1,cambil,1411,1417,,,HUMAN_vs_HUMAN,1-0,B27,71
8x5Z5JHx,Rated Blitz tournament https://lichess.org/tournament/uqLHovX4,Blitz,300+0,Dmitriy1212,mm335,1392,1409,,,HUMAN_vs_HUMAN,1-0,D20,105
3LNbVdE4,Rated Blitz tournament https://lichess.org/tournament/uqLHovX4,Blitz,300+0,E-mohmmad,Sahik,1377,1382,,,HUMAN_vs_HUMAN,1-0,D00,93
UrvKc66h,Rated Blitz tournament https://lichess.org/tournament/uqLHovX4,Blitz,300+0,YungeunK,Suchar54,1372,1369,,,HUMAN_vs_HUMAN,1-0,A80,75
eFYIMxMV,Rated Blitz tournament https://lichess.org/tournament/uqLHovX4,Blitz,300+0,EnroqueMerce,GonzaloPro12,1267,1300,,,HUMAN_vs_HUMAN,1-0,C60,89
ok3ZxdRT,Rated Blitz tournament https://lichess.org/tournament/g50G9ffx,Blitz,180+0,Sergeev_vitaliy23,gingerninja2003,1936,1938,,,HUMAN_vs_HUMAN,0-1,D00,104
zhSUZuc5,Rated Blitz tournament https://lichess.org/tournament/g50G9ffx,Blitz,180+0,DustyCrate,Leon2435,1972,1976,,,HUMAN_vs_HUMAN,1-0,C50,129
B0IM4J3H,Rated Blitz tournament https://lichess.org/tournament/g50G9ffx,Blitz,180+0,urielSpuriel,gluhovchanin,1921,1900,,,HUMAN_vs_HUMAN,0-1,B00,118
2PNFn3eI,Rated Blitz tournament https://lichess.org/tournament/g50G9ffx,Blitz,180+0,Granadillostrong,Jose_Andres_ml,1888,1894,,,HUMAN_vs_HUMAN,0-1,A01,66
bNwX008p,Rated Blitz tournament https://lichess.org/tournament/g50G9ffx,Blitz,180+0,neidan-olalde,youssefmokhtar,1873,1874,,,HUMAN_vs_HUMAN,1-0,D06,67
4DEsCjuu,Rated Blitz tournament https://lichess.org/tournament/g50G9ffx,Blitz,180+0,pedrosqui7,Sonix-X,1886,1881,,,HUMAN_vs_HUMAN,1-0,C47,83
W7a8XKIe,Rated Blitz tournament https://lichess.org/tournament/g50G9ffx,Blitz,180+0,pawn_grabb3r,Aidan_We,1864,1867,,,HUMAN_vs_HUMAN,0-1,D85,106
9L9ztuFr,Rated Blitz tournament https://lichess.org/tournament/g50G9ffx,Blitz,180+0,jarelling,praisal,1853,1836,,,HUMAN_vs_HUMAN,1-0,B10,121
88ywkdmj,Rated Blitz tournament https://lichess.org/tournament/g50G9ffx,Blitz,180+0,Guerrero67,KARAKATOFOI,1833,1831,,,HUMAN_vs_HUMAN,0-1,C65,68
EV80gsnh,Rated Blitz tournament https://lichess.org/tournament/g50G9ffx,Blitz,180+0,jumangulov_ravil,Matin_Heydari,1804,1828,,,HUMAN_vs_HUMAN,0-1,C00,100
1QhT5usj,Rated Blitz tournament https://lichess.org/tournament/g50G9ffx,Blitz,180+0,ibura,papitomalito,1799,1801,,,HUMAN_vs_HUMAN,0-1,A46,84
kAWrDL0R,Rated Blitz tournament https://lichess.org/tournament/g50G9ffx,Blitz,180+0,AbuMarcel,NimzoGlitch,1792,1793,,,HUMAN_vs_HUMAN,1-0,A46,27
wdbJi4uW,Rated Blitz tournament https://lichess.org/tournament/g50G9ffx,Blitz,180+0,Whoknows17,vas09,1794,1797,,,HUMAN_vs_HUMAN,1-0,B12,77
ncvP1eLQ,Rated Blitz tournament https://lichess.org/tournament/g50G9ffx,Blitz,180+0,ebrahimhasani64,marioespinel1,1764,1779,,,HUMAN_vs_HUMAN,1-0,B10,43
RX5wzRs8,Rated Blitz tournament https://lichess.org/tournament/g50G9ffx,Blitz,180+0,ramyjannoud,GuenterWessely,1762,1760,,,HUMAN_vs_HUMAN,0-1,A85,68
3EwTO7uW,Rated Blitz tournament https://lichess.org/tournament/g50G9ffx,Blitz,180+0,ARMAN95,Tokepinangulim,1760,1759,,,HUMAN_vs_HUMAN,1-0,A50,59
fMGjhbCB,Rated Blitz tournament https://lichess.org/tournament/g50G9ffx,Blitz,180+0,frantic61,NightfallNirvana,1751,1754,,,HUMAN_vs_HUMAN,1-0,C44,29
vPPQ3llS,Rated Blitz tournament https://lichess.org/tournament/g50G9ffx,Blitz,180+0,Turnavida,libardo36,1748,1745,,,HUMAN_vs_HUMAN,0-1,C46,62
1AYLy5dZ,Rated Rapid tournament https://lichess.org/tournament/kk2Xuplv,Rapid,600+0,HoserMonkey,InfiniteRizz99,1605,1602,,,HUMAN_vs_HUMAN,1-0,D00,43
i7gJvQxG,Rated Rapid tournament https://lichess.org/tournament/kk2Xuplv,Rapid,600+0,cogino,valars,1568,1515,,,HUMAN_vs_HUMAN,1-0,C41,37
nLiIGXdx,Rated Rapid tournament https://lichess.org/tournament/kk2Xuplv,Rapid,600+0,DL_Hughley,Chesswormi,1452,1454,,,HUMAN_vs_HUMAN,0-1,A21,70
L7NQOPK0,Rated Rapid tournament https://lichess.org/tournament/kk2Xuplv,Rapid,600+0,Evgenioz,SimonNicol,1439,1422,,,HUMAN_vs_HUMAN,0-1,D10,33
GdQEi3Re,Rated Rapid tournament https://lichess.org/tournament/kk2Xuplv,Rapid,600+0,bb311,Archibong,1325,1412,,,HUMAN_vs_HUMAN,1/2-1/2,B00,141
N3wHQP2Z,Rated Rapid game,Rapid,600+0,Gdvorobev,PrashanthMendon,1442,1381,,,HUMAN_vs_HUMAN,0-1,B00,20
iNAzHn60,Rated Rapid game,Rapid,600+0,a269ch,EndRussianAggression,1204,1175,,,HUMAN_vs_HUMAN,1-0,C41,41
2Wyt2HSI,Rated Rapid game,Rapid,600+0,LuigiArdizzone-nano,SAMER-ALBALDAWY,1621,1632,,,HUMAN_vs_HUMAN,1-0,A00,53
TNY1kkia,Rated Rapid game,Rapid,600+0,Elkin026,Ennouri,1606,1614,,,HUMAN_vs_HUMAN,0-1,A40,74
NuqJ3z55,Rated Rapid game,Rapid,600+0,Charlie57,MattChessUK,1304,1327,,,HUMAN_vs_HUMAN,1/2-1/2,A00,36
b4YNtDzt,Rated Rapid game,Rapid,600+0,waelaouadhi,MVP1978,1115,1143,,,HUMAN_vs_HUMAN,1-0,C20,14
34UX6o3n,Rated Rapid game,Rapid,600+0,VIKOR61,WickedBishop2,1748,1773,,,HUMAN_vs_HUMAN,0-1,B01,92
m9Dq4BX4,Rated Rapid game,Rapid,600+0,Skith_71,lopars,1831,1921,,,HUMAN_vs_HUMAN,0-1,C47,66
ht0hLLm2,Rated Rapid game,Rapid,600+0,smerno,LEWIS0903,1145,1151,,,HUMAN_vs_HUMAN,1-0,A05,131
wg9TfCCq,Rated Rapid game,Rapid,600+0,SergeiParykin,JA_Guerrero,1364,1336,,,HUMAN_vs_HUMAN,0-1,C00,72
ptFRHnF1,Rated Bullet game,Bullet,60+0,pokelmom,Rodrigobsr,1842,1853,,,HUMAN_vs_HUMAN,0-1,B06,88
L2zoKyKs,Rated Bullet game,Bullet,60+0,ArborInversa,lukekul12,1250,1220,,,HUMAN_vs_HUMAN,0-1,B12,58
fQNMF5H1,Rated Bullet game,Bullet,60+0,Tumbleweep,viktor9305,1762,1749,,,HUMAN_vs_HUMAN,0-1,B01,36
bvWapl58,Rated Bullet game,Bullet,60+0,franesco,Tres1,1774,1801,,,HUMAN_vs_HUMAN,1-0,C00,65
nlfd4aZI,Rated Bullet game,Bullet,60+0,chessclimb,Baumberger,2276,2252,,,HUMAN_vs_HUMAN,1-0,A10,57
OOvblxSK,Rated Bullet game,Bullet,60+0,Chingachkook18,rastel1973,1767,1764,,,HUMAN_vs_HUMAN,1-0,A00,57
1oW5puUo,Rated Bullet game,Bullet,60+0,Marshall_Williams,martin77898,1464,1423,,,HUMAN_vs_HUMAN,0-1,C50,70
ATqb3nOW,Rated Bullet game,Bullet,60+0,EberhardtITC,kanarast,1533,1599,,,HUMAN_vs_HUMAN,0-1,B02,78
hGnlPLuD,Rated Bullet game,Bullet,60+0,aupatu2002,Jeison0710,1861,1890,,,HUMAN_vs_HUMAN,1-0,B32,61
df6Y5wbg,Rated Bullet game,Bullet,60+0,Megasuperwin666,cas579,1118,1077,,,HUMAN_vs_HUMAN,1-0,B00,55
RtYSSWyh,Rated Bullet game,Bullet,60+0,Hadi_D,Lusarius_minto,1709,1707,,,HUMAN_vs_HUMAN,0-1,C50,76
F6ViqVfe,Rated Bullet game,Bullet,60+0,Chess7Events,tacotacotaco,2065,2110,,,HUMAN_vs_HUMAN,1-0,B09,97
NB5Eas9P,Rated Bullet game,Bullet,60+0,Pochas30,Kitty-uwu,1194,1121,,,HUMAN_vs_HUMAN,0-1,C41,52
YiEERDIK,Rated Bullet game,Bullet,60+0,Felipe1731,vixena,1933,1920,,,HUMAN_vs_HUMAN,1-0,D37,69
dtvIhmyY,Rated Bullet game,Bullet,60+0,MortalK,P2304Piotrek7,2149,2175,,,HUMAN_vs_HUMAN,0-1,A40,34
SNXvsrYi,Rated Bullet game,Bullet,60+0,GiraldoJose_PUCP,MaxymusPrime,2302,2285,,,HUMAN_vs_HUMAN,1-0,A04,131
4G7QnPPn,Rated Bullet game,Bullet,60+0,Agustin-Cornejo,ChaBlat,1490,1521,,,HUMAN_vs_HUMAN,0-1,C62,90
Jbmcc8k4,Rated Blitz game,Blitz,300+0,Nebukagnezar,ZWyatt,1311,1308,,,HUMAN_vs_HUMAN,1-0,B00,37
5m4CNqDm,Rated Blitz game,Blitz,300+0,Castro1924,dx_blade8,1689,1671,,,HUMAN_vs_HUMAN,0-1,A40,74
SOveIgpW,Rated Blitz game,Blitz,300+0,steischa,luiben,1659,1650,,,HUMAN_vs_HUMAN,1-0,A45,49
RvUZJdDA,Rated Blitz game,Blitz,300+0,iliu_xa,tclark61,1812,1856,,,HUMAN_vs_HUMAN,0-1,B01,92
EF480Frg,Rated Blitz game,Blitz,300+0,Oscoff,ianhopkins5,1045,1066,,,HUMAN_vs_HUMAN,1-0,B13,57
SZ5m8HpW,Rated Blitz game,Blitz,300+0,klynoxx,sqvall_greene,1213,1225,,,HUMAN_vs_HUMAN,0-1,B02,84
bPZlNeYB,Rated Blitz game,Blitz,300+0,musni14,alfonso_gc,1870,1898,,,HUMAN_vs_HUMAN,1-0,B00,47
FhsAyf1d,Rated Blitz game,Blitz,300+0,ufslrfe,tidouille,1576,1594,,,HUMAN_vs_HUMAN,0-1,C45,62
8DDXMW3U,Rated Blitz game,Blitz,300+0,adlibitum83,CurtainCall,1790,1739,,,HUMAN_vs_HUMAN,0-1,D04,36
ZgRgUwPJ,Rated Blitz game,Blitz,300+0,MT_chess,OnceImeetU,1125,1107,,,HUMAN_vs_HUMAN,0-1,A80,52
JJa4Vm1n,Rated Blitz game,Blitz,300+0,khodaho,L11d,1547,1562,,,HUMAN_vs_HUMAN,1-0,A10,61
xAsnqStI,Rated Blitz game,Blitz,300+0,benny1993,Buda1967,2397,2323,,,HUMAN_vs_HUMAN,1-0,A40,79
gWQx5rpX,Rated Blitz game,Blitz,300+0,wolle_wtal,Luis_Sayers,1697,1730,,,HUMAN_vs_HUMAN,1-0,B00,61
A6ilsrCN,Rated Blitz game,Blitz,300+0,victor01844,domingo10,1363,1342,,,HUMAN_vs_HUMAN,1-0,C00,55
reNAP7wV,Rated Blitz game,Blitz,300+0,geniolopez,BDR900,1417,1452,,,HUMAN_vs_HUMAN,0-1,C44,84
nRKX2zY6,Rated Bullet game,Bullet,60+0,caiquee93,Abdzrar,1658,1693,,,HUMAN_vs_HUMAN,0-1,C02,68
NRS5G2pn,Rated Blitz game,Blitz,300+0,Lion_King000,Flavio55555,1832,1853,,,HUMAN_vs_HUMAN,1-0,C25,87
2D5LYs58,Rated UltraBullet game,UltraBullet,15+0,EatThemAlive,TommyGunnnn,1873,1889,,,HUMAN_vs_HUMAN,0-1,A00,70
bg5Fgif5,Rated Blitz tournament https://lichess.org/tournament/SDM9pNGW,Blitz,180+2,ibrahimabdulsattar,omar_20_06,1930,2061,,,HUMAN_vs_HUMAN,1-0,D02,89
7hk3fdwj,Rated Blitz tournament https://lichess.org/tournament/SDM9pNGW,Blitz,180+2,habbechi,Cambrola,1969,2097,,,HUMAN_vs_HUMAN,1-0,D02,139
ArOlv9J0,Rated Blitz tournament https://lichess.org/tournament/SDM9pNGW,Blitz,180+2,Lear0,Shattazeit,1549,2194,,,HUMAN_vs_HUMAN,0-1,B00,126
BYKmjubP,Rated Blitz tournament https://lichess.org/tournament/SDM9pNGW,Blitz,180+2,ANDREI27031972,AMMAR028,1959,1983,,,HUMAN_vs_HUMAN,1-0,B22,82
xYExCNFR,Rated Bullet game,Bullet,60+0,blurryface123,Circuit1240,1210,1086,,,HUMAN_vs_HUMAN,1-0,C20,59
wEvpzPbp,Rated Bullet game,Bullet,60+0,PersiangulfII,MaRoZa04,1981,1976,,,HUMAN_vs_HUMAN,0-1,B40,56
tGOHP9Ux,Rated Bullet game,Bullet,60+0,odinju,pilsnerhell,1953,1906,,,HUMAN_vs_HUMAN,1-0,A40,73
rYM2Oz0C,Rated Bullet game,Bullet,60+0,ReyesB,EvilRick316,1964,1961,,,HUMAN_vs_HUMAN,1-0,B00,89
0l3ojnuR,Rated Bullet game,Bullet,60+0,Carlid,nicknamenick,1624,1648,,,HUMAN_vs_HUMAN,0-1,A46,48
SrdK5KcJ,Rated Bullet game,Bullet,60+0,Sylllwiaa,Momovivi,2160,2198,,,HUMAN_vs_HUMAN,0-1,D35,80
3IK4C7s6,Rated Bullet game,Bullet,60+0,davidebxl,abohader817,1779,1806,,,HUMAN_vs_HUMAN,0-1,D06,70
TEOglQDP,Rated Bullet game,Bullet,60+0,emiunsaic,sinitsyn,1959,1959,,,HUMAN_vs_HUMAN,1-0,D25,75
qGr3BQpX,Rated Bullet game,Bullet,60+0,MemphisMade,ElderPliny,2290,2307,,,HUMAN_vs_HUMAN,1-0,B01,9
KpaANKm3,Rated Bullet game,Bullet,60+0,scarface05,B0103232338,2668,2625,,,HUMAN_vs_HUMAN,1-0,A40,45
i4vL4MJL,Rated Bullet game,Bullet,60+0,gaizka0331a,praiseel15,1688,1683,,,HUMAN_vs_HUMAN,1-0,D20,11
IH6FdDE8,Rated Bullet game,Bullet,60+0,adityatpr,ALPHA_TRACKER,1636,1626,,,HUMAN_vs_HUMAN,1-0,A02,95
YJNAgWR1,Rated Bullet game,Bullet,60+0,Mintra,ryoshu,1928,1929,,,HUMAN_vs_HUMAN,0-1,A01,52
OMxF8ryd,Rated Bullet game,Bullet,60+0,HughPenner2003,rodionlatypov,1208,1219,,,HUMAN_vs_HUMAN,1-0,D06,83
m8EgaLIO,Rated Blitz game,Blitz,300+3,mach1982,HiddenPathway,1905,1909,,,HUMAN_vs_HUMAN,0-1,A00,39
uN2d28in,Rated Blitz game,Blitz,300+3,dneovu,andremandujano,1098,1119,,,HUMAN_vs_HUMAN,1-0,A21,51
3QGwzbiv,Rated Blitz game,Blitz,300+3,MrYorch,skarls,756,642,,,HUMAN_vs_HUMAN,1-0,D02,35
dp6amoi0,Rated Blitz game,Blitz,300+3,NIFTYNIFTY,Alnbrawy,1875,1847,,,HUMAN_vs_HUMAN,0-1,C44,107
XpedaEkq,Rated Blitz game,Blitz,300+3,Haavin,ErenilsonViola77,993,996,,,HUMAN_vs_HUMAN,0-1,B00,56
WrVWcch3,Rated Blitz game,Blitz,300+3,LuBo1985,saeed_68_shahabi,1299,1299,,,HUMAN_vs_HUMAN,0-1,D00,100
tR0nQzqR,Rated Blitz game,Blitz,300+3,booty_grabber,banchouri,1529,1711,,,HUMAN_vs_HUMAN,0-1,C20,80
mjmWnDj2,Rated Blitz game,Blitz,300+3,FairPlay66,NorwegianGambit,1544,1484,,,HUMAN_vs_HUMAN,0-1,A35,80
BnV83QD5,Rated Blitz game,Blitz,300+3,margoox,BlackSt4R,1500,1290,,,HUMAN_vs_HUMAN,1-0,C44,57
G6u2NGNU,Rated Blitz game,Blitz,300+3,Ghistonegh,kingme90,878,842,,,HUMAN_vs_HUMAN,1-0,B12,25
XsAdvmwX,Rated Blitz game,Blitz,300+3,danpaez,Francesco46,1574,1589,,,HUMAN_vs_HUMAN,0-1,B00,60
0y6g5y1G,Rated Bullet game,Bullet,30+0,miaqimobas,yahyasaleem700,1964,1898,,,HUMAN_vs_HUMAN,1-0,A40,97
HGoy12Jx,Rated Rapid game,Rapid,600+0,Lydiacrafted,kongenperlibram,1821,1781,,,HUMAN_vs_HUMAN,0-1,C42,62
G1vM0QcZ,Rated Blitz game,Blitz,300+3,nimnim17,Atin,1612,1594,,,HUMAN_vs_HUMAN,0-1,D00,32
3DjbSA3y,Rated Bullet game,Bullet,60+0,Darhan99,Roadtoaim77,2756,2672,,,HUMAN_vs_HUMAN,1-0,D02,155
nX4GQjnA,Rated Blitz game,Blitz,180+0,Chess_Dragon7,camurlua,1116,1043,,,HUMAN_vs_HUMAN,1-0,C20,42
xrpMaf2B,Rated Bullet game,Bullet,60+0,mutimir,Drpharez,1978,1945,,,HUMAN_vs_HUMAN,0-1,B02,92
nSdQ9RFv,Rated Rapid game,Rapid,600+5,Neurodivers,pimbyrimby,1356,1139,,,HUMAN_vs_HUMAN,0-1,A40,70
gyffMcPg,Rated Blitz game,Blitz,180+0,garcoberto9321,PitchLasagna,1500,1642,,,HUMAN_vs_HUMAN,1-0,D32,99
e6Cx11fS,Rated Blitz game,Blitz,180+0,zia333,ulisesbv,2063,2190,,,HUMAN_vs_HUMAN,0-1,B30,90
oDVek8dV,Rated Blitz game,Blitz,180+0,Sabahattinyatar,MANKALAS,1167,1207,,,HUMAN_vs_HUMAN,1-0,C42,111
O5MPMRuN,Rated Blitz game,Blitz,180+0,oggy958,Le_Abrahao,1472,1448,,,HUMAN_vs_HUMAN,1-0,C00,31
ZaqTorRz,Rated Blitz game,Blitz,180+0,Bobj88,BoLuRe,2027,2056,,,HUMAN_vs_HUMAN,1-0,B00,15
EpSobbtK,Rated Blitz game,Blitz,180+0,GennadiYyastreb,Jaffal,1848,1857,,,HUMAN_vs_HUMAN,1-0,A00,83
eMOlsOu2,Rated Blitz game,Blitz,180+0,saxaaa,BobFleming,2319,2251,,,HUMAN_vs_HUMAN,1-0,A80,113
yVrLQR9M,Rated Blitz game,Blitz,180+0,interstallar,beyond_entropy,1978,1973,,,HUMAN_vs_HUMAN,1-0,D60,141
rgXym3Zp,Rated Blitz game,Blitz,180+0,Dicki,MBMarinho22,1922,1933,,,HUMAN_vs_HUMAN,0-1,A45,78
QTZbL8xL,Rated Blitz game,Blitz,180+0,Donaire84,mikeias,1708,1687,,,HUMAN_vs_HUMAN,0-1,C50,86
wDAou3cV,Rated Blitz game,Blitz,180+0,Derry90061,giottobondone,1790,1804,,,HUMAN_vs_HUMAN,1-0,B20,133
x3efyIXq,Rated Blitz game,Blitz,180+0,Carovilla,poncho54,1673,1674,,,HUMAN_vs_HUMAN,1-0,C45,75
fOP4aZYH,Rated Blitz game,Blitz,180+0,Sh0ckwave,knightsteven,1878,1880,,,HUMAN_vs_HUMAN,1-0,B01,33
VdQ8mZGT,Rated Blitz game,Blitz,180+0,splinked,Noctis-D-Psyas,1488,1477,,,HUMAN_vs_HUMAN,1-0,B00,39
kVRIJlUr,Rated Blitz game,Blitz,180+0,Grandpatzer101,Autalipov,1508,1559,,,HUMAN_vs_HUMAN,1-0,D10,15
wmT3GUYq,Rated Blitz game,Blitz,180+0,pavery,NorwegianBandit,1777,1763,,,HUMAN_vs_HUMAN,1-0,C02,159
kFHLyRTw,Rated Blitz game,Blitz,180+0,DonaldTrompowsky,Friday-The-69th,1980,2099,,,HUMAN_vs_HUMAN,0-1,A40,4
mrHWavRh,Rated Rapid game,Rapid,600+5,miswanto01,putte121,1973,1993,,,HUMAN_vs_HUMAN,1-0,B00,191
f1uXMehN,Rated Rapid game,Rapid,600+5,theoneandonlyirvin,EssyKnight,1665,1638,,,HUMAN_vs_HUMAN,0-1,D30,24
nsywGr1v,Rated Rapid game,Rapid,600+5,juaniin2010,mahmud1969,1838,1824,,,HUMAN_vs_HUMAN,0-1,C23,74
52Vmi6d2,Rated Rapid game,Rapid,600+5,asahitoyota,Zopenco,1839,1875,,,HUMAN_vs_HUMAN,1-0,D00,69
EbLFlpFf,Rated Rapid game,Rapid,600+5,Admiralabnormal,user2645,1434,1421,,,HUMAN_vs_HUMAN,0-1,D00,28
bbThVCcn,Rated Rapid game,Rapid,600+5,fatihyasin,Grand_Charlie,1594,1620,,,HUMAN_vs_HUMAN,0-1,A40,90
OjtGs18u,Rated Rapid game,Rapid,600+5,thefreshpope,alif1380920,1141,1118,,,HUMAN_vs_HUMAN,1-0,B01,45
8EXtJs6y,Rated Rapid tournament https://lichess.org/tournament/kk2Xuplv,Rapid,600+0,ALIK_2013,AwAKEprIZe,2163,2190,,,HUMAN_vs_HUMAN,0-1,B50,96
fW5ftPlo,Rated Rapid tournament https://lichess.org/tournament/kk2Xuplv,Rapid,600+0,baskarraj,coachraven,2284,2383,,GM,HUMAN_vs_HUMAN,1-0,E00,101
PRa5xRf3,Rated Rapid tournament https://lichess.org/tournament/kk2Xuplv,Rapid,600+0,zAmazed,Jm1988,2217,2221,,,HUMAN_vs_HUMAN,1-0,D35,53
15DDJoNn,Rated Rapid tournament https://lichess.org/tournament/kk2Xuplv,Rapid,600+0,Jacob_7,LTSR,2104,2066,,,HUMAN_vs_HUMAN,1-0,A41,59
0RZiwK8U,Rated Rapid tournament https://lichess.org/tournament/kk2Xuplv,Rapid,600+0,Gyulamiryan_Koryun,john181982,2050,2046,,,HUMAN_vs_HUMAN,1-0,B33,151
4EeGZRCw,Rated Rapid tournament https://lichess.org/tournament/kk2Xuplv,Rapid,600+0,Presiden,Kavun_anna,1993,2043,,,HUMAN_vs_HUMAN,1-0,E92,73
vhFGjCYz,Rated Rapid tournament https://lichess.org/tournament/kk2Xuplv,Rapid,600+0,sorinm,Elubai57-01,1974,1983,,,HUMAN_vs_HUMAN,1-0,B00,123
AaEaXF1e,Rated Rapid tournament https://lichess.org/tournament/kk2Xuplv,Rapid,600+0,vjbra,Hannut,1946,1966,,,HUMAN_vs_HUMAN,1-0,C54,65
kY4jShAn,Rated Rapid tournament https://lichess.org/tournament/kk2Xuplv,Rapid,600+0,joelppp,mallack01,1927,1923,,,HUMAN_vs_HUMAN,0-1,B85,64
yq7ba3Hw,Rated Rapid tournament https://lichess.org/tournament/kk2Xuplv,Rapid,600+0,mbappe_mcs,ReYnaldoO,1897,1919,,,HUMAN_vs_HUMAN,0-1,C00,39
UJEGYa7G,Rated Rapid tournament https://lichess.org/tournament/kk2Xuplv,Rapid,600+0,naphthalene77,tcpsharma,1808,1803,,,HUMAN_vs_HUMAN,1-0,B01,129
5h33UkdL,Rated Rapid tournament https://lichess.org/tournament/kk2Xuplv,Rapid,600+0,RGBM,Lisa123B,1885,1862,,,HUMAN_vs_HUMAN,1-0,C55,145
mzmxL3V0,Rated Rapid tournament https://lichess.org/tournament/kk2Xuplv,Rapid,600+0,Letun110980,Kornail,1827,1845,,,HUMAN_vs_HUMAN,1-0,C47,63
2ZvO0FW7,Rated Rapid tournament https://lichess.org/tournament/kk2Xuplv,Rapid,600+0,Sotiris197,yourfather84,1768,1799,,,HUMAN_vs_HUMAN,0-1,D43,64
UHSeTFnC,Rated Rapid tournament https://lichess.org/tournament/kk2Xuplv,Rapid,600+0,Javiers777,Bigweld69420,1746,1761,,,HUMAN_vs_HUMAN,0-1,A45,106
8vGomhW1,Rated Rapid tournament https://lichess.org/tournament/kk2Xuplv,Rapid,600+0,ckmaten1,vi_c1,1743,1687,,,HUMAN_vs_HUMAN,1-0,A48,65
5o2Kpnqg,Rated Rapid tournament https://lichess.org/tournament/kk2Xuplv,Rapid,600+0,javiu,gspas,1636,1645,,,HUMAN_vs_HUMAN,1-0,C44,57
j6NAdcxL,Rated Bullet game,Bullet,60+0,aeoe1234,DrChesS011,1659,1654,,,HUMAN_vs_HUMAN,1-0,B21,41
FG81dD85,Rated Bullet game,Bullet,60+0,azino1,frvidalj,2081,2083,,,HUMAN_vs_HUMAN,0-1,D52,58
UtI8BzSH,Rated Bullet game,Bullet,60+0,gooeypinetree,winnerchesswinner,1224,1228,,,HUMAN_vs_HUMAN,0-1,D00,70
v2ipwW8p,Rated Bullet game,Bullet,60+0,JojiS,Fleecybottom,1615,1641,,,HUMAN_vs_HUMAN,0-1,C10,30
9F0Cn22h,Rated Bullet game,Bullet,60+0,NseEkpo,xznor,2213,2260,,,HUMAN_vs_HUMAN,1-0,D13,93
8ggImBkp,Rated Bullet game,Bullet,60+0,ibroo_jay,josecorcinox,1595,1594,,,HUMAN_vs_HUMAN,1-0,B00,47
KodnjsYQ,Rated Bullet game,Bullet,60+0,salapur,Ayar-27,1391,1315,,,HUMAN_vs_HUMAN,1-0,D20,45
RHMjQQyB,Rated Bullet game,Bullet,60+0,AbdullahAmer01,jiznelub,1702,1716,,,HUMAN_vs_HUMAN,1-0,A00,67
Z3Ec0lkx,Rated Bullet game,Bullet,60+0,swalsh41,Kryptonite9187,1765,1803,,,HUMAN_vs_HUMAN,0-1,C00,84
NFwauqJ2,Rated Bullet game,Bullet,60+0,dorukar,lynchblue,1440,1445,,,HUMAN_vs_HUMAN,0-1,C29,58
ciILRAOp,Rated Blitz game,Blitz,300+0,coffeecastle,GrandmasterKan,2071,1758,,,HUMAN_vs_HUMAN,0-1,B42,76
JUSc9q6b,Rated Blitz game,Blitz,300+0,hejo1989,adm1968,1462,1465,,,HUMAN_vs_HUMAN,1-0,C55,66
IuwQMe19,Rated Rapid game,Rapid,600+0,dangeforcedme,Khalid1975,1709,1744,,,HUMAN_vs_HUMAN,1-0,A15,65
RVGfG69t,Rated Blitz game,Blitz,300+0,llbowl,LEGENDARY_AY,1768,1743,,,HUMAN_vs_HUMAN,1-0,D15,45
hnDOfn8T,Rated Bullet game,Bullet,60+0,trosk1,es_maquiavelico,1496,1462,,,HUMAN_vs_HUMAN,1-0,C44,35
fZQCRhp5,Rated Bullet game,Bullet,60+0,ChessSD1,mo_tu,2074,2049,,,HUMAN_vs_HUMAN,0-1,D06,66
IvuR1G0I,Rated Blitz game,Blitz,300+3,xhazar,wenchypr,1689,1665,,,HUMAN_vs_HUMAN,0-1,D50,20
Tb9QjxAQ,Rated Bullet game,Bullet,120+1,Negrolenny13,Mirach80,1088,1025,,,HUMAN_vs_HUMAN,0-1,C44,60
N65Qo9mp,Rated Bullet game,Bullet,120+1,Ed_senior963,missjimson,1423,1438,,,HUMAN_vs_HUMAN,1-0,C20,77
P1HKvqdW,Rated Bullet game,Bullet,120+1,Melvej,demadera,1696,1764,,,HUMAN_vs_HUMAN,0-1,B01,138
mjSdCSMp,Rated Bullet game,Bullet,120+1,bdress,Fishbone-Hamburg,1654,1608,,,HUMAN_vs_HUMAN,0-1,C00,36
jA1FRJBu,Rated Bullet game,Bullet,120+1,yzee_01,pacolilla,1208,1239,,,HUMAN_vs_HUMAN,0-1,A40,58
Z01Pb6RX,Rated Bullet game,Bullet,120+1,Freakchu,AriVaccaro,1262,1245,,,HUMAN_vs_HUMAN,1-0,D10,51
9G0ITu5w,Rated Bullet game,Bullet,120+1,KarlHungus781,PanMuszka,874,848,,,HUMAN_vs_HUMAN,0-1,D00,70
kh1Wt8hS,Rated Bullet game,Bullet,120+1,NasserAbuHassan,vol81tar,1665,1676,,,HUMAN_vs_HUMAN,0-1,C26,120
DP7mRxiT,Rated Bullet game,Bullet,120+1,probleb01,And1812,1187,1197,,,HUMAN_vs_HUMAN,1-0,C70,47
H5wVOhbF,Rated Bullet game,Bullet,120+1,Pinguin007,manolo4404,2162,2136,,,HUMAN_vs_HUMAN,0-1,C42,59
ulElVVVR,Rated Bullet game,Bullet,120+1,star-lorde,viktor1947,1354,1417,,,HUMAN_vs_HUMAN,1-0,C41,65
En0OkOCj,Rated Blitz game,Blitz,300+0,wiyyoarias,Oblom2,1572,1650,,,HUMAN_vs_HUMAN,0-1,C42,32
QwniHpC1,Rated Blitz game,Blitz,300+0,paud_CCN,dyan_sweety,1939,1940,,,HUMAN_vs_HUMAN,0-1,B21,110
rNMI84OX,Rated Blitz game,Blitz,300+0,planer-k,JuanIgnacio00,1290,1299,,,HUMAN_vs_HUMAN,0-1,C58,78
CSOp5sHC,Rated Blitz game,Blitz,300+0,misschessmaster,spaccoxaux89,1177,1122,,,HUMAN_vs_HUMAN,0-1,A00,52
8uD0Ccnn,Rated Blitz game,Blitz,300+0,tu_caraculo,Chryves34,1046,1014,,,HUMAN_vs_HUMAN,0-1,A41,110
eqW0EkWu,Rated Blitz game,Blitz,300+0,aspar1,khan1017,1358,1382,,,HUMAN_vs_HUMAN,0-1,B01,12
gjxHGTKO,Rated Blitz game,Blitz,300+0,Nelsonmojica,batdu,1488,1530,,,HUMAN_vs_HUMAN,1-0,A45,9
BMthclWO,Rated Blitz game,Blitz,300+0,Emersonpicado,zakamdi,1692,1653,,,HUMAN_vs_HUMAN,0-1,C01,54
BClHkijN,Rated Blitz game,Blitz,300+0,shyamsuk,ambobijok,1387,1387,,,HUMAN_vs_HUMAN,1-0,B40,71
8zfpNUJw,Rated Blitz game,Blitz,300+0,Longinus,szymi2003,1822,1854,,,HUMAN_vs_HUMAN,1-0,A65,37
WdjqY6p9,Rated Blitz game,Blitz,300+0,veltus86,CalebDume,1388,1389,,,HUMAN_vs_HUMAN,0-1,B23,108
VfmHWHmP,Rated Blitz game,Blitz,300+0,roo5,Dani_Silva107,1631,1650,,,HUMAN_vs_HUMAN,1-0,D10,45
Bs5IqhpE,Rated Blitz game,Blitz,300+0,Impgegner,Robin_Jkl,1263,1279,,,HUMAN_vs_HUMAN,0-1,D00,30
O3C2grvi,Rated Blitz game,Blitz,300+0,xdoormanx,tafallazaldy,1779,1786,,,HUMAN_vs_HUMAN,0-1,A00,84
0ryYurSy,Rated Blitz game,Blitz,300+0,Divin_Creador,khorshed,1950,1944,,,HUMAN_vs_HUMAN,1-0,C62,49
vq5i5FOj,Rated Blitz game,Blitz,300+0,gelmore,Nerone55,1821,1818,,,HUMAN_vs_HUMAN,1-0,B45,59
QvnzyWWq,Rated Blitz game,Blitz,300+0,verdico,khan_222,1337,1305,,,HUMAN_vs_HUMAN,0-1,B01,70
uzHPvr9A,Rated Bullet game,Bullet,60+0,teo2605,Alesha_shah,2141,2051,,,HUMAN_vs_HUMAN,1-0,B30,63
C28U2aV8,Rated Bullet game,Bullet,60+0,ufoclub,CesarTre,1586,1569,,,HUMAN_vs_HUMAN,0-1,B06,46
psCxf58d,Rated Bullet game,Bullet,60+0,Letsplaii,soldier14,2722,2533,,,HUMAN_vs_HUMAN,1-0,A10,103
3LfbcQQo,Rated Bullet game,Bullet,60+0,Mosfischer,JaimeRodriguez,1434,1452,,,HUMAN_vs_HUMAN,0-1,B50,58
Ais1mTds,Rated Bullet game,Bullet,60+0,s_xela,Not_smart_goose,1386,1403,,,HUMAN_vs_HUMAN,1-0,A01,89
qTKoTDVi,Rated Bullet game,Bullet,60+0,elshikh111,MH1363MH,1601,1641,,,HUMAN_vs_HUMAN,0-1,A00,32
fkEYVDS9,Rated Bullet game,Bullet,60+0,leonrommel,NightGuy2021,1778,1777,,,HUMAN_vs_HUMAN,0-1,A01,90
R3WWEpfE,Rated Bullet game,Bullet,60+0,protozoa2019,champlintune,1690,1657,,,HUMAN_vs_HUMAN,0-1,B01,60
lEJFpZdj,Rated Bullet game,Bullet,60+0,Berkssky,polymath1,1739,1700,,,HUMAN_vs_HUMAN,1-0,B23,49
z6KMHnwY,Rated Bullet game,Bullet,60+0,Fran_Peru,Guillothina_for_ever,1946,1991,,,HUMAN_vs_HUMAN,1-0,A40,77
yiBYLjER,Rated Bullet game,Bullet,60+0,akouty_k,sakito,1813,1798,,,HUMAN_vs_HUMAN,0-1,A00,60
BYeazb1h,Rated Bullet game,Bullet,60+0,AjedrezSevillaHN,Belegeduk,2046,2030,,,HUMAN_vs_HUMAN,0-1,D00,60
CDBvMmhO,Rated Bullet game,Bullet,60+0,Aggiejedimaster,GARAYO,1791,1782,,,HUMAN_vs_HUMAN,0-1,D01,80
yuCBatdS,Rated Bullet game,Bullet,60+0,Naynn9,Body-abdelbaky,1455,1501,,,HUMAN_vs_HUMAN,1-0,C54,37
9783KXzd,Rated Bullet game,Bullet,60+0,Chessmosquito,Jadante,1858,1818,,,HUMAN_vs_HUMAN,0-1,D20,70
achkcImV,Rated Bullet game,Bullet,60+0,Karpov-12,Bugs_45,2484,2482,,,HUMAN_vs_HUMAN,0-1,D00,96
Php1j9yF,Rated Bullet game,Bullet,60+0,gurplusmohan,Rerereggie,2144,2126,,,HUMAN_vs_HUMAN,1-0,E60,71
4CkE5PXj,Rated Bullet game,Bullet,120+1,andreafbl,Fredfarkle2023,1288,1203,,,HUMAN_vs_HUMAN,0-1,D02,108
FZM4MAF1,Rated Rapid game,Rapid,600+0,erhan2447,igoralvaro,1290,1190,,,HUMAN_vs_HUMAN,1-0,C20,55
nvxONbdO,Rated Blitz game,Blitz,300+0,celsolsp,jokook123,1569,1584,,,HUMAN_vs_HUMAN,1-0,C41,53
JoPQQy6x,Rated Blitz game,Blitz,300+0,DukeFleeD,freemaster-G,814,750,,,HUMAN_vs_HUMAN,0-1,A20,28
aOqJYFYJ,Rated Blitz game,Blitz,300+0,Nhono1925,alefajny123,1919,1921,,,HUMAN_vs_HUMAN,0-1,E18,50
xvINYxIE,Rated Blitz game,Blitz,300+0,iazriel,iDanz0r,1107,1193,,,HUMAN_vs_HUMAN,0-1,D02,58
33gWrhu8,Rated Blitz game,Blitz,300+0,cseofer,errorian,970,1003,,,HUMAN_vs_HUMAN,1-0,B06,63
Yxwr0Q2j,Rated Blitz game,Blitz,300+0,Afonla,zitopita,1363,1258,,,HUMAN_vs_HUMAN,1-0,C50,63
RvCDLhMn,Rated Blitz game,Blitz,300+0,mootzville,reinasofia,1730,1795,,,HUMAN_vs_HUMAN,1-0,B32,81
3SHXfn3N,Rated Blitz game,Blitz,300+0,maitecan,sasssel,1466,1512,,,HUMAN_vs_HUMAN,1-0,C47,39
Y4JGlIDV,Rated Blitz game,Blitz,300+0,pgo19,ercunye,1560,1525,,,HUMAN_vs_HUMAN,0-1,C00,78
2c9mAU8I,Rated Blitz game,Blitz,300+0,Daniloafricano,Mohamed47ta,1411,1429,,,HUMAN_vs_HUMAN,1-0,A40,17
ByT9hZqx,Rated Blitz game,Blitz,300+0,Casse-pipe,mettymett,1545,1518,,,HUMAN_vs_HUMAN,0-1,C44,102
W79uGLeP,Rated Blitz game,Blitz,300+0,yugioh2020,memodaraja,870,873,,,HUMAN_vs_HUMAN,0-1,C50,33
IyTu57zW,Rated Blitz game,Blitz,300+0,der_fuchs,buriburun,2067,2018,,,HUMAN_vs_HUMAN,0-1,A43,90
GTcoYTqK,Rated Blitz game,Blitz,180+2,zajats,lolito59,1869,1932,,,HUMAN_vs_HUMAN,1-0,A52,79
5RADkcP4,Rated Bullet game,Bullet,60+0,tfwdt7,dzadek314,1943,1910,,,HUMAN_vs_HUMAN,0-1,C20,96
VqPUD8dh,Rated Bullet game,Bullet,60+0,hitry_tatarin,MaksimPanov,2517,2571,,,HUMAN_vs_HUMAN,1-0,C45,99
0tYTHKMT,Rated Bullet game,Bullet,60+0,AritraRoy123,CoroNestorA,1341,1086,,,HUMAN_vs_HUMAN,1-0,B20,39
EzlvxQiI,Rated Bullet game,Bullet,60+0,Musikcookie,Ahohohoy,1472,1484,,,HUMAN_vs_HUMAN,1-0,C34,47
e3QBYepR,Rated Bullet game,Bullet,60+0,Mizzitante,JAFAR52,1950,1962,,,HUMAN_vs_HUMAN,1-0,A40,67
e7uIzglT,Rated Bullet game,Bullet,60+0,mann-ind,shreyas10,1701,1617,,,HUMAN_vs_HUMAN,1-0,A00,63
MdWWc7l6,Rated Bullet game,Bullet,60+0,vip72,H2WO3,1428,1342,,,HUMAN_vs_HUMAN,1-0,A00,71
9Vprh8js,Rated Bullet game,Bullet,60+0,Dusankostic,Alkatz,2170,2249,,,HUMAN_vs_HUMAN,0-1,A10,124
CakgE1QO,Rated Bullet game,Bullet,60+0,felixwrede,bjlc,1748,1774,,,HUMAN_vs_HUMAN,0-1,A00,48
Y8RHgyZz,Rated Bullet game,Bullet,60+0,Colin_CR,samsala9,1505,1534,,,HUMAN_vs_HUMAN,0-1,C02,18
2UfqQ5Ik,Rated Bullet game,Bullet,60+0,st_vincent7,sean24,1578,1595,,,HUMAN_vs_HUMAN,1-0,A40,81
gzS2EcpK,Rated Bullet game,Bullet,60+0,ILoveEgirls,chesslooover,2321,2335,,,HUMAN_vs_HUMAN,1-0,B00,51
QV0gYjSn,Rated Bullet game,Bullet,60+0,alfil321,KnightSaber88,1288,1202,,,HUMAN_vs_HUMAN,1-0,C34,57
EDXrHgVC,Rated Bullet game,Bullet,60+0,Achilleus30,bustmustplus,1905,1800,,,HUMAN_vs_HUMAN,1-0,D05,85
I8vJup8w,Rated Bullet game,Bullet,60+0,moscp,eltigre2000,1778,1783,,,HUMAN_vs_HUMAN,1-0,A40,51
MOkDniYH,Rated Bullet game,Bullet,120+1,aisyelazzz,fedejavi81,2172,2067,,,HUMAN_vs_HUMAN,1-0,D20,55
ANfbl4rg,Rated Rapid game,Rapid,1200+0,nareksulin1984,hadjiyan,1548,1802,,,HUMAN_vs_HUMAN,0-1,C23,86
kZAS2Blg,Rated Blitz game,Blitz,180+0,Dedy_Friyanto,Delgado2496,1876,1889,,,HUMAN_vs_HUMAN,0-1,C20,110
bgXoUxGx,Rated Blitz game,Blitz,180+0,poletskiy,Olikeje,1302,1280,,,HUMAN_vs_HUMAN,0-1,B01,52
y2OZ6q9d,Rated Blitz game,Blitz,180+0,neljapachi,zemwillian,1609,1597,,,HUMAN_vs_HUMAN,0-1,B51,38
iUMGCJdm,Rated Blitz game,Blitz,180+0,osmany-i,iro007,1362,1356,,,HUMAN_vs_HUMAN,1-0,C41,61
pFk6KRHS,Rated Blitz game,Blitz,180+0,ramans84,vectoriest_v,1501,1382,,,HUMAN_vs_HUMAN,1-0,C20,59
YrFfWYpy,Rated Blitz game,Blitz,180+0,rinat_karimov_rus_74,yah80,1915,1907,,,HUMAN_vs_HUMAN,0-1,E60,42
VdccFWBL,Rated Blitz game,Blitz,180+0,nearwater,sharpflores,2326,2246,,,HUMAN_vs_HUMAN,1-0,B80,57
hYom8rr1,Rated Blitz game,Blitz,180+0,JuanParra14,saucyasdakaren,1702,1619,,,HUMAN_vs_HUMAN,1-0,C47,63
hLxMG1kw,Rated Blitz game,Blitz,180+0,Johnsongift1,AlanRoma,1681,1675,,,HUMAN_vs_HUMAN,1/2-1/2,C23,157
HfoUtQ4d,Rated Blitz game,Blitz,180+0,parlato,MattV25,1515,1541,,,HUMAN_vs_HUMAN,0-1,E90,58
7fEhSYCe,Rated Blitz game,Blitz,180+0,DementeBrillante,Duglas1996,2148,2158,,,HUMAN_vs_HUMAN,0-1,C01,56
Wdk9SZ5G,Rated Blitz game,Blitz,180+0,MahmoudHossam4,ChunkeyMonkey123,1711,1717,,,HUMAN_vs_HUMAN,0-1,B00,84
lTEV1w1u,Rated Blitz game,Blitz,180+0,victor808,Gowen618,2029,1957,,,HUMAN_vs_HUMAN,1/2-1/2,D10,101
wHNFYI38,Rated Blitz game,Blitz,180+0,antu05,fisher2500,2068,2074,,,HUMAN_vs_HUMAN,0-1,A00,56
S2b1zt0Y,Rated Blitz game,Blitz,180+0,Myrmidonnis,lukas909090,1725,1731,,,HUMAN_vs_HUMAN,0-1,B13,102
2c31HLJW,Rated Blitz game,Blitz,180+0,JW2023,Franchesstein,1568,1570,,,HUMAN_vs_HUMAN,1/2-1/2,D53,156
FUb7PM0z,Rated Blitz game,Blitz,180+0,MickyMat,gavgav2,2187,2182,,,HUMAN_vs_HUMAN,1-0,B00,55
FCKklcAP,Rated Blitz game,Blitz,180+0,iLLMATICxp,waleed1994,1745,1793,,,HUMAN_vs_HUMAN,1-0,D07,51
UyblQMyx,Rated Blitz game,Blitz,180+0,MarioProdigy,anto1959,1463,1474,,,HUMAN_vs_HUMAN,0-1,A00,84
netcKcde,Rated Bullet tournament https://lichess.org/tournament/OsVArPha,Bullet,60+0,axeldavalos888chess,DrRaulstein,1404,2121,,,HUMAN_vs_HUMAN,0-1,A00,48
Xuy4AZDr,Rated Bullet tournament https://lichess.org/tournament/d2hdY4mw,Bullet,60+0,yourkingismybit_h,semen_boldin,1290,1280,,,HUMAN_vs_HUMAN,0-1,B30,96
V3APxjns,Rated Bullet tournament https://lichess.org/tournament/d2hdY4mw,Bullet,60+0,leninka20,NiChoLasLos,1236,1239,,,HUMAN_vs_HUMAN,0-1,B40,74
VHWQGGb1,Rated Bullet tournament https://lichess.org/tournament/lK7geQaX,Bullet,60+0,MaxVerstapenn,Jhoel-Henry,2176,2362,,,HUMAN_vs_HUMAN,0-1,A10,150
bJ5w8UGi,Rated Blitz tournament https://lichess.org/tournament/vJqJ6y08,Blitz,300+3,dnresults,thekings2010,1705,1556,,,HUMAN_vs_HUMAN,0-1,C24,60
CUR2olvN,Rated Blitz tournament https://lichess.org/tournament/vJqJ6y08,Blitz,300+3,ejaaz,CreativeAnnabelle,1501,1420,,,HUMAN_vs_HUMAN,0-1,C50,36
q1hEefPA,Rated UltraBullet game,UltraBullet,15+0,ChesseyBeast,clipkin3,1993,1947,,,HUMAN_vs_HUMAN,1-0,A00,95
jmmB32e9,Rated Bullet game,Bullet,60+0,Nightwitch2000,Emilien666,2034,2011,,,HUMAN_vs_HUMAN,1-0,C44,55
kelF2yJC,Rated Bullet game,Bullet,60+0,BillDCat,JesseP1nkman,1416,1413,,,HUMAN_vs_HUMAN,1-0,B01,55
uc5L3zQX,Rated Bullet game,Bullet,45+0,ivo1986,leoissmart,1236,1136,,,HUMAN_vs_HUMAN,0-1,A80,60
hOgqAl2w,Rated Blitz game,Blitz,180+0,AliGapizov,iampharaoh,1782,1870,,,HUMAN_vs_HUMAN,0-1,B15,36
BTadoFu3,Rated Rapid game,Rapid,600+0,Beytullahd,zandy7,1714,1715,,,HUMAN_vs_HUMAN,0-1,D06,51
BURk3Fgd,Rated Rapid game,Rapid,600+0,checkoutthismate,Jeeoo,1412,1385,,,HUMAN_vs_HUMAN,0-1,B06,90
l2chOwin,Rated Blitz tournament https://lichess.org/tournament/WYkYnRWN,Blitz,180+0,ldmilleo19,berishak,2039,2057,,,HUMAN_vs_HUMAN,0-1,B32,58
HjQrF5uM,Rated Blitz tournament https://lichess.org/tournament/WYkYnRWN,Blitz,180+0,ruskif777,secjacek,2102,2081,,,HUMAN_vs_HUMAN,1-0,D31,29
zFn1GvT7,Rated Blitz tournament https://lichess.org/tournament/WYkYnRWN,Blitz,180+0,FortunaChessCoach,Manchitas1996,2064,2073,,,HUMAN_vs_HUMAN,1-0,D34,65
UedZpnWR,Rated Blitz tournament https://lichess.org/tournament/WYkYnRWN,Blitz,180+0,ansfed,falejos,2025,2027,,,HUMAN_vs_HUMAN,0-1,C40,84
cA1jEszl,Rated Blitz tournament https://lichess.org/tournament/WYkYnRWN,Blitz,180+0,Gesse_G,bodrex-1,1891,1890,,,HUMAN_vs_HUMAN,1-0,D31,63
0YP2ZgyD,Rated Blitz tournament https://lichess.org/tournament/WYkYnRWN,Blitz,180+0,necronomicion,agusnono324,2038,2036,,,HUMAN_vs_HUMAN,1-0,A45,97
sea2HxN8,Rated Blitz tournament https://lichess.org/tournament/WYkYnRWN,Blitz,180+0,CaissaMijail,Raisiv,2018,2020,,,HUMAN_vs_HUMAN,0-1,A20,66
V5HuGRQU,Rated Blitz tournament https://lichess.org/tournament/WYkYnRWN,Blitz,180+0,dutchdefensee,boardvision2019,2009,1997,,,HUMAN_vs_HUMAN,1-0,B38,91
docTV6v2,Rated Blitz tournament https://lichess.org/tournament/WYkYnRWN,Blitz,180+0,leontacna,staticenter20,1982,1976,,,HUMAN_vs_HUMAN,1/2-1/2,B01,69
vPBKIs4O,Rated Blitz tournament https://lichess.org/tournament/WYkYnRWN,Blitz,180+0,kile,blackstaffie,1973,1973,,,HUMAN_vs_HUMAN,1-0,B10,105
xqnueaqc,Rated Blitz tournament https://lichess.org/tournament/WYkYnRWN,Blitz,180+0,ArenaOnlyPlayer,OleMO,1970,1970,,,HUMAN_vs_HUMAN,1-0,B12,79
aAdS6xHZ,Rated Blitz tournament https://lichess.org/tournament/WYkYnRWN,Blitz,180+0,nanobytes,Fox_zai,1954,1935,,,HUMAN_vs_HUMAN,0-1,C01,47
df0SgCq7,Rated Blitz tournament https://lichess.org/tournament/WYkYnRWN,Blitz,180+0,A-Niezdarkov,estudantexadrez1,1914,1929,,,HUMAN_vs_HUMAN,1-0,A05,89
87o6osNj,Rated Blitz tournament https://lichess.org/tournament/WYkYnRWN,Blitz,180+0,Kras_R,CHIJES,1903,1910,,,HUMAN_vs_HUMAN,1-0,C01,105
ZSaNVf3x,Rated Blitz tournament https://lichess.org/tournament/WYkYnRWN,Blitz,180+0,MohamedMagdy2020,AnAllegoryOfThePoet,1888,1886,,,HUMAN_vs_HUMAN,0-1,C44,98
dWuujV7R,Rated Blitz tournament https://lichess.org/tournament/WYkYnRWN,Blitz,180+0,ayek,kosmasnahak100p,1897,1899,,,HUMAN_vs_HUMAN,0-1,B06,74
116uGSyg,Rated Blitz tournament https://lichess.org/tournament/WYkYnRWN,Blitz,180+0,alexsaballe,tru_la_la,1864,1866,,,HUMAN_vs_HUMAN,0-1,B50,108
PkAblXue,Rated Blitz tournament https://lichess.org/tournament/WYkYnRWN,Blitz,180+0,yosip,madgame,1864,1851,,,HUMAN_vs_HUMAN,0-1,C20,96
487ft0JY,Rated Blitz tournament https://lichess.org/tournament/WYkYnRWN,Blitz,180+0,Hello202,MajorLazer7,1850,1832,,,HUMAN_vs_HUMAN,0-1,A04,104
6Wuw71xL,Rated Blitz tournament https://lichess.org/tournament/WYkYnRWN,Blitz,180+0,Delmjo,Andabarian,1828,1830,,,HUMAN_vs_HUMAN,1-0,C62,43
PWknHh0K,Rated Blitz tournament https://lichess.org/tournament/WYkYnRWN,Blitz,180+0,Amybel95,DantheMan2201,1824,1821,,,HUMAN_vs_HUMAN,0-1,A00,52
lFLrac1S,Rated Blitz tournament https://lichess.org/tournament/WYkYnRWN,Blitz,180+0,emco2025,sakkub,1757,1756,,,HUMAN_vs_HUMAN,1-0,D05,81
o4PHJN06,Rated Blitz tournament https://lichess.org/tournament/WYkYnRWN,Blitz,180+0,baldrof,Kazu01,1811,1808,,,HUMAN_vs_HUMAN,1-0,B12,43
lcTQsTWR,Rated Blitz tournament https://lichess.org/tournament/WYkYnRWN,Blitz,180+0,dito-farhad,fede1976,1808,1803,,,HUMAN_vs_HUMAN,0-1,D02,72
xYxxPhcf,Rated Blitz tournament https://lichess.org/tournament/WYkYnRWN,Blitz,180+0,blqdbg,Dilwachira,1741,1741,,,HUMAN_vs_HUMAN,0-1,B30,54
nSiv7VPy,Rated Blitz tournament https://lichess.org/tournament/WYkYnRWN,Blitz,180+0,mtoely,Maksim123winer,1726,1728,,,HUMAN_vs_HUMAN,1-0,A45,49
MGQXs36E,Rated Blitz tournament https://lichess.org/tournament/WYkYnRWN,Blitz,180+0,valeriuccio,Levirage,1690,1686,,,HUMAN_vs_HUMAN,0-1,C20,58
M1nNjsYW,Rated Blitz tournament https://lichess.org/tournament/WYkYnRWN,Blitz,180+0,IlCasista,Cachorro_17,1677,1663,,,HUMAN_vs_HUMAN,1-0,A02,63
ZAlknyW7,Rated Blitz tournament https://lichess.org/tournament/WYkYnRWN,Blitz,180+0,orbitsun,marsupiales3v,1697,1708,,,HUMAN_vs_HUMAN,0-1,A00,44
FVFlgQGZ,Rated Blitz tournament https://lichess.org/tournament/WYkYnRWN,Blitz,180+0,BiasOZ,Koba6,1639,1649,,,HUMAN_vs_HUMAN,0-1,E61,58
ub83QAJz,Rated Blitz tournament https://lichess.org/tournament/WYkYnRWN,Blitz,180+0,bingser,svitanok,1556,1567,,,HUMAN_vs_HUMAN,1-0,B32,43
N4AVDbRd,Rated Blitz tournament https://lichess.org/tournament/WYkYnRWN,Blitz,180+0,elunala,MItch121,1615,1632,,,HUMAN_vs_HUMAN,1-0,D00,89
KWpApae4,Rated Blitz tournament https://lichess.org/tournament/WYkYnRWN,Blitz,180+0,daxlex,wolthergregory,1595,1612,,,HUMAN_vs_HUMAN,0-1,A00,80
ILlGhuNz,Rated Blitz tournament https://lichess.org/tournament/WYkYnRWN,Blitz,180+0,zerocerebro,PRIMAL_T,1574,1587,,,HUMAN_vs_HUMAN,1-0,A02,37
CMR6U1Sz,Rated Blitz tournament https://lichess.org/tournament/WYkYnRWN,Blitz,180+0,tazos_soldier,titanbr,1496,1475,,,HUMAN_vs_HUMAN,0-1,B21,42
11UlAEQ1,Rated Blitz tournament https://lichess.org/tournament/WYkYnRWN,Blitz,180+0,surunara,Kycastle,1422,1460,,,HUMAN_vs_HUMAN,1-0,B00,23
4hz1aIL1,Rated Blitz tournament https://lichess.org/tournament/WYkYnRWN,Blitz,180+0,javiram,IvanGrozni1969,1519,1520,,,HUMAN_vs_HUMAN,0-1,A00,82
HAKds9rw,Rated Blitz tournament https://lichess.org/tournament/WYkYnRWN,Blitz,180+0,canaksoy06,Lemongamerchess,1343,1409,,,HUMAN_vs_HUMAN,0-1,B20,120
cLIdfqvX,Rated Blitz tournament https://lichess.org/tournament/WYkYnRWN,Blitz,180+0,yuosefr2010,mirko2121,1326,1105,,,HUMAN_vs_HUMAN,1-0,A40,57
Wrv9gQLV,Rated Blitz game,Blitz,300+3,smithsmithsmith,JTchess08,1306,1267,,,HUMAN_vs_HUMAN,0-1,C50,56
hic2IkDp,Rated Blitz game,Blitz,300+3,ALbadry555,Mbakirtas,1865,1932,,,HUMAN_vs_HUMAN,1-0,C40,49
iaDJXVCp,Rated Blitz game,Blitz,300+3,pegoulade,Diablo971,1473,1476,,,HUMAN_vs_HUMAN,0-1,B23,76
wj6ewINB,Rated Blitz game,Blitz,300+3,Mihalych21,mossacieca,1853,1775,,,HUMAN_vs_HUMAN,1-0,B21,97
c7CVfzPw,Rated Blitz game,Blitz,300+3,tomorrownight,tomdavidcz,1221,1261,,,HUMAN_vs_HUMAN,0-1,C60,56
WjsLUcFq,Rated Blitz game,Blitz,300+3,Panda3837,Passing,2186,2081,,,HUMAN_vs_HUMAN,0-1,A43,46
iCjiYx2R,Rated Blitz game,Blitz,300+3,dontic,misocat,1333,1371,,,HUMAN_vs_HUMAN,0-1,A50,62
ZxIlHk1t,Rated Blitz game,Blitz,300+3,KyranMcDonnell,sklv_max,1687,1614,,,HUMAN_vs_HUMAN,0-1,A00,70
u4gBSlmB,Rated Blitz game,Blitz,300+3,schubertesque,lefrigon,1021,1007,,,HUMAN_vs_HUMAN,1-0,B12,7
LPGncCfE,Rated Blitz game,Blitz,300+3,omerbeyatli,tomburbine,1032,1064,,,HUMAN_vs_HUMAN,1-0,C41,81
KV8w3Y3n,Rated Blitz game,Blitz,300+3,aladdinboutaieb,cocotte,1390,1460,,,HUMAN_vs_HUMAN,0-1,C41,148
bonFj0Mv,Rated Blitz game,Blitz,300+3,salsows,tamikua,1414,1477,,,HUMAN_vs_HUMAN,1-0,B06,37
rk2vvyv9,Rated Blitz game,Blitz,300+0,Hunsruecker,JohnnyKO2,1226,1240,,,HUMAN_vs_HUMAN,1-0,C60,111
r1vNplsB,Rated Blitz game,Blitz,300+0,ali_alsadawy,neill233,1580,1526,,,HUMAN_vs_HUMAN,1-0,C50,33
M9j2N958,Rated Blitz game,Blitz,300+0,Mths2d,Alaaeid88,1109,1107,,,HUMAN_vs_HUMAN,1-0,C20,63
N9Pin7IH,Rated Blitz game,Blitz,300+0,arahiva,Iscaro,1730,1750,,,HUMAN_vs_HUMAN,1-0,B50,44
TMF2rZ5v,Rated Blitz game,Blitz,300+0,sebastianamieva,ycsdan,845,941,,,HUMAN_vs_HUMAN,1-0,C40,97
spYrzI0a,Rated Blitz game,Blitz,300+0,saikoshihan,adolar42,878,890,,,HUMAN_vs_HUMAN,1-0,C40,113
wjeSjhJe,Rated Blitz game,Blitz,300+0,Robertan_1933,Hassanelma,1598,1590,,,HUMAN_vs_HUMAN,0-1,D31,62
MRRz33iR,Rated Blitz game,Blitz,300+0,Johannes2008,Nurjv,1998,1931,,,HUMAN_vs_HUMAN,1-0,B00,43
hSjWI4lT,Rated Blitz game,Blitz,300+0,franmalaga,Dalilinha,1168,1211,,,HUMAN_vs_HUMAN,0-1,B03,47
bTlnWCOk,Rated Blitz game,Blitz,300+0,mahdifarahani129,samsimba199,925,941,,,HUMAN_vs_HUMAN,0-1,B20,30
KC96Gqhj,Rated Blitz game,Blitz,300+0,Pilinf,antdvas,1487,1464,,,HUMAN_vs_HUMAN,0-1,C42,100
IHObCywB,Rated Blitz game,Blitz,300+0,Ahp1a,tom61,955,1042,,,HUMAN_vs_HUMAN,1-0,A06,45
6Cg9Y6gd,Rated Blitz game,Blitz,300+0,Paidd,arooke260,1608,1686,,,HUMAN_vs_HUMAN,0-1,C56,74
iIzLA4oF,Rated Blitz game,Blitz,300+0,mmmoreos,sabinolaura,1829,1812,,,HUMAN_vs_HUMAN,1-0,C62,77
z9TbZ1Cx,Rated Bullet game,Bullet,60+0,Patoss,Miracoll,1440,1445,,,HUMAN_vs_HUMAN,1-0,C46,63
XK9V2GKP,Rated Rapid game,Rapid,600+0,Parsa_soltaniran,ngquan,1755,1788,,,HUMAN_vs_HUMAN,0-1,D01,62
ielBhVlo,Rated Blitz game,Blitz,180+0,Rgihuhjn2223,RealCraigMusaka,957,2064,,,HUMAN_vs_HUMAN,0-1,C20,98
KEX10kYw,Rated Bullet game,Bullet,60+0,koukito,cande1243,1327,1407,,,HUMAN_vs_HUMAN,1-0,A40,19
wTt2zn93,Rated Bullet game,Bullet,60+0,vin1031,C-EROZBEK,2124,2121,,,HUMAN_vs_HUMAN,0-1,B06,46
udK4R3Cw,Rated Bullet game,Bullet,60+0,yansg,woodpushingdude,1304,1348,,,HUMAN_vs_HUMAN,1-0,B00,43
efFyjHgp,Rated Bullet game,Bullet,60+0,deep1983,Minuchin00,1754,1772,,,HUMAN_vs_HUMAN,0-1,A04,46
OrYMZrmk,Rated Bullet game,Bullet,60+0,wehelm,goldenstate20,2006,1992,,,HUMAN_vs_HUMAN,0-1,C11,80
nx1AMWMB,Rated Bullet game,Bullet,60+0,andrew65666,edwfher81,1507,1538,,,HUMAN_vs_HUMAN,1-0,D00,39
l45Ygz6A,Rated Bullet game,Bullet,60+0,peru12345,hipotetico,1915,1850,,,HUMAN_vs_HUMAN,0-1,C00,64
Wycmztjn,Rated Bullet game,Bullet,60+0,iancu_marius,CrypticKhan,1981,1923,,,HUMAN_vs_HUMAN,0-1,A11,56
k1MSx3Zy,Rated Bullet game,Bullet,60+0,blacky284,moohcow,2051,2013,,,HUMAN_vs_HUMAN,1/2-1/2,D02,63
ZHG0iV3N,Rated Bullet game,Bullet,60+0,Eisenwulf,tmchessking,1287,1247,,,HUMAN_vs_HUMAN,1-0,B06,51
vb1BhQI0,Rated Bullet game,Bullet,60+0,davidwreckem,diegomormar,1619,1569,,,HUMAN_vs_HUMAN,1-0,D30,53
Ig6vW79p,Rated Bullet game,Bullet,60+0,unireprus,AndrewParitz,1765,1800,,,HUMAN_vs_HUMAN,1-0,C00,27
7h395gtw,Rated Bullet game,Bullet,60+0,chiwuax,Elgranate1243,2073,2075,,,HUMAN_vs_HUMAN,1-0,B00,79
2obtoA3x,Rated Bullet game,Bullet,60+0,mohammadrr60,swinsonswanson,1660,1637,,,HUMAN_vs_HUMAN,0-1,B08,64
6An2C3a4,Rated Bullet game,Bullet,60+0,viktor_solovyov,guilty93,2768,2732,,FM,HUMAN_vs_HUMAN,0-1,A04,126
iTprJ5B1,Rated Rapid game,Rapid,1200+2,anatalov,Genarito,1469,1399,,,HUMAN_vs_HUMAN,0-1,C44,42
vBbeB7mb,Rated Rapid game,Rapid,600+5,Archi704,Jorge47,1329,1322,,,HUMAN_vs_HUMAN,1/2-1/2,C00,155
yJSTbDo4,Rated Rapid game,Rapid,600+5,t4h51n,igorkb1961,1668,1773,,,HUMAN_vs_HUMAN,0-1,B01,68
skMxaeSU,Rated Rapid game,Rapid,600+5,nikolay5757,pista_fi,1539,1524,,,HUMAN_vs_HUMAN,1/2-1/2,C31,74
fAnty3SD,Rated Rapid game,Rapid,600+5,ploughshare,Gnafroninho,1596,1548,,,HUMAN_vs_HUMAN,1-0,A20,67
AhGKt06x,Rated Rapid game,Rapid,600+5,professor370,rottweil,1495,1504,,,HUMAN_vs_HUMAN,1-0,B20,33
2RnMdMdr,Rated Rapid game,Rapid,600+5,olcha12,pchavarriall,1390,1337,,,HUMAN_vs_HUMAN,0-1,B10,46
fqZrMgfZ,Rated Rapid game,Rapid,600+5,kareemoz963,schorsch2,1509,1453,,,HUMAN_vs_HUMAN,1-0,C50,93
WwPBJuZL,Rated Rapid game,Rapid,600+5,Crimson_Poet,aurequic,1934,2024,,,HUMAN_vs_HUMAN,0-1,D00,98
ZxPciCXp,Rated Blitz game,Blitz,300+3,Ahmedali8811,sborab,1529,1475,,,HUMAN_vs_HUMAN,1-0,D02,79
mCwLwPv7,Rated Bullet game,Bullet,90+2,Juandibernal,trebeter,1365,1344,,,HUMAN_vs_HUMAN,0-1,B27,48
4aeomhlU,Rated Blitz game,Blitz,180+0,yorikmarinn,xtvdx,1997,2000,,,HUMAN_vs_HUMAN,0-1,D37,42
k3pfWSQe,Rated Blitz game,Blitz,180+0,uygarturkmen,AtajanProf,2025,1971,,,HUMAN_vs_HUMAN,0-1,C00,47
1yIYnrqp,Rated Blitz game,Blitz,180+0,Frisenjung,marcodf20,1639,1624,,,HUMAN_vs_HUMAN,0-1,B01,84
4eVEYeu2,Rated Blitz game,Blitz,180+0,newstory1,CounterDefender,1783,1802,,,HUMAN_vs_HUMAN,0-1,A40,74
fKoWEQBI,Rated Blitz game,Blitz,180+0,Floggerish,kigozi,1464,1464,,,HUMAN_vs_HUMAN,0-1,C00,50
fyq8yduf,Rated Blitz game,Blitz,180+0,haris83,evanosmanos,1770,1659,,,HUMAN_vs_HUMAN,0-1,A01,94
eqkGQVM4,Rated Blitz game,Blitz,180+0,cmjohncheng,Gasan1907,2063,2085,,,HUMAN_vs_HUMAN,0-1,A59,30
mJkOpbor,Rated Blitz game,Blitz,180+0,Mgwena,nordfriese1,1555,1545,,,HUMAN_vs_HUMAN,1-0,C41,63
B6JdA2zN,Rated Blitz game,Blitz,180+0,CZAR_lll,raulito969,2035,2052,,,HUMAN_vs_HUMAN,0-1,D02,38
ZcZfwPWD,Rated Blitz game,Blitz,180+0,dTeacher,jorrit1969,1845,1809,,,HUMAN_vs_HUMAN,0-1,A00,98
vuBVZSl3,Rated Blitz game,Blitz,180+0,joset1245,POCERAC,1923,1928,,,HUMAN_vs_HUMAN,0-1,C00,140
Dckp1CLz,Rated Blitz game,Blitz,180+0,ronilegd67,adhirvigg,1891,1922,,,HUMAN_vs_HUMAN,1-0,B06,75
L139PkE1,Rated Blitz game,Blitz,180+0,falerito,estaka1,2404,2534,,FM,HUMAN_vs_HUMAN,0-1,A08,98
PhDqPiPg,Rated Blitz game,Blitz,180+0,ALEXSADERISPUSHKINO,IguanaAstronaut,2221,2389,,,HUMAN_vs_HUMAN,0-1,B12,46
7o9PBRbq,Rated Blitz game,Blitz,180+0,hadnan,joelaws3,1571,1616,,,HUMAN_vs_HUMAN,1-0,B40,49
aLtjmFBv,Rated Blitz game,Blitz,180+0,the_master2310,ad1982,2105,2124,,,HUMAN_vs_HUMAN,1-0,B22,89
1xDX5LQp,Rated Bullet game,Bullet,120+0,morphy1858,BullletTime,1930,1919,,,HUMAN_vs_HUMAN,1-0,B22,117
fGOjNFQp,Rated Blitz game,Blitz,180+2,Damn_mx,jie111,1903,1897,,,HUMAN_vs_HUMAN,0-1,B22,30
Ob0yvLd7,Rated Blitz game,Blitz,180+2,Kwest68,stromhylden,1198,1207,,,HUMAN_vs_HUMAN,1-0,A01,65
m7BOQshp,Rated Blitz game,Blitz,180+2,ElLatta1985,craciunremus66,1752,1711,,,HUMAN_vs_HUMAN,0-1,C01,136
VgPW5aoh,Rated Blitz game,Blitz,180+2,redadb,rubenlaw13,1415,1444,,,HUMAN_vs_HUMAN,1-0,B32,63
7pgTsMsf,Rated Blitz game,Blitz,180+2,mustafaMslati,thericher7777777,1885,1841,,,HUMAN_vs_HUMAN,1-0,D00,109
puJ2Lsfs,Rated Blitz game,Blitz,180+2,Ndricim-Allushi,NinaJCenteno,1773,1835,,,HUMAN_vs_HUMAN,1-0,A00,41
YcLqCTZ1,Rated Blitz game,Blitz,180+2,GREGKAT,jmuggiati,1704,1698,,,HUMAN_vs_HUMAN,1-0,E80,25
cZxEGTcX,Rated Blitz game,Blitz,180+2,oskovich1357,qwess8,2143,2152,,,HUMAN_vs_HUMAN,0-1,C05,42
9pECxzhx,Rated Blitz game,Blitz,180+2,zohrehflh1375,patriciosolis,1212,1229,,,HUMAN_vs_HUMAN,1-0,C23,23
9SZQj9ax,Rated Blitz game,Blitz,180+2,Abdel0007,Olimpiaaaa,1459,1461,,,HUMAN_vs_HUMAN,1-0,A06,63
M3gam2eR,Rated Blitz game,Blitz,180+2,garry64,PAC-MAT-FIS,1956,1963,,,HUMAN_vs_HUMAN,1-0,B00,18
Gl2KfHkg,Rated Blitz game,Blitz,300+0,avhkgb,zugzwangapocalypse,1180,1250,,,HUMAN_vs_HUMAN,0-1,A01,24
z9SoFjIL,Rated Bullet game,Bullet,120+1,osamamahmoud_khaled,nissugran,2178,2040,,,HUMAN_vs_HUMAN,0-1,C50,94
pf3V7mIv,Rated Bullet game,Bullet,120+1,valeriyahamburg,ondrej_frantisek,1812,1808,,,HUMAN_vs_HUMAN,1/2-1/2,D53,84
7aLo3Qzr,Rated Bullet game,Bullet,120+1,IgnacioSantini,teeji,1816,1840,,,HUMAN_vs_HUMAN,0-1,B08,58
sQFJYHDN,Rated Bullet game,Bullet,120+1,PactOfNegation,yvenk19,1916,1884,,,HUMAN_vs_HUMAN,1-0,E60,89
rCHR8QkL,Rated Blitz game,Blitz,180+0,saeedzarebi2,noobokovski,967,926,,,HUMAN_vs_HUMAN,1-0,C02,31
aVQkrwPj,Rated Blitz game,Blitz,180+0,ydrum7,gonzalin123,1964,1985,,,HUMAN_vs_HUMAN,1-0,A30,79
3qA8jFZr,Rated Blitz game,Blitz,180+0,manini,ConscienceChess,2140,2177,,,HUMAN_vs_HUMAN,1-0,B21,25
elqQI52f,Rated Blitz game,Blitz,180+0,F04061982,Mezmo,987,1134,,,HUMAN_vs_HUMAN,1-0,D08,69
HG76uGjv,Rated Blitz game,Blitz,180+0,adhem101,tnevel12,1444,1453,,,HUMAN_vs_HUMAN,0-1,A40,12
8qQUIbLb,Rated Blitz game,Blitz,180+0,monoerrante,Jancsi77,1917,1830,,,HUMAN_vs_HUMAN,0-1,C00,120
f91hjPEr,Rated Blitz game,Blitz,180+0,prtnsprtns,l7_grandmaster,685,818,,,HUMAN_vs_HUMAN,0-1,C55,40
t4EekP4Y,Rated Blitz game,Blitz,180+0,mtvmvnoz,sematunc,1527,1576,,,HUMAN_vs_HUMAN,0-1,A10,32
NTCAKH6J,Rated Blitz game,Blitz,180+0,tallymangc,Eppley,1240,1324,,,HUMAN_vs_HUMAN,0-1,C23,58
CbPf1NRs,Rated Blitz game,Blitz,180+0,Farrrican,Grandante,2139,2124,,,HUMAN_vs_HUMAN,1-0,B00,109
9LaRFsNb,Rated Blitz game,Blitz,180+0,timmiklaus,KTiani,1722,1709,,,HUMAN_vs_HUMAN,0-1,B50,18
pa0jBmPA,Rated Blitz game,Blitz,180+0,best_wishes2u,user93047,1433,1358,,,HUMAN_vs_HUMAN,1-0,C42,34
qHpUQClh,Rated Blitz game,Blitz,180+0,dewapedang,Pajero100,1966,1904,,,HUMAN_vs_HUMAN,0-1,C02,50
vkNoPgTU,Rated Blitz game,Blitz,180+0,sawka322,ahmadreza5538,2223,2306,,,HUMAN_vs_HUMAN,0-1,B22,42
D9LqU2Pm,Rated Blitz game,Blitz,300+0,FERNANDOFARAH,Lior1818,1038,1073,,,HUMAN_vs_HUMAN,1-0,C41,53
CWjRsZlm,Rated Blitz game,Blitz,300+0,yassinefat88,eshaughn88,1053,1177,,,HUMAN_vs_HUMAN,0-1,C23,62
0Hccmqui,Rated Blitz game,Blitz,300+0,GM1992,Manueljula7,1976,1936,,,HUMAN_vs_HUMAN,1-0,B21,65
lOUkOo2U,Rated Blitz game,Blitz,300+0,duastorres,vgo2020,1519,1460,,,HUMAN_vs_HUMAN,0-1,B01,126
synxhk46,Rated Blitz game,Blitz,300+0,DIEGO_11_GG,clebed,1184,1184,,,HUMAN_vs_HUMAN,1-0,A40,31
VMTiWDBf,Rated Blitz game,Blitz,300+0,siquara_10,juches02,1893,1895,,,HUMAN_vs_HUMAN,1-0,B06,79
lxYxut9i,Rated Blitz game,Blitz,300+0,t1dre,Daniel_Zelch,1332,1405,,,HUMAN_vs_HUMAN,0-1,C65,128
SZxH6ybH,Rated Blitz game,Blitz,300+0,Degre97,pradeepd2,1897,1902,,,HUMAN_vs_HUMAN,1-0,B80,69
Q97fT80H,Rated Blitz game,Blitz,300+0,LaZiONa,Fl1cks,1668,1672,,,HUMAN_vs_HUMAN,1-0,D02,19
Y83n6qsd,Rated Blitz game,Blitz,300+0,krar_7,gfaaa,1420,1406,,,HUMAN_vs_HUMAN,1-0,C64,75
U8ah7vnp,Rated Blitz game,Blitz,300+0,tonya_boy,fanatic22779,2167,2149,,,HUMAN_vs_HUMAN,1-0,A43,89
jyr77R4L,Rated Blitz game,Blitz,300+0,maan,Aljechino,1818,1779,,,HUMAN_vs_HUMAN,0-1,A00,64
Ujoc8uox,Rated Blitz game,Blitz,300+0,ultrainstinct45,Mehman12,1833,1756,,,HUMAN_vs_HUMAN,1-0,B00,133
toudOVtV,Rated Blitz game,Blitz,300+0,stanley_mateo,tonichess1981,1272,1295,,,HUMAN_vs_HUMAN,1-0,B06,45
wJdhDElC,Rated Blitz game,Blitz,300+0,boysnake,magnu_carse2,972,946,,,HUMAN_vs_HUMAN,0-1,C46,98
9tKSzPhM,Rated Blitz game,Blitz,300+3,Dzemali,Rafapeluqueria88,1357,1306,,,HUMAN_vs_HUMAN,0-1,A43,74
Bsiu8cwK,Rated Bullet game,Bullet,0+1,thesoar,adonaymb,1978,2165,,,HUMAN_vs_HUMAN,1-0,B08,86
1nw9JeWx,Rated Rapid game,Rapid,600+0,eddie23x,IvanovIvan729,1435,1498,,,HUMAN_vs_HUMAN,0-1,A45,56
VDP07lSn,Rated Rapid game,Rapid,600+0,Pino47,curiel09,1592,1620,,,HUMAN_vs_HUMAN,0-1,A06,60
0s6vqQlZ,Rated Rapid game,Rapid,600+0,ArtySchin,stefantr,1091,1127,,,HUMAN_vs_HUMAN,0-1,D10,72
DdQ53GyN,Rated Rapid game,Rapid,600+0,Mezzeror,Purusothpu,1999,2047,,,HUMAN_vs_HUMAN,1-0,A13,57
hTyD4viS,Rated Rapid game,Rapid,600+0,DutraM,M_o_H_a_X,1515,1537,,,HUMAN_vs_HUMAN,0-1,B06,104
9d4fMIXp,Rated Rapid game,Rapid,600+0,Juliano_Oliveira,powerfbulchessblue,844,899,,,HUMAN_vs_HUMAN,0-1,C20,62
YdP4Nmup,Rated Rapid game,Rapid,600+0,Kowboy1,Aslan_Hamidoff67,1885,1821,,,HUMAN_vs_HUMAN,0-1,C02,68
7yQpwWsl,Rated Rapid game,Rapid,600+0,chess_149,pflyer5,1417,1395,,,HUMAN_vs_HUMAN,1-0,C42,59
eAqHGVQy,Rated Rapid game,Rapid,600+0,ChessGrinder46869332,DavidDazka99,2245,2246,,,HUMAN_vs_HUMAN,0-1,A23,36
ebQEmdmz,Rated Rapid game,Rapid,600+0,Millcreek,Ahmed_Rashad_GE,1727,1696,,,HUMAN_vs_HUMAN,1-0,E00,46
jC16fHOA,Rated Rapid game,Rapid,600+0,pinkspinner,IVAN_GALVEZ,1687,1652,,,HUMAN_vs_HUMAN,0-1,C02,25
9E8ejFps,Rated Rapid game,Rapid,600+0,klausdiekmann,jero-rcl,1958,1957,,,HUMAN_vs_HUMAN,0-1,B02,72
9pogn14p,Rated Blitz tournament https://lichess.org/tournament/7CZHK4jE,Blitz,180+0,Rick_and_Morty02,cazadordepollos,2346,2235,,,HUMAN_vs_HUMAN,0-1,C21,76
LSPkSrZa,Rated Blitz tournament https://lichess.org/tournament/7CZHK4jE,Blitz,180+0,offspring1476,torrerey,2237,1872,,,HUMAN_vs_HUMAN,1-0,C22,43
AEhh7f2U,Rated Blitz tournament https://lichess.org/tournament/7CZHK4jE,Blitz,180+0,lion17lion,socramavlis,1792,2039,,,HUMAN_vs_HUMAN,0-1,B22,66
n6HJkdkw,Rated Blitz tournament https://lichess.org/tournament/7CZHK4jE,Blitz,180+0,vice_g,edbore52,1620,1693,,,HUMAN_vs_HUMAN,0-1,A40,98
Jj0Hwdce,Rated Bullet game,Bullet,60+0,matemeister,Noxotolec,2078,2079,,,HUMAN_vs_HUMAN,0-1,D32,80
VX33U3sw,Rated Blitz game,Blitz,180+0,theosgonos,futegm666,1888,1907,,,HUMAN_vs_HUMAN,1-0,B13,73
XkXlfUTe,Rated Blitz game,Blitz,180+5,negretejuan,Gregory4,1919,1825,,,HUMAN_vs_HUMAN,1-0,C01,129
NriNfObq,Rated Blitz game,Blitz,180+0,joelmaximiliano4343,Erocook,1860,1896,,,HUMAN_vs_HUMAN,1-0,C00,57
xrNgRvDb,Rated Blitz game,Blitz,180+2,DrunkSunTzu,shwhanau,1657,1684,,,HUMAN_vs_HUMAN,1-0,A13,75
ABmwfLGP,Rated Blitz game,Blitz,180+2,xlapy07,Fahd_AM,1275,1219,,,HUMAN_vs_HUMAN,0-1,C40,50
eDhBpzyh,Rated Blitz game,Blitz,180+2,usufructus,AntonOBel,1385,1345,,,HUMAN_vs_HUMAN,1-0,A05,65
bjC9xbMv,Rated Blitz game,Blitz,180+2,GravelordNRx,GabriGambit14,1500,1537,,,HUMAN_vs_HUMAN,1-0,D00,45
am0xrMon,Rated Blitz game,Blitz,180+2,Chess35Chess,sis_522022,1933,1897,,,HUMAN_vs_HUMAN,0-1,A40,62
CQ2Q78aK,Rated Blitz game,Blitz,180+2,jdkj,PrenjakAlas91,1735,1741,,,HUMAN_vs_HUMAN,0-1,A06,60
9ZmTQqCe,Rated Blitz game,Blitz,180+2,LucytheCat,MyTugboat,1761,1796,,,HUMAN_vs_HUMAN,1-0,C70,67
hGDw1yy0,Rated Blitz game,Blitz,180+2,lopezt007,ddiet001,1651,1606,,,HUMAN_vs_HUMAN,1-0,D00,53
7guMtuM9,Rated Blitz game,Blitz,180+2,salamine1,username117,2336,2261,,,HUMAN_vs_HUMAN,0-1,A45,48
DaaG1FTf,Rated Blitz game,Blitz,180+2,efimovartem,safanth,1263,1322,,,HUMAN_vs_HUMAN,0-1,B01,18
uxW64n95,Rated Blitz game,Blitz,180+2,gokselgokalp,Eclecnic,1217,1197,,,HUMAN_vs_HUMAN,0-1,A00,72
gv7xoo5y,Rated Blitz game,Blitz,180+2,mdkfire2010,aak555,2227,2142,,,HUMAN_vs_HUMAN,1-0,B99,81
ZvjrOZUM,Rated Blitz game,Blitz,180+2,Dipsundar,srinivaschinchili,1884,1878,,,HUMAN_vs_HUMAN,1/2-1/2,C20,139
IH0PUD8c,Rated Bullet game,Bullet,120+1,rvkitic,Yefar,1954,1945,,,HUMAN_vs_HUMAN,0-1,C29,122
F8077UbM,Rated Bullet game,Bullet,60+0,hadi_jafari,segonpin,1561,1528,,,HUMAN_vs_HUMAN,0-1,A40,70
WHS17WGc,Rated Bullet game,Bullet,60+0,Abe_96,Kranjen,1199,1196,,,HUMAN_vs_HUMAN,0-1,A40,44
HdGcPVAN,Rated Bullet game,Bullet,60+0,Reminerva,Nikolakis2014,2664,2593,,GM,HUMAN_vs_HUMAN,0-1,E60,78
WgOJ5ssu,Rated Bullet game,Bullet,60+0,nahuelgo,Zee-Malachi,1982,1945,,,HUMAN_vs_HUMAN,1-0,C20,63
hyGTnscW,Rated Bullet game,Bullet,60+0,itayor,Xelnag,2309,2156,,,HUMAN_vs_HUMAN,0-1,B02,82
8YCCbeZc,Rated Bullet game,Bullet,60+0,chillbeats,alexchess_lv,2591,2430,,,HUMAN_vs_HUMAN,1-0,A04,127
HBwCik3u,Rated Bullet game,Bullet,60+0,Rodelio,INDOMABLEGILLES,1722,1707,,,HUMAN_vs_HUMAN,1-0,C20,61
YgPRyLhI,Rated Bullet game,Bullet,60+0,Joko10,Profe_Rodrigo_Chess,1903,1919,,,HUMAN_vs_HUMAN,1-0,B01,97
TdW3M6HR,Rated Bullet game,Bullet,60+0,AlaliSalim,kolanilates,1028,1017,,,HUMAN_vs_HUMAN,1-0,C41,15
uGcARszc,Rated Bullet game,Bullet,60+0,sniper2A500,geniusiyke,2145,2107,,,HUMAN_vs_HUMAN,1/2-1/2,D06,117
Cg9ob6jB,Rated Bullet game,Bullet,60+0,TheosWells,gamalo,994,980,,,HUMAN_vs_HUMAN,0-1,B40,70
Wc4TYgSA,Rated Bullet game,Bullet,60+0,borbala,flamintino,2248,2213,,,HUMAN_vs_HUMAN,1-0,A46,87
J7YWsgLu,Rated Bullet game,Bullet,60+0,JAMPIER,fh52,1282,1244,,,HUMAN_vs_HUMAN,0-1,A40,54
2ttZGcJm,Rated Bullet game,Bullet,60+0,ThanhBinh052,andrescaballero34,2395,2330,,,HUMAN_vs_HUMAN,1-0,D13,67
e7J1BWlR,Rated Bullet game,Bullet,60+0,Chomuszka,amateur90,2610,2717,,,HUMAN_vs_HUMAN,0-1,A52,62
dw9YTXUJ,Rated Bullet game,Bullet,60+0,kinski13,mesavur,1503,1447,,,HUMAN_vs_HUMAN,0-1,A00,66
Tte8xVfi,Rated Rapid game,Rapid,600+0,Sableone,gigabyte89,2008,2073,,,HUMAN_vs_HUMAN,1-0,D00,69
w6CSa5lz,Rated Rapid game,Rapid,600+0,aqil21,marcosdm,1888,1872,,,HUMAN_vs_HUMAN,1-0,A07,94
NG7dxwTO,Rated Rapid game,Rapid,600+0,godslayer_anon,PABLODT,1480,1456,,,HUMAN_vs_HUMAN,1-0,D20,61
v9oUYRXi,Rated Rapid game,Rapid,600+0,LionSummer,Sommerblume,1064,997,,,HUMAN_vs_HUMAN,1-0,B01,129
zQxK4zhn,Rated Rapid game,Rapid,600+0,iipain,alaedin6,1819,1833,,,HUMAN_vs_HUMAN,1-0,A45,67
rCVPNf48,Rated Rapid game,Rapid,600+0,Franciscano,BalikoevSD,2102,2185,,,HUMAN_vs_HUMAN,1-0,C77,125
ynOmJM2g,Rated Rapid game,Rapid,600+0,AmericanPharoah,Qqqqqqqqqqqqop,1923,1981,,,HUMAN_vs_HUMAN,0-1,B12,75
OfCNNOHY,Rated Rapid game,Rapid,600+0,SitiNPC,Lordome,1066,1148,,,HUMAN_vs_HUMAN,0-1,B00,76
LqcQNJx1,Rated Rapid game,Rapid,600+0,maycreek,tamer71,1228,1182,,,HUMAN_vs_HUMAN,0-1,C42,30
jteCg6QT,Rated Blitz game,Blitz,300+0,Elnina,Navalniy,1961,1946,,,HUMAN_vs_HUMAN,1-0,B13,61
ocZN9B64,Rated Bullet game,Bullet,30+0,Azice,HejDu,2092,2102,,,HUMAN_vs_HUMAN,1-0,A02,95
xiXwas3w,Rated Bullet game,Bullet,60+0,husneguldemirci,TheRutter,1748,1755,,,HUMAN_vs_HUMAN,1-0,B00,39
gPCc2afT,Rated Blitz game,Blitz,180+2,khalil50,Rachid_Lahlou,2283,2248,,,HUMAN_vs_HUMAN,1-0,B00,43
mo5YSs8y,Rated Blitz game,Blitz,180+2,Ellemen,Wiso1999,952,938,,,HUMAN_vs_HUMAN,0-1,C55,60
Pgk68PwT,Rated Blitz tournament https://lichess.org/tournament/g50G9ffx,Blitz,180+0,TS8945,mohamedelkhataby,1928,1944,,,HUMAN_vs_HUMAN,1-0,C47,59
ZJDMb0r2,Rated Blitz tournament https://lichess.org/tournament/g50G9ffx,Blitz,180+0,IGorHR,soufiane1212,1819,1910,,,HUMAN_vs_HUMAN,1-0,A40,1
kn7bhJRS,Rated Blitz tournament https://lichess.org/tournament/g50G9ffx,Blitz,180+0,Yaser-20019,BOJHO,1671,1664,,,HUMAN_vs_HUMAN,1-0,B08,31
GJtf3Anw,Rated Blitz tournament https://lichess.org/tournament/g50G9ffx,Blitz,180+0,SirMupfu,Ranatanata_Azuzia,1752,1809,,,HUMAN_vs_HUMAN,1-0,B01,117
d9TBbQBB,Rated Blitz tournament https://lichess.org/tournament/g50G9ffx,Blitz,180+0,simblox,drunkwhisky,1447,1648,,,HUMAN_vs_HUMAN,1-0,B01,47
i5QQ3RKv,Rated Blitz tournament https://lichess.org/tournament/g50G9ffx,Blitz,180+0,sdgarcia6,son_19,1695,1714,,,HUMAN_vs_HUMAN,1-0,D02,65
1IQOtUyR,Rated Blitz tournament https://lichess.org/tournament/g50G9ffx,Blitz,180+0,Gindle24,BERGARA,826,1354,,,HUMAN_vs_HUMAN,0-1,A40,42
Wwbpu0Wc,Rated Blitz game,Blitz,180+0,Huberts36,juanjo_003989,2060,2190,,,HUMAN_vs_HUMAN,0-1,B00,76
4bwE4kAl,Rated Blitz game,Blitz,300+0,MetallixNinja,TJKrais,1680,1643,,,HUMAN_vs_HUMAN,0-1,A45,78
vVy6TxxW,Rated Blitz game,Blitz,180+0,abitosandz,MBEMz_LCKB,1870,1975,,,HUMAN_vs_HUMAN,0-1,A00,98
dflGh5rW,Rated Blitz game,Blitz,180+0,jbethe200,Eka_Silatama,1785,1854,,,HUMAN_vs_HUMAN,1-0,A43,5
aWIejRFq,Rated Blitz game,Blitz,180+0,lederman,Revakirill,2437,2474,,,HUMAN_vs_HUMAN,0-1,B03,56
E3Ls8ycF,Rated Blitz game,Blitz,180+0,Alpha081,magdalena_moerwald,2023,2057,,,HUMAN_vs_HUMAN,0-1,A41,54
E6VQ1fMV,Rated Blitz game,Blitz,180+0,sametgurcann,barisyaman1,1109,1125,,,HUMAN_vs_HUMAN,1-0,C46,59
6YOERkdu,Rated Blitz game,Blitz,180+0,asap00,Jokkegofot,1477,1529,,,HUMAN_vs_HUMAN,1-0,C00,62
W53awqXb,Rated Blitz game,Blitz,180+0,Gallium123,Euro96,2136,2098,,,HUMAN_vs_HUMAN,0-1,D00,36
TyQIjeYt,Rated Blitz game,Blitz,180+0,TageNa,valdointhesky,1118,1113,,,HUMAN_vs_HUMAN,0-1,C41,52
O63MYhEF,Rated Blitz game,Blitz,180+0,Pavel_Yakushev,Liboztrowsky,1575,1600,,,HUMAN_vs_HUMAN,1/2-1/2,C62,146
rrV9n5BT,Rated Blitz game,Blitz,180+0,Smoothmov65,SidaoMoura,1898,1950,,,HUMAN_vs_HUMAN,0-1,B01,106
T9ZftXAh,Rated Blitz game,Blitz,180+0,AmarelaoAcre,aurelioaugusto1,2002,1985,,,HUMAN_vs_HUMAN,0-1,B30,72
vI626epL,Rated Blitz game,Blitz,180+0,hiitsanson9,bad-brains,1720,1742,,,HUMAN_vs_HUMAN,1-0,B02,89
vE2RU4lF,Rated Blitz game,Blitz,180+0,level1puzzle,SafariAl,1623,1683,,,HUMAN_vs_HUMAN,1-0,D53,61
fGRjPwH6,Rated Blitz game,Blitz,180+0,midasthecat,emersoncito,1154,1239,,,HUMAN_vs_HUMAN,1-0,C00,43
zv74PcFW,Rated Blitz game,Blitz,180+0,Kogui,ffdshow,1752,1751,,,HUMAN_vs_HUMAN,0-1,A45,58
ljRGv9vK,Rated Blitz game,Blitz,300+0,B_Darawshi,AlfilVengador,1882,1822,,,HUMAN_vs_HUMAN,0-1,A40,72
1yUpJHlD,Rated Rapid game,Rapid,600+0,vertebrado,jas-jeet,1203,1209,,,HUMAN_vs_HUMAN,1-0,C00,69
sZB4x2Ig,Rated Blitz game,Blitz,360+2,vlad247710,saeidkarimi2001,1595,1614,,,HUMAN_vs_HUMAN,1-0,C02,121
4turwhqw,Rated Bullet game,Bullet,60+0,moisesdog,prince_vingador,2116,2138,,,HUMAN_vs_HUMAN,1-0,B27,63
XCUSLvPj,Rated Bullet game,Bullet,60+0,sylowm,ICXM,1795,1786,,,HUMAN_vs_HUMAN,1-0,A00,43
katpwMaO,Rated Bullet game,Bullet,60+0,TunisianMachine,kingslaver,2250,2181,,,HUMAN_vs_HUMAN,0-1,B01,38
nwDo8X17,Rated Bullet game,Bullet,60+0,Lioncrestblue,javascript123,1109,1171,,,HUMAN_vs_HUMAN,1-0,A00,47
xpgDEjHL,Rated Bullet game,Bullet,60+0,ShrekE4E5,hassanissa,1505,1494,,,HUMAN_vs_HUMAN,0-1,A22,54
dXtWvERD,Rated Bullet game,Bullet,60+0,aseelabuzeineh,Jean2001,1429,1437,,,HUMAN_vs_HUMAN,0-1,C62,48
G9Xq89us,Rated Bullet game,Bullet,60+0,PabloL0,armintn,1770,1719,,,HUMAN_vs_HUMAN,1-0,C02,33
nTAnvHtt,Rated Bullet game,Bullet,60+0,flyintoe,Halesam,1712,1681,,,HUMAN_vs_HUMAN,0-1,B12,74
GDMhTUU4,Rated Bullet game,Bullet,60+0,TickTock-TickTock,imperya,1226,1226,,,HUMAN_vs_HUMAN,0-1,C00,48
kQtAorF9,Rated Bullet game,Bullet,60+0,Ban97,HawkInFFX,942,994,,,HUMAN_vs_HUMAN,0-1,A00,50
ieUYSV4E,Rated Bullet game,Bullet,60+0,sfa22,gallags,1186,1200,,,HUMAN_vs_HUMAN,1-0,C50,53
mdIFC78n,Rated Bullet game,Bullet,60+0,Rabieid,TrafLgarLaw,1173,1175,,,HUMAN_vs_HUMAN,0-1,A00,40
NsTnfTt8,Rated Bullet game,Bullet,120+1,Morristk,aifidelio,1349,1343,,,HUMAN_vs_HUMAN,1-0,D00,45
WtB5NFBl,Rated Rapid game,Rapid,600+3,LJW2004,Mr_Bojangles7,1102,1084,,,HUMAN_vs_HUMAN,0-1,C00,46
d81dXlu4,Rated Blitz game,Blitz,300+0,Brumoso,Nikola994,1797,1820,,,HUMAN_vs_HUMAN,1-0,C62,81
WladBzfI,Rated Blitz tournament https://lichess.org/tournament/Sa9Zt4qZ,Blitz,180+2,Alejandrogc15,Funny_FrenchItalian,1926,2199,,,HUMAN_vs_HUMAN,1-0,C19,69
KIMmtASV,Rated Blitz tournament https://lichess.org/tournament/Sa9Zt4qZ,Blitz,180+2,Toohsaka,Mariana_Marin,1529,1372,,,HUMAN_vs_HUMAN,0-1,B78,61
hB41LNqt,Rated Bullet game,Bullet,60+0,Alexey_Ustinov,Orphan_Pokemon,2559,2455,FM,,HUMAN_vs_HUMAN,1-0,A48,57
4NfyTHur,Rated Bullet tournament https://lichess.org/tournament/lK7geQaX,Bullet,60+0,cs_suarezz,kskdkskxkdke,2096,1931,,,HUMAN_vs_HUMAN,0-1,B01,140
b7gprR6g,Rated Bullet tournament https://lichess.org/tournament/S3oPB1GH,Bullet,60+0,HectorSanttander,Pant4355,1425,1812,,,HUMAN_vs_HUMAN,0-1,A45,140
2iPopg33,Rated Bullet game,Bullet,120+1,Vladimir_UFO,elmarbaku,1663,1649,,,HUMAN_vs_HUMAN,0-1,B01,38
OxeL1yBy,Rated Bullet game,Bullet,120+1,v1gilbert,TheWeirdAntivist,1476,1538,,,HUMAN_vs_HUMAN,1-0,A40,49
Q6u0KD0Q,Rated Bullet game,Bullet,120+1,nayob1967,HernanSmyslov,1913,1857,,,HUMAN_vs_HUMAN,1-0,A45,57
YHQHiQBx,Rated Bullet game,Bullet,120+1,DJShayKapone,BK3,1606,1594,,,HUMAN_vs_HUMAN,1-0,B21,77
6jIeBQZy,Rated Bullet game,Bullet,120+1,HiromasaSaito,Ykarov,1949,1897,,,HUMAN_vs_HUMAN,1/2-1/2,B15,68
vD9kuQqB,Rated Bullet game,Bullet,120+1,MOHTD32DZ,fortodo,1245,1234,,,HUMAN_vs_HUMAN,1-0,B10,61
lEl0yV36,Rated Bullet game,Bullet,120+1,alireza44,StormyNight,2004,2107,,,HUMAN_vs_HUMAN,0-1,D85,78
N007orDm,Rated Bullet game,Bullet,120+1,Listening1,Mondobongo,1447,1432,,,HUMAN_vs_HUMAN,0-1,B50,60
4uK7YrX9,Rated Bullet game,Bullet,120+1,theironeee,Jpcoronel,1143,1224,,,HUMAN_vs_HUMAN,0-1,C01,36
P7zAs4DB,Rated Bullet game,Bullet,120+1,patzer19615,drenesbasak02,1705,1668,,,HUMAN_vs_HUMAN,1-0,C50,35
MMl1gsOD,Rated Bullet game,Bullet,120+1,Louiville,RodolfoPR,1856,1854,,,HUMAN_vs_HUMAN,0-1,D15,88
trpK2co4,Rated Bullet game,Bullet,120+1,Kujo10,Ahmedashraf92,1624,1618,,,HUMAN_vs_HUMAN,1-0,A02,61
CyWVtoJw,Rated Bullet game,Bullet,120+1,CLI1ENT,TheDesolated,1309,1278,,,HUMAN_vs_HUMAN,0-1,C89,48
FIX6x0cZ,Rated Bullet game,Bullet,120+1,Jacques_P,rumithegod,1571,1539,,,HUMAN_vs_HUMAN,0-1,B22,18
iMnsBrlk,Rated Blitz game,Blitz,180+0,horbamneckar,characterdevelopment,1858,1898,,,HUMAN_vs_HUMAN,1-0,A41,85
uy0YpDo6,Rated Blitz game,Blitz,300+2,jesusdaniel,Apwout,973,912,,,HUMAN_vs_HUMAN,0-1,C45,22
cnUjisIC,Rated Rapid game,Rapid,900+10,bster,kn600,1078,1163,,,HUMAN_vs_HUMAN,0-1,C20,12
hNMly0jh,Rated Rapid game,Rapid,900+10,daddy84,Rapitchai,1855,1822,,,HUMAN_vs_HUMAN,0-1,A40,42
JEx0hm0R,Rated Rapid game,Rapid,900+10,norflex500mg,Deyan73,1518,1581,,,HUMAN_vs_HUMAN,0-1,D00,50
G1ckYtGj,Rated Rapid game,Rapid,900+10,Bijan100,melville21,1996,2001,,,HUMAN_vs_HUMAN,0-1,B50,96
fVFg0W4n,Rated Rapid game,Rapid,900+10,mlmlml1,humbertoceballo23,1382,1333,,,HUMAN_vs_HUMAN,0-1,D08,40
Z2LHsSYV,Rated UltraBullet game,UltraBullet,15+0,BrutalBishop31,ChesseyBeast,2056,1986,,,HUMAN_vs_HUMAN,0-1,A00,86
06HL65Fn,Rated Bullet game,Bullet,60+0,MasonCrosby,DmitriyDavydchenko,2069,2127,,,HUMAN_vs_HUMAN,1-0,A02,37
Cmy6jJSF,Rated Bullet game,Bullet,60+0,itachiamaterasu13,balkanflitzer,1854,1864,,,HUMAN_vs_HUMAN,0-1,D00,66
K5bM5eo3,Rated Bullet game,Bullet,60+0,FEDOR55,M0N70Y4,2187,2232,,,HUMAN_vs_HUMAN,1-0,C00,59
d5ocOW9X,Rated Bullet game,Bullet,60+0,peaozito,SK_9,1554,1509,,,HUMAN_vs_HUMAN,1-0,A84,43
LQunYq1L,Rated Bullet game,Bullet,60+0,javc44,Yapsososorry,2238,2192,,,HUMAN_vs_HUMAN,0-1,B00,94
paguPFmp,Rated Bullet game,Bullet,60+0,Panno1954,Sintetic0,1106,980,,,HUMAN_vs_HUMAN,1-0,C45,37
sbtF7vLT,Rated Bullet game,Bullet,60+0,Z1gor,Mehran13mome,1352,1365,,,HUMAN_vs_HUMAN,0-1,A40,20
c6Bcute9,Rated Bullet game,Bullet,60+0,Mrpyar,CasualChessPlayer07,1686,1735,,,HUMAN_vs_HUMAN,0-1,A00,66
Kpv09MR3,Rated Bullet game,Bullet,60+0,NotokeMimoto,Polonium10,1573,1632,,,HUMAN_vs_HUMAN,1-0,A43,53
yhYxcFvq,Rated Bullet game,Bullet,60+0,Vicmary2005,XJle6_Ha_Cylllu,2257,2287,WFM,,HUMAN_vs_HUMAN,1-0,B01,57
YOTm4SPF,Rated Bullet game,Bullet,60+0,red_wolf2017,KAIGANxyz88,1108,1166,,,HUMAN_vs_HUMAN,0-1,B10,56
yIkd23Vr,Rated Bullet game,Bullet,60+0,jellis23,MaxiTupac,1667,1664,,,HUMAN_vs_HUMAN,1-0,A60,73
uzVlnBuN,Rated Bullet game,Bullet,60+0,tesla_24,diazriverajesus,1778,1768,,,HUMAN_vs_HUMAN,1/2-1/2,C25,118
KDCK24y6,Rated Bullet game,Bullet,60+0,Matheo-L,HasanAwata,2066,2018,,,HUMAN_vs_HUMAN,1-0,B40,53
7uz4l6tq,Rated Bullet game,Bullet,60+0,MMG1969,dachessdada,1404,1502,,,HUMAN_vs_HUMAN,1-0,C60,55
a9TQ55zB,Rated Bullet game,Bullet,30+2,EgorEgorS,kerk13,1441,1419,,,HUMAN_vs_HUMAN,0-1,A00,72
wrwG21F4,Rated Bullet game,Bullet,60+0,HungryW,Uralinho,1661,1671,,,HUMAN_vs_HUMAN,1-0,C30,71
oGudTtFj,Rated Blitz game,Blitz,300+0,SotaKazama,Zeroooooo999,1761,1750,,,HUMAN_vs_HUMAN,1-0,A40,81
mAHMIiaZ,Rated Blitz game,Blitz,300+0,MichaelFranco,tylerroberts,1030,1053,,,HUMAN_vs_HUMAN,0-1,A41,34
gDeQLlEi,Rated Blitz game,Blitz,300+0,zabdi_360,torrefacto,1251,1268,,,HUMAN_vs_HUMAN,0-1,C34,20
pc0ToV5Q,Rated Blitz game,Blitz,300+0,HikaruSjakksvik,Sevindik507,1503,1479,,,HUMAN_vs_HUMAN,1-0,D31,53
4wOEPRev,Rated Blitz game,Blitz,300+0,PlRATA,ggggg58,1193,1323,,,HUMAN_vs_HUMAN,0-1,C44,68
XWFWgXky,Rated Blitz game,Blitz,300+0,Nikolai4747,carlosalfonso,1615,1602,,,HUMAN_vs_HUMAN,1-0,A51,47
nH3KyC4t,Rated Blitz game,Blitz,300+0,Branquedthym,Hasolucoescriativas,1821,1783,,,HUMAN_vs_HUMAN,1-0,B00,63
svi6WY5c,Rated Blitz game,Blitz,300+0,Anandino,franciscobunt,1935,1924,,,HUMAN_vs_HUMAN,1/2-1/2,B15,70
8dLvPdvo,Rated Blitz game,Blitz,300+0,goldmodo,Blaree,1366,1381,,,HUMAN_vs_HUMAN,1-0,C25,39
6M2bFAJv,Rated Blitz game,Blitz,300+0,TJFerg17,hinoska,892,913,,,HUMAN_vs_HUMAN,0-1,C42,48
d9V8LC6v,Rated Blitz tournament https://lichess.org/tournament/g50G9ffx,Blitz,180+0,gutooliver,PawnMau,1743,1743,,,HUMAN_vs_HUMAN,1-0,B00,53
pfUqVYwY,Rated Blitz tournament https://lichess.org/tournament/g50G9ffx,Blitz,180+0,JoseRonaldo2003,MagooLips,1739,1740,,,HUMAN_vs_HUMAN,1-0,B13,75
nnfEtgLM,Rated Blitz tournament https://lichess.org/tournament/g50G9ffx,Blitz,180+0,Lukasz_123,Ali-Deha-Guven,1731,1738,,,HUMAN_vs_HUMAN,1-0,B23,41
SiPILFgV,Rated Blitz tournament https://lichess.org/tournament/g50G9ffx,Blitz,180+0,abdulwahabbanihasbi,khalil-D7,1715,1724,,,HUMAN_vs_HUMAN,1-0,C20,21
Gm0C4x5f,Rated Blitz tournament https://lichess.org/tournament/g50G9ffx,Blitz,180+0,earagon,KragulecDashachess,1535,1505,,,HUMAN_vs_HUMAN,1-0,A01,85
uckPTCJX,Rated Blitz tournament https://lichess.org/tournament/g50G9ffx,Blitz,180+0,lazio_47_jr,LordMikko,1660,1673,,,HUMAN_vs_HUMAN,0-1,B10,148
w2INhoGy,Rated Blitz tournament https://lichess.org/tournament/g50G9ffx,Blitz,180+0,evgeniy_p78,slava_ukraine_slava,1714,1706,,,HUMAN_vs_HUMAN,1-0,D00,31
22RXbtx3,Rated Blitz tournament https://lichess.org/tournament/g50G9ffx,Blitz,180+0,JoManuel,sedyshev,1644,1622,,,HUMAN_vs_HUMAN,0-1,B21,102
5r18tJR4,Rated Blitz tournament https://lichess.org/tournament/g50G9ffx,Blitz,180+0,sugar2244,drumsetter,1487,1460,,,HUMAN_vs_HUMAN,0-1,B10,86
BUNBjyvd,Rated Blitz tournament https://lichess.org/tournament/g50G9ffx,Blitz,180+0,PauloDemolidor,Rashadquliyev,1414,1240,,,HUMAN_vs_HUMAN,1-0,C55,113
HeGo7PvP,Rated Blitz tournament https://lichess.org/tournament/g50G9ffx,Blitz,180+0,Riadozitch,M7modS3d,1206,1209,,,HUMAN_vs_HUMAN,1-0,D37,85
aj0hBQpB,Rated Blitz tournament https://lichess.org/tournament/g50G9ffx,Blitz,180+0,Patsai_Fedor,Ch3zzGod,947,1188,,,HUMAN_vs_HUMAN,1-0,A00,23
dNYcH1Hr,Rated Bullet game,Bullet,30+0,papayka,acemi23,2336,2310,,,HUMAN_vs_HUMAN,1/2-1/2,A01,107
baRnNU8e,Rated Bullet game,Bullet,120+0,Leninvillarroel,glovio,1380,1661,,,HUMAN_vs_HUMAN,0-1,B10,70
c9Z34IDE,Rated Blitz game,Blitz,180+0,ProfPopoff,BruceWayne18,1630,1627,,,HUMAN_vs_HUMAN,0-1,C24,50
fiGXHut3,Rated Blitz game,Blitz,300+0,JADesmarais,aydinkurde,1264,1272,,,HUMAN_vs_HUMAN,1-0,D00,51
snGI3UKQ,Rated Blitz game,Blitz,300+0,Carlitoseltemerario,ser4fim,1512,1402,,,HUMAN_vs_HUMAN,1-0,A04,81
9Ja9IJ9C,Rated Blitz game,Blitz,300+0,shva,otsike,1838,1851,,,HUMAN_vs_HUMAN,1-0,A35,37
WVRdd26n,Rated Blitz game,Blitz,300+0,serggas,Nsetiadi,1663,2266,,,HUMAN_vs_HUMAN,0-1,A02,66
8Y7dBuyj,Rated Blitz game,Blitz,300+0,LastPlaceRookie,roccya5,1098,1184,,,HUMAN_vs_HUMAN,1-0,C28,67
9V8EN5iA,Rated Blitz game,Blitz,300+0,suknev,ArsenZver,1525,1564,,,HUMAN_vs_HUMAN,1-0,B00,59
Z6ylGvHn,Rated Blitz game,Blitz,300+0,crespino77,zx_001,1240,1218,,,HUMAN_vs_HUMAN,1-0,A40,61
VmYST7Tx,Rated Blitz game,Blitz,300+0,misa29,baunbaun,1405,1396,,,HUMAN_vs_HUMAN,0-1,D02,26
UJ99RzqK,Rated Blitz game,Blitz,300+0,Czechmate46,Goroiv,1366,1354,,,HUMAN_vs_HUMAN,0-1,B00,52
k9qqrPJD,Rated Blitz game,Blitz,300+0,kleo1406,Jmgaby,1792,1721,,,HUMAN_vs_HUMAN,1-0,C30,61
11Y0viko,Rated Blitz game,Blitz,300+0,Dellizium,ismet2323,1697,1697,,,HUMAN_vs_HUMAN,0-1,C30,88
zyKtAcAY,Rated Blitz game,Blitz,300+0,kulackoffvaler,Banno,1001,1083,,,HUMAN_vs_HUMAN,1-0,B50,47
65wPE1Pc,Rated Blitz game,Blitz,300+0,fernand1234,mmayckon,1626,1672,,,HUMAN_vs_HUMAN,1-0,A00,119
zp2cAnpw,Rated Blitz game,Blitz,300+0,AureliusMarcus,Cabradapeste,1716,1716,,,HUMAN_vs_HUMAN,0-1,C43,82
K7VVtfeC,Rated Blitz game,Blitz,300+0,sherifalmutairy,cartcurt78,1975,1972,,,HUMAN_vs_HUMAN,1-0,A51,97
LpJIMi4W,Rated Blitz game,Blitz,300+0,Alaa10011,colpaccio,1604,1619,,,HUMAN_vs_HUMAN,0-1,A25,84
mezPkEJV,Rated Bullet game,Bullet,30+0,sergineto,tiago2119,2002,2302,,,HUMAN_vs_HUMAN,0-1,B00,38
yj7EKisI,Rated Rapid game,Rapid,840+0,MrWigg,machwatt,1266,1152,,,HUMAN_vs_HUMAN,0-1,C23,50
FDd2wagL,Rated Blitz game,Blitz,180+0,Husain211,Marrss,1471,1483,,,HUMAN_vs_HUMAN,0-1,C41,56
G6u0J3Ht,Rated Rapid game,Rapid,900+10,murikka,Olliweli,1424,1326,,,HUMAN_vs_HUMAN,1-0,C23,21
tsQN91zm,Rated Rapid game,Rapid,900+10,hugofirst,sabbracadabra11,1826,1843,,,HUMAN_vs_HUMAN,0-1,D04,94
dDHrrtfU,Rated Rapid game,Rapid,900+10,Nmchess12,BaLtOs,1483,1463,,,HUMAN_vs_HUMAN,1-0,C40,56
CeULhU0W,Rated Bullet game,Bullet,60+0,uluthrek713,godshiva,1779,1732,,,HUMAN_vs_HUMAN,0-1,D20,40
UTpagEKM,Rated Bullet game,Bullet,60+0,Carmelovell,ATryhardChessPlayer,2184,2142,,,HUMAN_vs_HUMAN,1/2-1/2,E91,112
GtPEEkeK,Rated Bullet game,Bullet,60+0,EmberDev,OSGOT,2072,2133,,,HUMAN_vs_HUMAN,0-1,A40,76
0K2QOk7B,Rated Bullet game,Bullet,60+0,rungekutta10,Pepino31,1981,2003,,,HUMAN_vs_HUMAN,1-0,A40,115
aoZj3Tmh,Rated Bullet game,Bullet,60+0,samchesstion,LoganCale,1816,1819,,,HUMAN_vs_HUMAN,1-0,A10,93
eQsfpiRz,Rated Bullet game,Bullet,60+0,bohabich,extrainstinct,1573,1565,,,HUMAN_vs_HUMAN,0-1,A50,54
w62iWXJ6,Rated Bullet game,Bullet,60+0,stan_97,Gerwaziusz,1943,1942,,,HUMAN_vs_HUMAN,0-1,A40,50
lsxRTLZm,Rated Bullet game,Bullet,60+0,tonyclifton,HarshvirJ,2026,2051,,,HUMAN_vs_HUMAN,1-0,A00,87
B1xc623u,Rated Bullet game,Bullet,60+0,Marcthon,pocu,1473,1476,,,HUMAN_vs_HUMAN,1-0,C25,51
eCmU9VQK,Rated Bullet game,Bullet,60+0,Puspitadewi,sockdolager47,1808,1783,,,HUMAN_vs_HUMAN,0-1,B23,80
9ZT20M7U,Rated Bullet game,Bullet,60+0,CAMBIADOR72,knarz,2279,2248,,,HUMAN_vs_HUMAN,1-0,B06,57
30Ows3c0,Rated Bullet game,Bullet,60+0,oogiinoo,chessjl3,1898,1891,,,HUMAN_vs_HUMAN,1-0,B01,67
VdDPkvaR,Rated Bullet game,Bullet,60+0,rahul1_k,Miguelosky_Pro,2487,2525,,,HUMAN_vs_HUMAN,1-0,A43,91
AylqjFSL,Rated Bullet game,Bullet,60+0,B71358718LEONARDO,Emrah9606,1187,1172,,,HUMAN_vs_HUMAN,1-0,C00,53
HGNnP5H7,Rated Blitz tournament https://lichess.org/tournament/zsVl5oqJ,Blitz,180+0,bathobilesithole,Kluva_matic,2042,2201,,,HUMAN_vs_HUMAN,1/2-1/2,A07,116
WWsDTx8x,Rated Blitz tournament https://lichess.org/tournament/zsVl5oqJ,Blitz,180+0,Akomaka,Futuremfana01,2035,1945,,,HUMAN_vs_HUMAN,1-0,B10,61
J3TDo11E,Rated Blitz tournament https://lichess.org/tournament/zsVl5oqJ,Blitz,180+0,II-GEAR,Pulanala,1839,1398,,,HUMAN_vs_HUMAN,0-1,B01,90
jwR3DC6B,Rated Bullet tournament https://lichess.org/tournament/BrK0zZ17,Bullet,30+0,koyot87,zugzwang911,2205,2286,,,HUMAN_vs_HUMAN,1-0,B12,69
kROWZjOy,Rated Bullet tournament https://lichess.org/tournament/BrK0zZ17,Bullet,30+0,superboy16,MrQuote24,2138,2163,,,HUMAN_vs_HUMAN,0-1,A00,76
zqI2X4UD,Rated Bullet tournament https://lichess.org/tournament/BrK0zZ17,Bullet,30+0,Chuckisawesome,Bibleuniversecom,2037,2057,,,HUMAN_vs_HUMAN,0-1,B20,114
EGWD17qX,Rated Bullet tournament https://lichess.org/tournament/BrK0zZ17,Bullet,30+0,loathableyetlovable,cristiann34,1773,1984,,,HUMAN_vs_HUMAN,0-1,C26,80
gTI8oFY0,Rated Bullet tournament https://lichess.org/tournament/BrK0zZ17,Bullet,30+0,senohe,KarKasov777,1484,1693,,,HUMAN_vs_HUMAN,1-0,E24,61
X3TzwEOi,Rated Bullet tournament https://lichess.org/tournament/BrK0zZ17,Bullet,30+0,EleanorRigby2,KansePranav,1286,1335,,,HUMAN_vs_HUMAN,0-1,A41,32
U2nzfTl1,Rated Rapid tournament https://lichess.org/tournament/sWwv0erL,Rapid,600+0,INFLAMABLE777,tokbali,1431,1438,,,HUMAN_vs_HUMAN,0-1,D04,60
VVgDZpHu,Rated Rapid tournament https://lichess.org/tournament/sWwv0erL,Rapid,600+0,laurent971,tonweliton,1326,1355,,,HUMAN_vs_HUMAN,1-0,C00,89
dmHKN6LL,Rated Rapid tournament https://lichess.org/tournament/sWwv0erL,Rapid,600+0,sandui,ssundee1234i2,1413,1425,,,HUMAN_vs_HUMAN,0-1,D00,106
TcrZWS4h,Rated Rapid tournament https://lichess.org/tournament/sWwv0erL,Rapid,600+0,tomasakd,MarioPortocarrero,1492,1492,,,HUMAN_vs_HUMAN,0-1,B90,58
Z7H2eXuC,Rated Blitz game,Blitz,300+0,sofia666666,Nalbo,1759,1756,,,HUMAN_vs_HUMAN,0-1,C35,74
AchHpu8I,Rated Blitz game,Blitz,300+0,MagoValdivia_10,Ditch58,1754,1730,,,HUMAN_vs_HUMAN,0-1,B20,98
RKpYV9iJ,Rated Blitz game,Blitz,300+0,cloudms,mehrdad_gh,2178,2165,,,HUMAN_vs_HUMAN,1-0,C50,99
M4mDMsNc,Rated Blitz game,Blitz,300+0,harrypferd,mados,1883,1826,,,HUMAN_vs_HUMAN,0-1,E61,58
kinq96rW,Rated Blitz game,Blitz,300+0,Emryldrm223,hhyyuuuuu,1402,2233,,,HUMAN_vs_HUMAN,0-1,C50,30
yMg2D4NE,Rated Blitz game,Blitz,300+0,udaktarix,supertvelo,1540,1592,,,HUMAN_vs_HUMAN,0-1,A40,27
cDwACFps,Rated Blitz game,Blitz,300+0,hmeed,lyon65,1623,1623,,,HUMAN_vs_HUMAN,0-1,B06,106
BbqWsgHy,Rated Blitz game,Blitz,300+0,d6goz,olehhanchin,1436,1394,,,HUMAN_vs_HUMAN,0-1,B01,62
lxD52U0D,Rated Blitz game,Blitz,300+0,Maraby17,zydecozapatista377,1712,1500,,,HUMAN_vs_HUMAN,1-0,A40,63
jXP6NREs,Rated Blitz game,Blitz,300+0,reichoelschaich,Cucarachovf,2109,2158,,,HUMAN_vs_HUMAN,1-0,C00,37
jcoWraZI,Rated Blitz game,Blitz,300+0,takeasleep,quinnjerman,983,940,,,HUMAN_vs_HUMAN,1-0,C00,61
aFo16guh,Rated Blitz game,Blitz,300+0,hajderborca,samisaiti50,2074,1942,,,HUMAN_vs_HUMAN,0-1,C41,64
EwnOhwXJ,Rated Blitz game,Blitz,300+0,doop_hoob,dcec,1864,1782,,,HUMAN_vs_HUMAN,1-0,B03,73
XqbJRrCq,Rated Blitz game,Blitz,300+0,GiftJ,talkpositive,1210,1218,,,HUMAN_vs_HUMAN,1-0,C50,89
wkcgvEZe,Rated Blitz game,Blitz,300+0,satya001,chess101xxxxx,1525,1521,,,HUMAN_vs_HUMAN,0-1,B00,60
cc26bc07,Rated Bullet game,Bullet,60+0,locus007,muha1000,1825,1924,,,HUMAN_vs_HUMAN,1-0,B00,97
zT9vMakS,Rated Bullet game,Bullet,60+0,Mantiz100,psy100,1553,1595,,,HUMAN_vs_HUMAN,0-1,A41,54
RDTSMAmt,Rated Bullet game,Bullet,60+0,KEMO019,Nerteros,1522,1419,,,HUMAN_vs_HUMAN,1-0,B12,79
YFhr2GKa,Rated Bullet game,Bullet,60+0,MartinLutherK,j_k0160,1398,1389,,,HUMAN_vs_HUMAN,0-1,C24,60
96vpnx6j,Rated Bullet game,Bullet,60+0,Hartur224,inner_join,2361,2347,,,HUMAN_vs_HUMAN,0-1,C11,72
uZ37Xrra,Rated Bullet game,Bullet,60+0,astroboyosilic,shabalin_shabalin,2024,2005,,,HUMAN_vs_HUMAN,1-0,A06,65
80qiEmxh,Rated Bullet game,Bullet,60+0,playfair1,Biernot,1617,1663,,,HUMAN_vs_HUMAN,0-1,A00,76
BdoJp0W9,Rated Bullet game,Bullet,60+0,IvanMihaelPetro,wilsoncg1982,2052,2163,,,HUMAN_vs_HUMAN,0-1,A45,84
Ff15HYSe,Rated Bullet game,Bullet,60+0,AndrewParitz,jorquon,1793,1815,,,HUMAN_vs_HUMAN,1-0,B00,55
dbPkCzzx,Rated Bullet game,Bullet,60+0,JhonnyPlayReyDama,ClubJack,1959,1946,,,HUMAN_vs_HUMAN,0-1,B01,70
wgLly9Y1,Rated Bullet game,Bullet,60+0,dramkilgallen,lourenco22,1155,1149,,,HUMAN_vs_HUMAN,1-0,C42,55
17S3Md2Q,Rated Bullet game,Bullet,60+0,raynersen,Abdallah1992,1684,1682,,,HUMAN_vs_HUMAN,0-1,A40,58
5xP7uhqo,Rated Bullet game,Bullet,60+0,mechpro,GX29YTUwU,1273,1262,,,HUMAN_vs_HUMAN,0-1,A40,66
jj8OyvvT,Rated Bullet game,Bullet,60+0,berrakov12,Fran64,1887,1864,,,HUMAN_vs_HUMAN,0-1,C42,50
agJpEueO,Rated Bullet game,Bullet,60+0,RamboZ8,HaroldShipman2023,2577,2479,,,HUMAN_vs_HUMAN,0-1,B16,88
Cbzeb8jl,Rated Bullet game,Bullet,60+0,ortizne,silv35,1913,1890,,,HUMAN_vs_HUMAN,0-1,B01,120
XSiFWISe,Rated Blitz game,Blitz,180+0,zarlanga,irinipasi25,1488,1520,,,HUMAN_vs_HUMAN,1-0,C40,63
x2rcQll4,Rated Bullet game,Bullet,90+0,Mr_consulent,Gregor-Gregor,1565,2038,,,HUMAN_vs_HUMAN,0-1,C02,84
vzdaybV9,Rated Blitz game,Blitz,180+0,AlexChessovich,dogcatmouseandfeet,1743,1759,,,HUMAN_vs_HUMAN,0-1,A01,70
yfDkx0Pe,Rated Blitz game,Blitz,180+0,ALVAROLAYTON2,Ericobi25,1716,1699,,,HUMAN_vs_HUMAN,0-1,C00,66
ajehiaEI,Rated Blitz game,Blitz,180+0,msfoster88,evgfox7,1929,1959,,,HUMAN_vs_HUMAN,1-0,C77,81
aZLybWhK,Rated Blitz game,Blitz,180+0,zeiny333,R5S,1268,1375,,,HUMAN_vs_HUMAN,1/2-1/2,A00,82
lVFUknOv,Rated Blitz game,Blitz,180+0,kirsha333,Dgaleano,2036,2046,,,HUMAN_vs_HUMAN,1-0,A40,31
pfOjI4qU,Rated Blitz game,Blitz,180+0,iyuy,Arteandaluz_Nakamura,2144,2117,,,HUMAN_vs_HUMAN,0-1,B02,16
h3IX8zeR,Rated Blitz game,Blitz,180+0,PawnsTrader64,raneilla,2000,2005,,,HUMAN_vs_HUMAN,1-0,B03,81
M2H0BV4e,Rated Blitz game,Blitz,180+0,Crizelle,blerpis,1037,1131,,,HUMAN_vs_HUMAN,1-0,C20,19
G1NB4RTM,Rated Blitz game,Blitz,180+0,dragzor,Alex7371,2266,2288,,,HUMAN_vs_HUMAN,1/2-1/2,A45,129
9XssrPn1,Rated Blitz game,Blitz,180+0,velikanadgn,Fedor_M,1780,1735,,,HUMAN_vs_HUMAN,0-1,B01,62
QGuviH4j,Rated Blitz game,Blitz,180+0,frikytouna,kugzwang,1844,1821,,,HUMAN_vs_HUMAN,0-1,A43,134
pckgscRV,Rated Blitz game,Blitz,180+0,Gabriel_Seuffert,zahar_zaviriuha,2361,2267,,,HUMAN_vs_HUMAN,0-1,A15,46
I7l2Mqx2,Rated Blitz game,Blitz,180+0,felixundschach,prettymd,1428,1443,,,HUMAN_vs_HUMAN,0-1,A00,66
Fmx29W9C,Rated Blitz game,Blitz,180+0,switchdedan,suckwithoutqueen,1142,1232,,,HUMAN_vs_HUMAN,0-1,D02,62
4wCNDPXj,Rated Blitz game,Blitz,180+0,Karlesbcn71,ruholla_j,1687,1630,,,HUMAN_vs_HUMAN,0-1,D00,60
5hgRY4HL,Rated Blitz game,Blitz,180+5,villsty,MatataMaster18,1123,978,,,HUMAN_vs_HUMAN,1-0,B00,111
jCe7Ffod,Rated Blitz game,Blitz,300+0,matanant,rualangel,2231,2276,,,HUMAN_vs_HUMAN,1-0,A01,63
M3iLOIjo,Rated Bullet game,Bullet,60+0,Corre_Caminos,ganador2017,2227,2316,,,HUMAN_vs_HUMAN,1-0,A21,67
grAlYm4x,Rated UltraBullet game,UltraBullet,15+0,biqshaq,EatThemAlive,1756,1868,,,HUMAN_vs_HUMAN,0-1,A00,64
zRuzvUfL,Rated Blitz game,Blitz,180+0,Jurjenz11,ChechitoZeledon_197,1931,1786,,,HUMAN_vs_HUMAN,1-0,B01,111
UO7WALqU,Rated Bullet game,Bullet,60+0,palmerapool,libuda9,1634,1616,,,HUMAN_vs_HUMAN,1-0,A40,59
30wZihZd,Rated Bullet game,Bullet,120+1,volnik86,vrgnmr,975,966,,,HUMAN_vs_HUMAN,0-1,C65,70
ATdeTdT1,Rated Bullet game,Bullet,120+1,bozoxus,Plamen27,1595,1552,,,HUMAN_vs_HUMAN,1-0,A40,39
riOIeD3A,Rated Bullet game,Bullet,120+1,Kindonus001,xemarc1976,1297,1289,,,HUMAN_vs_HUMAN,0-1,C24,78
MZMwUEXk,Rated Bullet game,Bullet,120+1,m0nk3yk1ng,Newyorker10026,1332,1343,,,HUMAN_vs_HUMAN,0-1,A02,22
kC7LDAoC,Rated Bullet game,Bullet,120+1,ChessPufferfish,emcsweeney,1456,1393,,,HUMAN_vs_HUMAN,1-0,B30,99
SPEJXk2V,Rated Bullet game,Bullet,120+1,bioman02,bl4ckmamba,1629,1641,,,HUMAN_vs_HUMAN,0-1,B22,64
waefmJy7,Rated Bullet game,Bullet,120+1,MurphyNotMorphy,AirZim,1151,1136,,,HUMAN_vs_HUMAN,1-0,D00,69
46htzeyr,Rated Bullet game,Bullet,120+1,Jesuslovesyou1983,Prokofievian,1386,1349,,,HUMAN_vs_HUMAN,1-0,C50,89
RFjRb2h4,Rated Bullet game,Bullet,120+1,alvl65,usenturk,1534,1500,,,HUMAN_vs_HUMAN,1/2-1/2,C44,59
LxruMA5R,Rated Bullet game,Bullet,120+1,atei,kamilpat,2152,2302,,,HUMAN_vs_HUMAN,1-0,C45,71
7lpqYAxG,Rated Bullet game,Bullet,120+1,Ellita,JorgeBode,2180,2126,,,HUMAN_vs_HUMAN,1-0,B07,127
RyUpLjm8,Rated Bullet game,Bullet,120+1,Darzales,donovanski,1131,1171,,,HUMAN_vs_HUMAN,0-1,C50,58
gpzGqrh4,Rated Bullet game,Bullet,120+1,xxoxxoxxo,Chimeras,1412,1430,,,HUMAN_vs_HUMAN,1-0,B06,131
p6fwAbir,Rated Bullet game,Bullet,120+1,olimac-14,Darkbeak,1469,1476,,,HUMAN_vs_HUMAN,1/2-1/2,A48,88
yzD2zYhs,Rated Bullet game,Bullet,120+1,minchin,halieute,1679,1728,,,HUMAN_vs_HUMAN,0-1,B34,62
9wyeBxTO,Rated Bullet game,Bullet,120+1,IV23,lodHad,1183,1217,,,HUMAN_vs_HUMAN,1-0,A00,41
W0tE3SW8,Rated Bullet game,Bullet,120+1,zeldazaire,Erlandy,1825,1880,,,HUMAN_vs_HUMAN,1-0,D00,81
WKFpYw0y,Rated Bullet game,Bullet,120+1,Hezardastaan,fgayala,1642,1672,,,HUMAN_vs_HUMAN,0-1,C41,58
nIskpP2Q,Rated Bullet game,Bullet,120+1,KazimierzMarszk,auxix,1757,1729,,,HUMAN_vs_HUMAN,1-0,D45,83
Xmsclf3k,Rated Bullet game,Bullet,120+1,kgnickol85,imbaal,1605,1544,,,HUMAN_vs_HUMAN,1-0,D02,85
San5jR9k,Rated Bullet game,Bullet,60+0,harryssuperman,mvargas,2004,1966,,,HUMAN_vs_HUMAN,1-0,A00,49
dn2M4zKe,Rated Blitz game,Blitz,180+0,Luis_Chavez_M,kasparovgenoa,2193,2105,,,HUMAN_vs_HUMAN,0-1,B07,28
CTuBNCTq,Rated Blitz game,Blitz,180+0,sushant64,perceuse,2048,2099,,,HUMAN_vs_HUMAN,0-1,D00,112
1tiT8zKN,Rated Blitz game,Blitz,180+0,schacher07,jajebaltebia,1552,1546,,,HUMAN_vs_HUMAN,0-1,A10,50
oLBTLA2l,Rated Blitz game,Blitz,180+0,AlexDuvier,sssly,2188,2159,,,HUMAN_vs_HUMAN,1-0,B44,95
JRkJb0eh,Rated Blitz game,Blitz,180+0,hussainmhmd94,lxcrisis,1178,1177,,,HUMAN_vs_HUMAN,0-1,D02,46
yvpcDciZ,Rated Blitz game,Blitz,180+0,joseadolfo26,Botazzi,1869,1913,,,HUMAN_vs_HUMAN,1-0,D00,45
E2MqTL3t,Rated Blitz game,Blitz,180+0,bradominus,wall_s,1916,1923,,,HUMAN_vs_HUMAN,1-0,C45,103
SdAwI1zR,Rated Blitz game,Blitz,180+0,Caubaj,taylo2,1468,1446,,,HUMAN_vs_HUMAN,0-1,D06,39
Vc6DCHm4,Rated Blitz game,Blitz,180+0,First-Chess-Master,koryun_888,2013,1966,,,HUMAN_vs_HUMAN,0-1,A35,76
JE0AurKP,Rated Blitz game,Blitz,180+0,Pimenton,LuisEEM,1594,1615,,,HUMAN_vs_HUMAN,0-1,B30,76
XcWzXNGN,Rated Blitz game,Blitz,180+0,utiksss,KarlvonHohenstaufen,1265,1393,,,HUMAN_vs_HUMAN,0-1,D00,48
ObPzAg4q,Rated Blitz game,Blitz,180+0,anincapablesperm,dafer123,1821,1761,,,HUMAN_vs_HUMAN,0-1,E06,32
H1nnSdJS,Rated Blitz game,Blitz,180+0,shoxo,sinsombrero,1744,1656,,,HUMAN_vs_HUMAN,1-0,A08,37
qLQWBUyo,Rated Blitz game,Blitz,180+0,Offtherecord,team_durruti,2394,2230,CM,,HUMAN_vs_HUMAN,0-1,A40,106
gcRGUxqj,Rated Blitz game,Blitz,180+0,oneHundred1000000000,Mexifast,1520,1525,,,HUMAN_vs_HUMAN,0-1,B23,54
Mh3Fa28W,Rated Blitz game,Blitz,180+0,Kidwithabike,masande,1950,1949,,,HUMAN_vs_HUMAN,0-1,A45,62
5jIlWQqE,Rated Blitz game,Blitz,180+0,MezunnMasterTR,kurmanzhan,1211,1240,,,HUMAN_vs_HUMAN,0-1,D30,64
G5umE93k,Rated Blitz game,Blitz,300+3,AltaxanderZhiglo,MaXyM_TaRaN1709,1957,1841,,,HUMAN_vs_HUMAN,1-0,A46,79
if7HLUsM,Rated Bullet game,Bullet,60+0,aymooon,Craptacular,1954,1911,,,HUMAN_vs_HUMAN,1-0,A40,87
JyJE7SiS,Rated Bullet game,Bullet,60+0,ariesarchitects,seqdam,1564,1579,,,HUMAN_vs_HUMAN,1-0,B02,63
WyGwbdKo,Rated Bullet game,Bullet,60+0,qwfqwfweqgwegqw,finitegroupoforder2,1783,1796,,,HUMAN_vs_HUMAN,0-1,A40,50
GU35gZD8,Rated Bullet game,Bullet,60+0,AHBU,Jeff_peon,1621,1623,,,HUMAN_vs_HUMAN,1-0,B34,57
PBYsG5L0,Rated Bullet game,Bullet,60+0,F_Z3,whosaysiamgay,1063,1119,,,HUMAN_vs_HUMAN,1-0,B00,29
AQPg0eLl,Rated Bullet game,Bullet,60+0,project_Nm,ifsmirnov,1979,1956,,,HUMAN_vs_HUMAN,1-0,B00,17
L6OVueGo,Rated Bullet game,Bullet,60+0,vahe66,M4yank,2209,2274,,,HUMAN_vs_HUMAN,1-0,B21,63
UZPRtvTC,Rated Bullet game,Bullet,60+0,Patrick0908,gr8whitebuffalo,1707,1703,,,HUMAN_vs_HUMAN,0-1,A40,12
K0JzfUqO,Rated Bullet game,Bullet,60+0,varymicus,Dunau,1594,1600,,,HUMAN_vs_HUMAN,1-0,D00,79
hkRwsdCg,Rated Bullet game,Bullet,60+0,Masoom840,Approaching82,2176,2178,,,HUMAN_vs_HUMAN,1-0,B27,91
bNKqQUDP,Rated Bullet game,Bullet,60+0,mishubishi,Andres327,2058,2072,,,HUMAN_vs_HUMAN,0-1,C43,24
wSqs40nB,Rated Bullet game,Bullet,60+0,Modern_Defence88,hangman123,2185,2204,,,HUMAN_vs_HUMAN,1-0,A40,91
ldW26WkC,Rated Bullet game,Bullet,60+0,voldkirk,Iagovs92,1809,1802,,,HUMAN_vs_HUMAN,1-0,D21,97
6QxOAP7q,Rated Bullet game,Bullet,60+0,timhq,DaihatsuMira,1848,1890,,,HUMAN_vs_HUMAN,1-0,A41,35
vzvtC7gK,Rated Bullet game,Bullet,60+0,glabasnat,MatosHebert,1182,1242,,,HUMAN_vs_HUMAN,1-0,B01,43
7ukanveF,Rated Rapid game,Rapid,600+0,searayder,KenartsTheKing,1107,1113,,,HUMAN_vs_HUMAN,0-1,B00,96
4au1cSjm,Rated Rapid game,Rapid,600+0,juangomezmoros,almirkah1,1772,1805,,,HUMAN_vs_HUMAN,0-1,B13,82
RG7sWqU5,Rated Rapid game,Rapid,600+0,DaveTheBlacksmith,Jay1951,1857,1862,,,HUMAN_vs_HUMAN,1-0,B50,89
NoK0GeR9,Rated Rapid game,Rapid,600+0,Kelloa,vinnybrazil,1288,1278,,,HUMAN_vs_HUMAN,0-1,C20,54
nxQpNF7Q,Rated Rapid game,Rapid,600+0,lordloda,omar7770777,1806,1632,,,HUMAN_vs_HUMAN,1-0,B32,43
X6Ukf3mV,Rated Rapid game,Rapid,600+0,thechesssavant,yael_01,1541,1567,,,HUMAN_vs_HUMAN,1-0,C60,53
s7hvm9hl,Rated Rapid game,Rapid,600+0,OMAR-X7,pandarenale,1596,1582,,,HUMAN_vs_HUMAN,1-0,C46,45
kzeg9yLR,Rated Rapid game,Rapid,600+0,ionly91,Kitsunej,524,583,,,HUMAN_vs_HUMAN,1-0,D00,23
mGaRoztv,Rated Rapid game,Rapid,600+0,Mahmoud_Timoumi,samchessnsw,1357,1367,,,HUMAN_vs_HUMAN,1-0,C10,129
Sr2Yuk4d,Rated Rapid game,Rapid,600+0,yudee,jseanm1,1884,1883,,,HUMAN_vs_HUMAN,1-0,B27,25
6Cf0ymp3,Rated Rapid game,Rapid,600+0,Bernhard1239,Alered,1130,1205,,,HUMAN_vs_HUMAN,1-0,C42,63
mkob8vLa,Rated Rapid game,Rapid,1200+0,tadek1964,PickleRickC137,1504,1457,,,HUMAN_vs_HUMAN,1-0,B01,13
x2u3e7K3,Rated Blitz tournament https://lichess.org/tournament/WYkYnRWN,Blitz,180+0,l1nux,AlexIwanowitschL,2316,2372,,,HUMAN_vs_HUMAN,0-1,A11,124
yZCiUyAy,Rated Blitz tournament https://lichess.org/tournament/WYkYnRWN,Blitz,180+0,Geydarov,kvant16,2260,2288,,,HUMAN_vs_HUMAN,0-1,B07,110
61GbNZdf,Rated Blitz tournament https://lichess.org/tournament/WYkYnRWN,Blitz,180+0,DMTMATRIX,JOSHUA2000,1767,1767,,,HUMAN_vs_HUMAN,1-0,D04,27
chM6y87Y,Rated Blitz tournament https://lichess.org/tournament/WYkYnRWN,Blitz,180+0,wefasf,Kazmin_Dmitrii,2216,2226,,,HUMAN_vs_HUMAN,0-1,A81,84
OJffZhdn,Rated Blitz tournament https://lichess.org/tournament/WYkYnRWN,Blitz,180+0,MarqMick007,scrooge,2232,2246,,,HUMAN_vs_HUMAN,0-1,A10,44
FCVaJ8b3,Rated Blitz tournament https://lichess.org/tournament/WYkYnRWN,Blitz,180+0,Kings_Knights,LowKeyTitled,2168,2165,,,HUMAN_vs_HUMAN,0-1,D52,54
HsuU6PSt,Rated Blitz tournament https://lichess.org/tournament/WYkYnRWN,Blitz,180+0,MiguelGTGT,EriePA,2197,2182,,,HUMAN_vs_HUMAN,1-0,C56,52
WxfxP79w,Rated Blitz tournament https://lichess.org/tournament/WYkYnRWN,Blitz,180+0,sganga,Horus_88,2111,2155,,,HUMAN_vs_HUMAN,1-0,C25,53
tDrmyYaS,Rated Blitz game,Blitz,180+2,jakmatasegurat,AgafonovTimur,1145,1074,,,HUMAN_vs_HUMAN,1-0,D06,45
tcFSGhbo,Rated Blitz game,Blitz,180+0,Inocencio_1,Clemente08,1836,1816,,,HUMAN_vs_HUMAN,0-1,E70,26
k6B6CBYf,Rated Bullet game,Bullet,60+0,Tin11,HABACAPA,2124,2162,,,HUMAN_vs_HUMAN,0-1,B27,84
R2AdBbdp,Rated Bullet game,Bullet,60+0,TUFAANkaDEVTA,far4232,1452,1406,,,HUMAN_vs_HUMAN,0-1,A00,80
nc8Y6nEG,Rated Bullet game,Bullet,60+0,XLORIKA,Kubala05,2201,2139,,,HUMAN_vs_HUMAN,0-1,A00,112
DtmlXHXa,Rated Bullet game,Bullet,60+0,juanmiplas2,kadakonesad,2292,2225,,,HUMAN_vs_HUMAN,1-0,A41,85
13YUrFNu,Rated Bullet game,Bullet,60+0,dgramoso,VARudoy,517,591,,,HUMAN_vs_HUMAN,0-1,C56,26
zFOPETrg,Rated Bullet game,Bullet,60+0,utahskier,jasonzheng,1590,1557,,,HUMAN_vs_HUMAN,0-1,C00,50
3LIjDDgl,Rated Bullet game,Bullet,60+0,Sodermann,one_move_combination,2299,2333,,,HUMAN_vs_HUMAN,0-1,A00,60
rwUYRZuG,Rated Bullet game,Bullet,60+0,formica09,mishamio,1738,1750,,,HUMAN_vs_HUMAN,0-1,A40,78
8KvQ6eqo,Rated Bullet game,Bullet,60+0,Coolborican1,mierny,1787,1822,,,HUMAN_vs_HUMAN,1-0,A01,53
dovSzqpZ,Rated Bullet game,Bullet,60+0,b_betterr,Abchife,1370,1325,,,HUMAN_vs_HUMAN,1/2-1/2,B01,81
3DX5K72z,Rated Bullet game,Bullet,60+0,geng60,nirbhaythegreat,1754,1778,,,HUMAN_vs_HUMAN,0-1,A03,64
VOfH0G4i,Rated Bullet game,Bullet,60+0,myrzabekov1991,sajdi0001,1466,1480,,,HUMAN_vs_HUMAN,0-1,B01,42
LiVSfJ3z,Rated Bullet game,Bullet,60+0,Mono1480,tano2021,1698,1696,,,HUMAN_vs_HUMAN,1-0,A16,93
nPxwVWsB,Rated Bullet game,Bullet,60+0,ronyboy,Kryzz,1506,1484,,,HUMAN_vs_HUMAN,1-0,B00,45
pwpkFztD,Rated Bullet game,Bullet,60+0,jessec80,FreeSta1ker,1628,1616,,,HUMAN_vs_HUMAN,1-0,A01,65
CX7BVTip,Rated Bullet game,Bullet,60+0,ls103,Bobbfiisher,1956,1995,,,HUMAN_vs_HUMAN,0-1,A43,80
IsxKbeWr,Rated Blitz game,Blitz,180+0,Kronawana,pinzerl,1613,1694,,,HUMAN_vs_HUMAN,0-1,D00,50
eaEgndCj,Rated Blitz game,Blitz,180+0,altacc240,Nelzkie01,1838,1842,,,HUMAN_vs_HUMAN,1-0,B27,97
oPIfIhEh,Rated Blitz game,Blitz,180+0,Robertleonel603,nachos890,1978,1976,,,HUMAN_vs_HUMAN,0-1,C57,32
4gfNyHqx,Rated Blitz game,Blitz,180+0,Negentropia,TrickyNights16,2096,2063,,,HUMAN_vs_HUMAN,0-1,B13,76
o5GuiR2K,Rated Blitz game,Blitz,180+0,Jaraleon2208,ThePythonGambit,1733,1782,,,HUMAN_vs_HUMAN,0-1,C47,50
nja4Afs6,Rated Blitz game,Blitz,180+0,JUPITO,bartyjool,1727,1702,,,HUMAN_vs_HUMAN,1-0,D30,73
UQ7dAmGy,Rated Blitz game,Blitz,180+0,Rodolfo-19-02-79,HaroldReinel,1363,1436,,,HUMAN_vs_HUMAN,0-1,D00,134
0X1g0VUF,Rated Blitz game,Blitz,180+0,RickMeaster,Bakai_z,1544,1504,,,HUMAN_vs_HUMAN,0-1,A01,16
u3mpbHE7,Rated Blitz game,Blitz,180+0,escompousers,AL-BAMIK,1938,1953,,,HUMAN_vs_HUMAN,1-0,B06,49
4zAkDtxV,Rated Blitz game,Blitz,180+0,DiegoBDReis,e5master,1618,1583,,,HUMAN_vs_HUMAN,0-1,B02,92
mJc5rney,Rated Blitz game,Blitz,180+0,dr_ilin,DanielSant1llan,2042,1997,,,HUMAN_vs_HUMAN,1-0,A00,39
QDpg1UdN,Rated Blitz game,Blitz,180+0,V8899,Nurubay,1553,1570,,,HUMAN_vs_HUMAN,1-0,D53,83
hm9B83pQ,Rated Blitz game,Blitz,180+0,Pingumachetero,Galladem,2213,2138,,,HUMAN_vs_HUMAN,1-0,C15,133
JQGZ4UXz,Rated Blitz game,Blitz,180+0,Motilda21,MysteryCatMan,1184,1219,,,HUMAN_vs_HUMAN,1-0,B00,157
T8cOKM5j,Rated Blitz game,Blitz,300+0,vardV,malinbatuah,1143,1132,,,HUMAN_vs_HUMAN,1-0,A00,69
73vTGkl5,Rated Bullet game,Bullet,120+1,Natashakitty,HanaYaser,2243,2276,,,HUMAN_vs_HUMAN,0-1,B02,68
k3XZz0Q4,Rated Bullet game,Bullet,120+1,zipper300,GloryMike,1241,1213,,,HUMAN_vs_HUMAN,0-1,B30,19
rpoCDryn,Rated Bullet game,Bullet,120+1,Mikhail_Osbutia,Rcfpas,1316,1366,,,HUMAN_vs_HUMAN,1-0,B15,93
MxQ9XkBs,Rated Bullet game,Bullet,120+1,El-pOllO-l0c0,vaganarakelyan,912,937,,,HUMAN_vs_HUMAN,1-0,C00,93
Wf24CvXT,Rated Bullet game,Bullet,120+1,ReyAquis,G-o-c-h-a,1737,1742,,,HUMAN_vs_HUMAN,1-0,A40,65
fcEl5Cuz,Rated Bullet game,Bullet,120+1,johnnybix,wizna,1585,1533,,,HUMAN_vs_HUMAN,1-0,E70,73
wH1bUesU,Rated Bullet game,Bullet,120+1,meranaam1,Elhadj_elhadjsidi12,1690,1722,,,HUMAN_vs_HUMAN,0-1,B20,28
fQFXDI76,Rated Bullet game,Bullet,120+1,TheGreatGatsby2013,david8020,2005,1980,,,HUMAN_vs_HUMAN,1-0,A30,49
HaJW1OFu,Rated Bullet game,Bullet,120+1,neroluthfi,Dr_Nono,2173,2126,,,HUMAN_vs_HUMAN,1-0,A09,65
31UjWnEP,Rated Bullet game,Bullet,120+1,Lelouch939,supremateos,971,965,,,HUMAN_vs_HUMAN,0-1,C00,22
H8MyLxbX,Rated Bullet game,Bullet,120+1,petete6969,Abednegomnisi,1862,1826,,,HUMAN_vs_HUMAN,0-1,B01,102
SptmRim0,Rated Bullet game,Bullet,120+1,jost2,KevinKiwi,1262,1275,,,HUMAN_vs_HUMAN,1-0,A00,81
3q3jFzLF,Rated Classical game,Classical,1800+0,Wenderio,DofPain,1520,1508,,,HUMAN_vs_HUMAN,1-0,C20,57
G6GFdVKn,Rated Classical game,Classical,1800+0,Kinninigan,cazj,1617,1624,,,HUMAN_vs_HUMAN,0-1,A28,34
p5ee4LrN,Rated UltraBullet game,UltraBullet,15+0,flyingsombrero,BrutalBishop31,1864,2049,,,HUMAN_vs_HUMAN,0-1,A04,94
7cdImlE1,Rated Blitz game,Blitz,300+3,SujiZombie,Manuch2020,1329,1359,,,HUMAN_vs_HUMAN,0-1,C65,37
nhPmcZig,Rated Blitz game,Blitz,300+3,Frank_Lee_Speaking,howiedo,1738,1728,,,HUMAN_vs_HUMAN,0-1,B12,46
CzVbhVQu,Rated Blitz game,Blitz,300+3,celeryhater,MaryanovPro,1219,1177,,,HUMAN_vs_HUMAN,1-0,D00,67
jLmQUsE7,Rated Blitz game,Blitz,300+3,lefrigon,paulcarton,1007,1035,,,HUMAN_vs_HUMAN,1-0,D02,87
APNmkY2t,Rated Blitz game,Blitz,300+3,Roby-Wan-Kenobi,Northwolf1919,1605,1616,,,HUMAN_vs_HUMAN,1-0,C00,49
yts2eUHB,Rated Blitz game,Blitz,300+3,MissedCheckInOne,akitaev,1058,1126,,,HUMAN_vs_HUMAN,0-1,D30,14
YDXTUxVe,Rated Blitz game,Blitz,300+3,automaticblues,nbutton22,1442,1389,,,HUMAN_vs_HUMAN,1-0,B31,55
nCIBdBWe,Rated Blitz game,Blitz,300+3,rodmartinez,AlAtaque,1515,1490,,,HUMAN_vs_HUMAN,0-1,A48,64
BCDczqxZ,Rated Blitz game,Blitz,300+3,rs147,volle309,1303,1288,,,HUMAN_vs_HUMAN,0-1,C40,43
Fw8ShyZB,Rated Blitz game,Blitz,300+3,toprongyos,Walter_Ego,1283,1278,,,HUMAN_vs_HUMAN,0-1,A40,74
jQR28USp,Rated Blitz game,Blitz,300+3,QM12,sungodhead,1215,1222,,,HUMAN_vs_HUMAN,1-0,C20,45
rJIX360O,Rated Bullet game,Bullet,30+0,jpayero,tairon41,2194,2217,,,HUMAN_vs_HUMAN,0-1,B00,66
Obbahhx1,Rated Blitz game,Blitz,300+0,emilliostefanelo,The7ckingBest,1625,1601,,,HUMAN_vs_HUMAN,1-0,A45,93
F78oNh6p,Rated Blitz game,Blitz,300+0,Pick3,Bntary007,2274,2229,,CM,HUMAN_vs_HUMAN,1/2-1/2,B00,80
ScbSbGWy,Rated Blitz game,Blitz,300+0,Samosa_Chat,Vuelalapaloma,1633,1682,,,HUMAN_vs_HUMAN,1-0,B23,57
JwVFSOZw,Rated Blitz game,Blitz,300+0,ArturGK,priyavs,1157,1195,,,HUMAN_vs_HUMAN,0-1,C20,62
cP2944hA,Rated Bullet game,Bullet,60+0,pippo_pelo,Thestinger29,1812,1799,,,HUMAN_vs_HUMAN,1-0,C47,39
oiDHLNyA,Rated Bullet game,Bullet,60+0,CJRIZZO,DrMaximusPrime,1564,1565,,,HUMAN_vs_HUMAN,0-1,B20,50
wUF5EYJC,Rated Bullet game,Bullet,60+0,dereito,dtchapar,2489,2319,FM,,HUMAN_vs_HUMAN,1-0,A40,105
VjK9xJ28,Rated Bullet game,Bullet,60+0,JiEmSain,Soulcrack,1626,1607,,,HUMAN_vs_HUMAN,1-0,D00,49
jnuli7CI,Rated Bullet game,Bullet,60+0,EnesMDN,greggori2,1349,1341,,,HUMAN_vs_HUMAN,0-1,B07,58
eSXffhP2,Rated Bullet game,Bullet,60+2,chessplayerBY,nano33,1681,1839,,,HUMAN_vs_HUMAN,1-0,C14,43
Fx9qq2bD,Rated Blitz game,Blitz,180+2,Leonid_Khodos,kardoacademy,1906,1788,,,HUMAN_vs_HUMAN,1-0,A43,45
2ES66FHb,Rated Blitz game,Blitz,300+0,fabianzero,AL_ASISTIO46,1874,1909,,,HUMAN_vs_HUMAN,1-0,C50,143
0VGAF5ZR,Rated Blitz game,Blitz,300+0,Azimlii,lcflowers,1633,1637,,,HUMAN_vs_HUMAN,1-0,A00,109
hNgXeyio,Rated Blitz game,Blitz,300+0,Troporun,Ea9le,1843,1847,,,HUMAN_vs_HUMAN,1-0,B12,83
87XRuXSc,Rated Blitz game,Blitz,300+0,ghiat,Rhouila,1955,2010,,,HUMAN_vs_HUMAN,1-0,A00,117
ix2q8zuK,Rated Blitz game,Blitz,300+0,Flaffyy,mosab8,1245,1246,,,HUMAN_vs_HUMAN,0-1,D00,52
Lsmgf7Sj,Rated Blitz game,Blitz,300+0,MOAZ5222,yefertec,1934,1928,,,HUMAN_vs_HUMAN,0-1,C41,102
zO3qY0Ho,Rated Blitz game,Blitz,300+0,Alll_or_Nothing,Arfman,1557,1578,,,HUMAN_vs_HUMAN,0-1,C25,44
aawv9t3B,Rated Blitz game,Blitz,300+0,Kouassy,MERMOS55,2039,2072,,,HUMAN_vs_HUMAN,0-1,B00,9
OCjtSZhw,Rated Blitz game,Blitz,300+0,Bietto79,ramonzao28,1172,1228,,,HUMAN_vs_HUMAN,0-1,C47,55
JO4PNtMX,Rated Blitz game,Blitz,300+0,amaebenin,Killin4jesus,913,766,,,HUMAN_vs_HUMAN,1-0,C42,25
x4kv8kp3,Rated Blitz game,Blitz,300+0,Polesu,Ded-Karasuk1950,1757,1770,,,HUMAN_vs_HUMAN,1-0,D08,97
74W10pDI,Rated Blitz game,Blitz,300+0,WagnerNery,anumolusuvarna,986,968,,,HUMAN_vs_HUMAN,1-0,C40,113
XJv4gLBd,Rated Blitz game,Blitz,300+0,TagaLaPaz,IsmaelReyes,2290,2199,,,HUMAN_vs_HUMAN,0-1,D37,56
WhpDOtEz,Rated Blitz game,Blitz,300+0,gepard_72,ibaydemir,1868,1863,,,HUMAN_vs_HUMAN,0-1,C40,28
VnyClyca,Rated Blitz game,Blitz,300+0,MAXBEM,HabibTabrizli,1905,1950,,,HUMAN_vs_HUMAN,0-1,C50,54
tgtn2fz0,Rated Blitz game,Blitz,300+0,batdu,Brainparadoxon,1523,1541,,,HUMAN_vs_HUMAN,0-1,B10,28
8VOgK9pl,Rated Blitz game,Blitz,300+0,bulut52,Roland732,1261,1306,,,HUMAN_vs_HUMAN,1-0,B20,25
6hlcJ7Ki,Rated Blitz game,Blitz,300+0,l0l3r,Voyo21,1483,1491,,,HUMAN_vs_HUMAN,0-1,C25,48
L8Di9VK3,Rated Blitz game,Blitz,300+0,Nestor_Cortes,Mussulino,1430,1355,,,HUMAN_vs_HUMAN,1-0,C42,81
wfARe0G6,Rated Blitz game,Blitz,300+0,NadirKalamar,Lord_Siemens,1607,1633,,,HUMAN_vs_HUMAN,1-0,C23,117
9WHUd8sY,Rated Bullet game,Bullet,60+0,Mohammad8585,onkobeed,1905,1841,,,HUMAN_vs_HUMAN,1-0,D00,101
rQ2A6Bah,Rated Blitz tournament https://lichess.org/tournament/DAthlqDF,Blitz,180+1,SAT_BATURITE_SAT,CTXDiegoLages,1948,1921,,,HUMAN_vs_HUMAN,0-1,C00,126
Uxfq8Rx0,Rated Bullet tournament https://lichess.org/tournament/BrK0zZ17,Bullet,30+0,John-Wick,Morteza_lincler,2561,1660,,,HUMAN_vs_HUMAN,1-0,A27,31
hp12HvIo,Rated Bullet tournament https://lichess.org/tournament/BrK0zZ17,Bullet,30+0,a20160513renovado2_0,shinito_youtube,1584,1502,,,HUMAN_vs_HUMAN,1-0,A40,35
mSs9BtD5,Rated Rapid game,Rapid,900+10,grips11,EconomicUnicorn,953,791,,,HUMAN_vs_HUMAN,0-1,D37,32
kIJQuMo9,Rated Rapid tournament https://lichess.org/tournament/kk2Xuplv,Rapid,600+0,opelonomi,Jesuino,2065,2225,,,HUMAN_vs_HUMAN,0-1,A00,174
LHWt2rMj,Rated Rapid tournament https://lichess.org/tournament/kk2Xuplv,Rapid,600+0,Anatolii2508,Qwasdfzxcvbn,2016,1975,,,HUMAN_vs_HUMAN,0-1,C56,92
JmyBykl8,Rated Rapid tournament https://lichess.org/tournament/kk2Xuplv,Rapid,600+0,ChiefChah,daw220v,1915,1896,,,HUMAN_vs_HUMAN,1-0,A45,81
VGRt4S4y,Rated Rapid tournament https://lichess.org/tournament/kk2Xuplv,Rapid,600+0,AbdullahAlim,Diaa_muhamed,1829,1891,,,HUMAN_vs_HUMAN,0-1,C36,40
nlUgMka4,Rated Rapid game,Rapid,900+10,BananaTip,neiche,1192,1175,,,HUMAN_vs_HUMAN,1-0,A46,49
xQkI5jns,Rated Rapid game,Rapid,900+10,SuperKwazii,serenity70,1445,1543,,,HUMAN_vs_HUMAN,1-0,C24,65
JHMVrssy,Rated Rapid tournament https://lichess.org/tournament/kk2Xuplv,Rapid,600+0,IGOR1408,Berezovikov,1667,1785,,,HUMAN_vs_HUMAN,0-1,B10,104
xUn6dgyC,Rated Rapid tournament https://lichess.org/tournament/kk2Xuplv,Rapid,600+0,AbdullahMahmoud13321,trovengourdler,1464,1519,,,HUMAN_vs_HUMAN,1-0,A80,93
q7Hfklot,Rated UltraBullet game,UltraBullet,15+0,FF_23bersek,xander9,1628,1565,,,HUMAN_vs_HUMAN,1-0,D04,87
VSIPWNny,Rated Blitz game,Blitz,180+0,gunawan_kab_cjr,Only-2o4o7o9o13,2215,2230,,,HUMAN_vs_HUMAN,0-1,B12,116
DSMIBBj1,Rated Blitz game,Blitz,180+0,SpiZe,Yazan-Hourani,1640,1614,,,HUMAN_vs_HUMAN,1-0,D30,65
5ExEEIVt,Rated Blitz game,Blitz,180+0,DonCorliyonii,El-emperador-Nui,1881,1839,,,HUMAN_vs_HUMAN,0-1,A40,66
eTqRv9Ay,Rated Blitz game,Blitz,180+0,burakyalcn,WnoL,1414,1472,,,HUMAN_vs_HUMAN,0-1,C02,16
zYv20U6Z,Rated Blitz game,Blitz,180+0,ZIM-Emmykarpov,CAMBIADOR,2205,2193,,,HUMAN_vs_HUMAN,1-0,D43,81
RLqBcdJ5,Rated Blitz game,Blitz,180+0,rudi47,Midfraud,2340,2215,,,HUMAN_vs_HUMAN,1-0,D37,49
giTCCKzP,Rated Blitz game,Blitz,180+0,khalid18ali,geniroh22,1345,1374,,,HUMAN_vs_HUMAN,0-1,B01,62
jqpVXBdd,Rated Blitz game,Blitz,180+0,gabriel_codo,GeorgyM3,1330,1336,,,HUMAN_vs_HUMAN,0-1,B30,84
sW8YJJp5,Rated Blitz game,Blitz,180+0,Saverio3,Yio05,2423,2420,,,HUMAN_vs_HUMAN,0-1,B23,10
pEY6yBDA,Rated Blitz game,Blitz,180+0,Lowo_Ijo,SayItWithUrChess,1741,1731,,,HUMAN_vs_HUMAN,0-1,A02,49
ZCsMLdzi,Rated Blitz game,Blitz,180+0,kdrizzle,Ammaralli,1520,1496,,,HUMAN_vs_HUMAN,1-0,B10,73
VviKcaff,Rated Blitz game,Blitz,180+0,broda11,Monsieur_Bogdanoff,1796,1812,,,HUMAN_vs_HUMAN,1-0,C25,99
d24bCizH,Rated Blitz game,Blitz,180+0,lpetronio1,nico1330,1897,1911,,,HUMAN_vs_HUMAN,0-1,A34,88
qgp8guhe,Rated Blitz game,Blitz,180+0,as2592,Babinicz,1967,1981,,,HUMAN_vs_HUMAN,1-0,B20,63
lAvptghM,Rated Bullet game,Bullet,120+1,KANordic,umami_clown,1447,1485,,,HUMAN_vs_HUMAN,0-1,B40,86
5pirnEnb,Rated Bullet game,Bullet,120+1,pauliokas,schuravai,1240,1116,,,HUMAN_vs_HUMAN,1/2-1/2,B06,148
amAB4xed,Rated Bullet game,Bullet,120+1,kj1n,R_I,1514,1533,,,HUMAN_vs_HUMAN,1-0,B20,41
jbQluBDW,Rated Bullet game,Bullet,120+1,br3akthr0ugh,rumithegod,1536,1546,,,HUMAN_vs_HUMAN,0-1,B40,72
SNka71p1,Rated Bullet game,Bullet,120+1,cfisch,RUSSfromUP,1440,1410,,,HUMAN_vs_HUMAN,1-0,B12,69
9HLn3DmC,Rated Bullet game,Bullet,120+1,Enginerrrd,gustavoguevara,1310,1296,,,HUMAN_vs_HUMAN,1-0,A13,69
gxzLj3Pt,Rated Bullet game,Bullet,120+1,olegaskin,jpbufe3,1866,1891,,,HUMAN_vs_HUMAN,0-1,A43,57
fJeDvTMZ,Rated Bullet game,Bullet,120+1,anupchan,GusBar9,1012,1067,,,HUMAN_vs_HUMAN,0-1,B30,78
RAiLEPyM,Rated Bullet game,Bullet,60+0,kaffe71,Marke76,1414,1428,,,HUMAN_vs_HUMAN,1/2-1/2,D00,72
csxGJpsb,Rated Bullet game,Bullet,60+0,locoluis19,Lsadlwq,1879,1999,,,HUMAN_vs_HUMAN,1-0,A40,101
8SOf10Ry,Rated Bullet game,Bullet,60+0,Misteriochess123,healer69,2599,2546,,,HUMAN_vs_HUMAN,1-0,A41,95
XIcVNatJ,Rated Bullet game,Bullet,60+0,Olatse_thato13,Alan120,1508,1577,,,HUMAN_vs_HUMAN,1-0,A40,69
nDmqgPhX,Rated Bullet game,Bullet,60+0,Are26,albertosauruso,2580,2570,,,HUMAN_vs_HUMAN,0-1,A05,100
4Mt5Y58u,Rated Bullet game,Bullet,60+0,Rodinskoe,lutris_3,1717,1682,,,HUMAN_vs_HUMAN,1/2-1/2,B01,100
wajqL26W,Rated Bullet game,Bullet,60+0,hungrycrocodile95,MuhmdHirzan,2054,2029,,,HUMAN_vs_HUMAN,0-1,D05,68
CSbAPShV,Rated Bullet game,Bullet,60+0,Daigor0202,brkttr,1744,1738,,,HUMAN_vs_HUMAN,1-0,C20,91
seZTsc0D,Rated Bullet game,Bullet,60+0,sergiold,vladikmil2017,1105,951,,,HUMAN_vs_HUMAN,1-0,C26,97
j64dznhA,Rated Bullet game,Bullet,60+0,vitotrimaglio,rocorroco,1629,1616,,,HUMAN_vs_HUMAN,1-0,D08,43
kDNBH7gn,Rated Bullet game,Bullet,60+0,mathew29,IXOYEAHANGEL,1266,1181,,,HUMAN_vs_HUMAN,1-0,B01,63
pAhMlHEV,Rated Bullet game,Bullet,60+0,RAVASA,superlaza,1459,1444,,,HUMAN_vs_HUMAN,1-0,D05,39
eokombGu,Rated Blitz game,Blitz,180+0,sergioamadeo,sasha_-_693,1967,1966,,,HUMAN_vs_HUMAN,0-1,B34,76
zknaUsuL,Rated Bullet tournament https://lichess.org/tournament/JywpPPLX,Bullet,60+0,casiduro,PIELIEME,2173,2362,,,HUMAN_vs_HUMAN,0-1,A10,58
fHmXAFMr,Rated Bullet tournament https://lichess.org/tournament/JywpPPLX,Bullet,60+0,ml85,I_Sergey,1851,1979,,,HUMAN_vs_HUMAN,0-1,C00,46
gejIugMw,Rated Bullet tournament https://lichess.org/tournament/JywpPPLX,Bullet,60+0,samadaabi,roi-georges,1818,1801,,,HUMAN_vs_HUMAN,0-1,B23,80
kuL0q10O,Rated Bullet tournament https://lichess.org/tournament/JywpPPLX,Bullet,60+0,HamzaEn,viveka2023,1661,1800,,,HUMAN_vs_HUMAN,0-1,C41,60
VMx7dkDb,Rated Blitz game,Blitz,180+2,davidhummel,oussama123987456,1608,1582,,,HUMAN_vs_HUMAN,1-0,A40,29
JW5hpbT3,Rated Blitz game,Blitz,180+2,jackreer,Kabanov_Ihor,2149,2079,,,HUMAN_vs_HUMAN,1-0,D00,45
uZL4dgHi,Rated Blitz game,Blitz,180+2,vepc,lalta34,1482,1419,,,HUMAN_vs_HUMAN,1-0,A16,48
TVvR22n0,Rated Blitz game,Blitz,180+2,alalmany9,emanuelmisael,1567,1527,,,HUMAN_vs_HUMAN,1-0,B30,57
O8iyEaE1,Rated Blitz game,Blitz,180+2,aniramesh,amarillo_verdoso,1260,1211,,,HUMAN_vs_HUMAN,1-0,C50,59
02zut8qQ,Rated Blitz game,Blitz,180+2,juliusromero718,theroughdoctor,988,877,,,HUMAN_vs_HUMAN,0-1,B50,116
pXcwfQwg,Rated Blitz game,Blitz,180+2,mindboard_sb,PokemonTmo09,1373,1324,,,HUMAN_vs_HUMAN,0-1,B30,84
G6U6LYJG,Rated Blitz game,Blitz,180+2,anasse2869,Jerrykho911,1818,1733,,,HUMAN_vs_HUMAN,0-1,B00,120
j5jeIMmk,Rated Blitz game,Blitz,180+2,pwileman,twk12334,1828,1831,,,HUMAN_vs_HUMAN,0-1,C41,62
FLk2uuA3,Rated Blitz game,Blitz,180+2,Alfredo63,davidvalera80,1705,1695,,,HUMAN_vs_HUMAN,0-1,C00,78
GIexnHZh,Rated Blitz game,Blitz,180+2,Eco64Chess,ajedrezloko,2216,2180,,,HUMAN_vs_HUMAN,1-0,C41,49
rV7jfzqQ,Rated Blitz game,Blitz,180+2,podnosimyszafe,comew1thm3,1418,1454,,,HUMAN_vs_HUMAN,1-0,A40,143
z3IU4Ttl,Rated Blitz game,Blitz,300+1,ingsjo1,BodoNizak1954,1382,1443,,,HUMAN_vs_HUMAN,1-0,D02,65
vcjlQY6Q,Rated Blitz game,Blitz,120+3,Matthr2,nataliagarin,904,988,,,HUMAN_vs_HUMAN,0-1,D20,52
LWg71V0G,Rated Blitz game,Blitz,300+0,BendikA,vasyl123987,1894,1922,,,HUMAN_vs_HUMAN,1-0,B06,131
ko0NMtWX,Rated Blitz game,Blitz,300+0,GabiManGman,Luca666,1604,1609,,,HUMAN_vs_HUMAN,0-1,D10,58
YZHr1MW3,Rated Blitz game,Blitz,300+0,roma130477,jaqueselu,1440,1439,,,HUMAN_vs_HUMAN,0-1,D02,22
LUyFJ7Fs,Rated Blitz game,Blitz,300+0,Conwell-Mesut,bhuviecpc,1641,1616,,,HUMAN_vs_HUMAN,0-1,A00,32
an9tR4Ud,Rated Blitz game,Blitz,300+0,sim_sim130,CHABANE086,1105,1053,,,HUMAN_vs_HUMAN,1-0,B00,83
VR0c38Se,Rated Blitz game,Blitz,300+0,marcosuy,Nutso3149ooooolives,1559,1674,,,HUMAN_vs_HUMAN,1-0,C40,145
BoHK8kpm,Rated Blitz game,Blitz,300+0,hjag222627,AbdellZK,1596,1565,,,HUMAN_vs_HUMAN,0-1,C44,85
xxpueTrO,Rated Blitz game,Blitz,300+0,robust82,stomper63,1809,1770,,,HUMAN_vs_HUMAN,0-1,C41,62
SZrQve6G,Rated Blitz game,Blitz,300+0,Honfleur,nyengkab_90,1994,2004,,,HUMAN_vs_HUMAN,1/2-1/2,B21,83
iiqbh3Tg,Rated Blitz game,Blitz,300+0,ronaldor9,pulius,1885,1890,,,HUMAN_vs_HUMAN,0-1,D02,20
DoSNIKgG,Rated Blitz game,Blitz,300+0,romantruf,team_maga,1412,1437,,,HUMAN_vs_HUMAN,1-0,C40,83
g7dxrtmI,Rated Blitz game,Blitz,300+0,wiancu1963,Elkasrawy1984,1832,1846,,,HUMAN_vs_HUMAN,1-0,D00,23
EvHVAWkK,Rated Blitz game,Blitz,300+0,love_capibara28,AlexAxyz,1211,1154,,,HUMAN_vs_HUMAN,0-1,B00,34
PF9iCnAA,Rated Blitz game,Blitz,300+0,GusRamFlo,Asenna,941,916,,,HUMAN_vs_HUMAN,1-0,B01,53
5dU06sUX,Rated Blitz game,Blitz,300+0,AlvaroMG23,MagzyOfNorway,1500,1374,,,HUMAN_vs_HUMAN,0-1,D02,72
5JC4C11d,Rated Blitz game,Blitz,300+0,Luis9246,PanovX,1697,1738,,,HUMAN_vs_HUMAN,1-0,B22,39
YhcrcvYO,Rated Blitz game,Blitz,300+0,Didimekro,Mileryno,2131,2233,,,HUMAN_vs_HUMAN,0-1,A43,112
rQAIAGJt,Rated Blitz game,Blitz,300+0,tokei-ihto,luis1283,1302,1310,,,HUMAN_vs_HUMAN,1-0,B00,27
B38sFYZT,Rated Blitz game,Blitz,300+0,michaelmontero,solo_levelingx,1525,1477,,,HUMAN_vs_HUMAN,1-0,C42,111
Ah86HzS8,Rated Blitz game,Blitz,300+3,Katusic66,Noirooo,1990,1985,,,HUMAN_vs_HUMAN,1-0,B23,79
UUXaBbyD,Rated Blitz game,Blitz,300+3,r3f3l,kholioo,1489,1489,,,HUMAN_vs_HUMAN,1-0,D02,30
ia291nVM,Rated Blitz game,Blitz,300+3,allan091221,Fredson_Ceccon,1622,1565,,,HUMAN_vs_HUMAN,0-1,B50,44
7QC572p1,Rated Blitz game,Blitz,300+3,Francis_Insua,m4killer,1187,1265,,,HUMAN_vs_HUMAN,1-0,C20,87
fUL6bkrY,Rated Blitz game,Blitz,300+3,vcelepir,cavery129,1763,1697,,,HUMAN_vs_HUMAN,1-0,B21,35
4hPkhHR1,Rated Blitz game,Blitz,300+3,Alexandros_Gr,Porierge,1538,1530,,,HUMAN_vs_HUMAN,1-0,D08,55
JUUdLfDQ,Rated Blitz game,Blitz,300+3,Paul_Rookie,mouadenko,1456,1443,,,HUMAN_vs_HUMAN,1-0,C02,57
lpb2fb6U,Rated Blitz game,Blitz,300+3,smabs,w3z2fv4o6ipbnak8u7,1330,1301,,,HUMAN_vs_HUMAN,0-1,B13,116
VoJy2hix,Rated Blitz game,Blitz,300+3,Norbchin,Gamer13,1992,2014,,,HUMAN_vs_HUMAN,1-0,B32,7
szV0BYrI,Rated Blitz game,Blitz,300+3,ahmedhassan223,madoooooooooo,1873,1766,,,HUMAN_vs_HUMAN,1-0,C46,55
E7RPf2aP,Rated Blitz game,Blitz,180+1,sirruf82,Ehsan1371,1829,1697,,,HUMAN_vs_HUMAN,1-0,B30,59
rY82wJ2q,Rated Blitz game,Blitz,180+2,sawoj,Ludhianachesschess,2065,1942,,,HUMAN_vs_HUMAN,1-0,D06,110
2SzhdNxr,Rated Blitz game,Blitz,300+3,mrezamm63,Alireza73n42,2039,1894,,,HUMAN_vs_HUMAN,1-0,C62,73
uzvZUy9v,Rated Rapid tournament https://lichess.org/tournament/sWwv0erL,Rapid,600+0,marcija,jcouto,1391,1373,,,HUMAN_vs_HUMAN,0-1,B01,92
zed2XWdF,Rated Rapid tournament https://lichess.org/tournament/sWwv0erL,Rapid,600+0,kdubold,azaanbansal01,1398,1409,,,HUMAN_vs_HUMAN,0-1,B00,26
YXDD6KOi,Rated Rapid tournament https://lichess.org/tournament/sWwv0erL,Rapid,600+0,liapop,AdrianGamingsFB,1309,1310,,,HUMAN_vs_HUMAN,0-1,A40,80
kZ2BrRbr,Rated Rapid tournament https://lichess.org/tournament/sWwv0erL,Rapid,600+0,jose_antonio_83,Cheston679,1269,1254,,,HUMAN_vs_HUMAN,1/2-1/2,C68,43
bAnOElmB,Rated Rapid tournament https://lichess.org/tournament/sWwv0erL,Rapid,600+0,Jemilisgood,Urfather-12,993,1053,,,HUMAN_vs_HUMAN,0-1,D04,19
I6MYNtHJ,Rated Rapid tournament https://lichess.org/tournament/sWwv0erL,Rapid,600+0,Gleason123,Mohamedsalah23,1230,1164,,,HUMAN_vs_HUMAN,1-0,C42,51
oYWEgjoR,Rated Blitz tournament https://lichess.org/tournament/dnXACD3Z,Blitz,300+0,Ze-Prodigy,DumOgDeilig,2261,2151,,,HUMAN_vs_HUMAN,1-0,B22,149
0fwKgRYt,Rated Blitz tournament https://lichess.org/tournament/dnXACD3Z,Blitz,300+0,Gananddoconlamente,Takamoku2,2030,2089,,,HUMAN_vs_HUMAN,1/2-1/2,C10,155
T9vCSiEz,Rated Blitz tournament https://lichess.org/tournament/dnXACD3Z,Blitz,300+0,Cheffgatt,AnnaBelinda,2029,2002,,,HUMAN_vs_HUMAN,1-0,B30,79
bG1cCRb3,Rated Blitz tournament https://lichess.org/tournament/dnXACD3Z,Blitz,300+0,ErhanTR,noob-plays-chess,1902,1898,,,HUMAN_vs_HUMAN,0-1,C42,64
XP4RD02y,Rated Blitz tournament https://lichess.org/tournament/dnXACD3Z,Blitz,300+0,matein16,sadovnik1,1930,1945,,,HUMAN_vs_HUMAN,0-1,A43,82
i9PAn8dq,Rated Blitz tournament https://lichess.org/tournament/dnXACD3Z,Blitz,300+0,Gyaljensherpa2,Ftalha12,1903,1903,,,HUMAN_vs_HUMAN,1-0,B00,81
ltam2LiH,Rated Blitz tournament https://lichess.org/tournament/dnXACD3Z,Blitz,300+0,hoerby72,Sphob23,1809,1808,,,HUMAN_vs_HUMAN,0-1,C00,70
NrsONsIW,Rated Blitz tournament https://lichess.org/tournament/dnXACD3Z,Blitz,300+0,IngeLic1958,jasb5708,1812,1830,,,HUMAN_vs_HUMAN,1-0,C64,107
Zl4qwRmg,Rated Blitz tournament https://lichess.org/tournament/dnXACD3Z,Blitz,300+0,CANKEL1,simonbolivar77,1880,1886,,,HUMAN_vs_HUMAN,0-1,B20,128
w1qfHaiQ,Rated Blitz tournament https://lichess.org/tournament/dnXACD3Z,Blitz,300+0,PabloUrug,akronilionkrystal,1869,1870,,,HUMAN_vs_HUMAN,0-1,A02,36
QALJN8X7,Rated Blitz tournament https://lichess.org/tournament/dnXACD3Z,Blitz,300+0,cetitang,Fionan,1832,1832,,,HUMAN_vs_HUMAN,1-0,B10,125
in5WtSmX,Rated Blitz tournament https://lichess.org/tournament/dnXACD3Z,Blitz,300+0,segentaralam,LUCIFERTHEDEVIL69,1804,1787,,,HUMAN_vs_HUMAN,0-1,C65,126
4bhM1sos,Rated Blitz tournament https://lichess.org/tournament/dnXACD3Z,Blitz,300+0,AmineAlger,J_Guzman117,1711,1728,,,HUMAN_vs_HUMAN,1-0,B30,55
tmkwMVE2,Rated Blitz tournament https://lichess.org/tournament/dnXACD3Z,Blitz,300+0,pathfinder666,ADVG,1773,1750,,,HUMAN_vs_HUMAN,0-1,C10,70
XGxugOxW,Rated Blitz tournament https://lichess.org/tournament/dnXACD3Z,Blitz,300+0,jazz_hands1,SantiagoAA,1731,1736,,,HUMAN_vs_HUMAN,0-1,B40,58
zV40guZD,Rated Blitz tournament https://lichess.org/tournament/dnXACD3Z,Blitz,300+0,ScottyAA,Andre_Cajal,1685,1680,,,HUMAN_vs_HUMAN,1-0,C02,87
UppSjv8q,Rated Blitz tournament https://lichess.org/tournament/dnXACD3Z,Blitz,300+0,Mahi321,Cpalmerov,1565,1615,,,HUMAN_vs_HUMAN,1-0,B01,85
tC8ZGf5o,Rated Blitz tournament https://lichess.org/tournament/dnXACD3Z,Blitz,300+0,Amosabdias,jsabatke,1655,1631,,,HUMAN_vs_HUMAN,1-0,A45,95
eNGlcZDq,Rated Blitz tournament https://lichess.org/tournament/dnXACD3Z,Blitz,300+0,gekko666,Dull45,1624,1620,,,HUMAN_vs_HUMAN,0-1,A45,52
mUKDxqV2,Rated Blitz tournament https://lichess.org/tournament/dnXACD3Z,Blitz,300+0,Hit1600Someday,Kingspawn70,1525,1536,,,HUMAN_vs_HUMAN,1/2-1/2,B01,99
9hekcosU,Rated Blitz tournament https://lichess.org/tournament/dnXACD3Z,Blitz,300+0,defensafilidor11,chesslover2016,1490,1494,,,HUMAN_vs_HUMAN,1-0,C00,91
lXiIY74v,Rated Blitz tournament https://lichess.org/tournament/dnXACD3Z,Blitz,300+0,lilypee,underwater_man,1460,1392,,,HUMAN_vs_HUMAN,1-0,B18,49
0d7pHqFe,Rated Blitz tournament https://lichess.org/tournament/dnXACD3Z,Blitz,300+0,SuperManPerseo,PORIYAs,1224,1216,,,HUMAN_vs_HUMAN,1-0,D00,69
mAd0IyoB,Rated Blitz tournament https://lichess.org/tournament/mr1gLeUF,Blitz,300+1,YBahho,Gary5550,1937,1823,,,HUMAN_vs_HUMAN,0-1,B12,88
R7D3EnhJ,Rated Blitz tournament https://lichess.org/tournament/mr1gLeUF,Blitz,300+1,Chess-Terms,Georgina231,1909,1851,,,HUMAN_vs_HUMAN,1-0,C22,41
9vEL7KU9,Rated Blitz tournament https://lichess.org/tournament/6bD6H59B,Blitz,300+0,hassansadki10,Idrissi-Naqib,1775,2108,,,HUMAN_vs_HUMAN,0-1,A45,82
39KjnWgA,Rated Blitz tournament https://lichess.org/tournament/M00TxO8Z,Blitz,180+2,Ian030309,RoiRizo23,1650,1894,,,HUMAN_vs_HUMAN,0-1,A45,86
hUq5gDGJ,Rated Blitz tournament https://lichess.org/tournament/M00TxO8Z,Blitz,180+2,Newgatevv,Jaf_460,2239,1476,,,HUMAN_vs_HUMAN,1-0,C00,73
jgAyGxkn,Rated Blitz tournament https://lichess.org/tournament/M00TxO8Z,Blitz,180+2,FernandoZaracho1989,IsaacEliasHerOrt,1330,1172,,,HUMAN_vs_HUMAN,1-0,A07,115
WwDWraat,Rated Blitz tournament https://lichess.org/tournament/M00TxO8Z,Blitz,180+2,TeodoroMTalon,JoseSantosMedrano,1183,1861,,,HUMAN_vs_HUMAN,0-1,A45,64
scOGRwiS,Rated Blitz game,Blitz,180+0,Fredy23,eliots07,1168,1160,,,HUMAN_vs_HUMAN,0-1,A08,26
8CNqgyKm,Rated Blitz game,Blitz,180+0,IndianArmyFam,Shekozidan,1567,1572,,,HUMAN_vs_HUMAN,1-0,A06,27
PXuqAENp,Rated Blitz game,Blitz,180+0,Francois_JefFx,Djmixflavio,1875,1906,,,HUMAN_vs_HUMAN,0-1,B06,74
2fWdPl7d,Rated Blitz game,Blitz,180+0,Corsair777,Misha152,1485,1541,,,HUMAN_vs_HUMAN,0-1,B00,76
Xj0S3HdZ,Rated Blitz game,Blitz,180+0,rifel,coldplays,1720,1763,,,HUMAN_vs_HUMAN,1-0,A40,75
SZuOzSTJ,Rated Blitz game,Blitz,180+0,sbleskov,Carlitos_Magnum007,1559,1552,,,HUMAN_vs_HUMAN,1-0,A40,85
3HO5raWZ,Rated Blitz game,Blitz,180+0,cole50,skakeramiro,1626,1646,,,HUMAN_vs_HUMAN,0-1,A00,42
h7KgGJll,Rated Blitz game,Blitz,180+0,jepldvv,Labertaler,2235,2115,,,HUMAN_vs_HUMAN,1-0,C01,127
3loTedb9,Rated Blitz game,Blitz,180+0,danny_c_123,archibracho,1707,1634,,,HUMAN_vs_HUMAN,0-1,D00,182
sXKfgjYj,Rated Blitz game,Blitz,180+0,Essamovich,reydelac,1821,1799,,,HUMAN_vs_HUMAN,1-0,B01,61
jf80M16X,Rated Blitz game,Blitz,180+0,nkhanga,THRIPLE_T,1782,1752,,,HUMAN_vs_HUMAN,1-0,C01,127
lGgA5RzV,Rated Blitz game,Blitz,180+0,Swagginz,Islombek777,1302,1375,,,HUMAN_vs_HUMAN,0-1,B00,96
VLCQzz5Q,Rated Blitz game,Blitz,180+0,Elvis1212,paulybuckets,1849,1829,,,HUMAN_vs_HUMAN,0-1,B33,106
XdmeW4tD,Rated Blitz game,Blitz,180+0,Najoanpangaila,balto100,1911,1912,,,HUMAN_vs_HUMAN,1-0,A40,71
bJnj6pYi,Rated Blitz game,Blitz,180+0,Shestakof_Andr,Monk-1975,2115,2038,,,HUMAN_vs_HUMAN,1-0,D43,63
87VijVtG,Rated Rapid game,Rapid,600+0,ahmedgamil22,axelgottschalkaxel,1560,1449,,,HUMAN_vs_HUMAN,0-1,C50,18
VjuQTiHl,Rated Rapid game,Rapid,600+0,CeLestiaL9,so1strange,1332,1326,,,HUMAN_vs_HUMAN,0-1,B01,94
tHXscTuC,Rated Rapid game,Rapid,600+0,jcrbeltran,A1f0nz0,1544,1527,,,HUMAN_vs_HUMAN,1-0,B01,27
A7eeTxLu,Rated Rapid game,Rapid,600+0,MiyamuraI,quinito04,1702,1671,,,HUMAN_vs_HUMAN,0-1,C70,76
7RLK7z7y,Rated Rapid game,Rapid,600+0,ahmedosos,prophete_2_rue,2055,2106,,,HUMAN_vs_HUMAN,0-1,C53,68
6Z8juLwx,Rated Rapid game,Rapid,600+0,MahmoudAwd1087,GOLDENSPARK,1933,1915,,,HUMAN_vs_HUMAN,1-0,B30,111
hjgvXMvo,Rated Rapid game,Rapid,600+0,pony14,Depth25,2289,2307,,,HUMAN_vs_HUMAN,0-1,D78,128
6zQ4EIF9,Rated Bullet game,Bullet,120+1,Avalon1,Ermattet,1798,1775,,,HUMAN_vs_HUMAN,1-0,A43,117
i56KwyVX,Rated Bullet game,Bullet,60+0,Gunner_27,Chuvaz,1920,1960,,,HUMAN_vs_HUMAN,1-0,C00,99
1612vTZw,Rated Bullet game,Bullet,60+0,sykReversed,Tani18,1629,1626,,,HUMAN_vs_HUMAN,0-1,A43,64
Oo6I8WvS,Rated Bullet game,Bullet,60+0,Harshshah15,RexEcki,2075,2065,,,HUMAN_vs_HUMAN,0-1,C41,60
XMJuiUH1,Rated Bullet game,Bullet,60+0,BagalHari,Lucon2000,2441,2387,,,HUMAN_vs_HUMAN,0-1,A01,96
yAvZKgn3,Rated Bullet game,Bullet,120+1,jamesdonski,fereidoun36,1703,1720,,,HUMAN_vs_HUMAN,0-1,A40,24
IkDN77Jd,Rated Bullet game,Bullet,120+1,bebo4magde,BlackCaucasian,1548,1550,,,HUMAN_vs_HUMAN,0-1,C63,132
jsOMaCe9,Rated Bullet game,Bullet,120+1,slevenscores,ILIKECRAPPS34,1242,1283,,,HUMAN_vs_HUMAN,0-1,C40,38
WbdGfxPh,Rated Bullet game,Bullet,120+1,HS41,j4z41,1804,1789,,,HUMAN_vs_HUMAN,1-0,B23,49
tQ0UL8w5,Rated Bullet game,Bullet,120+1,x5w,Jacques_P,1579,1565,,,HUMAN_vs_HUMAN,0-1,C00,62
al2izLz7,Rated UltraBullet game,UltraBullet,15+0,busykido,tuc088,639,967,,,HUMAN_vs_HUMAN,0-1,C65,38
EC49GQ98,Rated Blitz game,Blitz,180+0,huge_wall,nyombra,1898,1955,,,HUMAN_vs_HUMAN,1/2-1/2,D43,98
x2xO9hrd,Rated UltraBullet game,UltraBullet,15+0,A13J4ndr0D1390,MisaelAlexander1,1548,1517,,,HUMAN_vs_HUMAN,0-1,A04,18
R0tUYN8G,Rated Bullet game,Bullet,60+0,drk47,oceendeep,1964,2018,,,HUMAN_vs_HUMAN,0-1,D31,82
6anbqUvY,Rated Blitz game,Blitz,300+3,smarnach,alex_tec,1442,1500,,,HUMAN_vs_HUMAN,1-0,C44,53
G2oOEEHu,Rated Blitz game,Blitz,300+3,wind27,Ercot123,1571,1504,,,HUMAN_vs_HUMAN,1-0,B90,47
TrH6hss6,Rated Blitz game,Blitz,300+3,Chessimomo,Malz,1613,1603,,,HUMAN_vs_HUMAN,0-1,B10,60
u0lpgq1M,Rated Blitz game,Blitz,300+3,Lainlosing,Podhogoma,1896,1837,,,HUMAN_vs_HUMAN,0-1,B33,72
AYANHZ6L,Rated Blitz game,Blitz,300+3,nbtodder,Ferdinand_Hilario,1632,1708,,,HUMAN_vs_HUMAN,1-0,A09,87
v7jrqD2V,Rated Blitz game,Blitz,300+3,Chess599,FJCRUISER,1469,1473,,,HUMAN_vs_HUMAN,1-0,A00,53
vx3JjUPx,Rated Blitz game,Blitz,300+3,ChiefCleef,itca,1223,1218,,,HUMAN_vs_HUMAN,1-0,B50,83
SU3dw76T,Rated Blitz game,Blitz,300+3,tonyguess,yousef720,1360,1331,,,HUMAN_vs_HUMAN,1-0,B00,59
7hraD9VP,Rated Blitz game,Blitz,300+3,Juan-Pablo-1414,mosttafa,1239,1278,,,HUMAN_vs_HUMAN,0-1,B20,2
Pyyzdss7,Rated Blitz game,Blitz,300+3,yhgtbfkm,anasecreta,860,729,,,HUMAN_vs_HUMAN,0-1,A04,60
s9GxCRzU,Rated Blitz game,Blitz,300+3,jhun0807,Akashmilindwani,1854,1735,,,HUMAN_vs_HUMAN,1/2-1/2,B01,98
Q83DOW4g,Rated Blitz game,Blitz,300+0,AXA8243266,remora2,1802,1857,,,HUMAN_vs_HUMAN,0-1,B10,80
WaPg1znj,Rated Blitz game,Blitz,180+2,ch1f,MindgameBG,1876,1814,,,HUMAN_vs_HUMAN,1-0,B00,67
vTMPw9Dp,Rated Blitz game,Blitz,180+2,Rishadow,kuljdaner,1147,1124,,,HUMAN_vs_HUMAN,1-0,A40,21
H0UPw9Ml,Rated Blitz game,Blitz,180+2,KamNat,mardemato,1583,1582,,,HUMAN_vs_HUMAN,0-1,B13,76
a9shoiyo,Rated Blitz game,Blitz,180+2,shcherby,jeanguy007,1748,1724,,,HUMAN_vs_HUMAN,1-0,B06,71
IilMFKyz,Rated Blitz game,Blitz,180+2,mothafuggla,Rodrigo300,1919,1955,,,HUMAN_vs_HUMAN,1-0,C02,129
JfyZvzKD,Rated Blitz game,Blitz,180+2,Capa1968,LucaUdo2004,1992,1951,,,HUMAN_vs_HUMAN,1-0,B52,85
KWxoKAep,Rated Blitz game,Blitz,180+2,BAit5664,mms196809,2346,2227,,,HUMAN_vs_HUMAN,0-1,A15,90
OqOhkivM,Rated Blitz game,Blitz,180+2,Mello_Kohl,adelsanhoty,1401,1391,,,HUMAN_vs_HUMAN,1-0,C64,67
lW4QRdR7,Rated Blitz game,Blitz,180+2,ileyar98,stoindlscheyba,1894,1923,,,HUMAN_vs_HUMAN,0-1,B00,40
z1Pt2ZbN,Rated Blitz game,Blitz,180+2,sami2024,Legend7Abdou,1214,1060,,,HUMAN_vs_HUMAN,1-0,C57,15
sHiJDzr1,Rated Blitz game,Blitz,180+2,tomas73,JellyAceee,1554,1554,,,HUMAN_vs_HUMAN,0-1,C50,20
2rjpgDQj,Rated Blitz game,Blitz,180+2,EdmondoDantes,gerard-lopez,1723,1698,,,HUMAN_vs_HUMAN,0-1,B62,19
E4f2VNb4,Rated Bullet game,Bullet,60+0,xdog12,tlvr,1289,1346,,,HUMAN_vs_HUMAN,1-0,B22,53
p8tpG3qE,Rated Bullet game,Bullet,60+0,jerome-morrow,paulanatol,1833,1867,,,HUMAN_vs_HUMAN,0-1,A43,22
XVBCwO2k,Rated Bullet game,Bullet,60+0,praiseel15,AngryPotato2,1671,1690,,,HUMAN_vs_HUMAN,0-1,B20,16
HfkyOAsU,Rated Bullet game,Bullet,60+0,Jazzkov,Felipe_Tellez,1897,1868,,,HUMAN_vs_HUMAN,0-1,B01,70
Rt0Ex8NN,Rated Bullet game,Bullet,60+0,whynot72,ori_1996,2542,2617,,,HUMAN_vs_HUMAN,0-1,B10,64
WvnmklhR,Rated Bullet game,Bullet,60+0,shut42,Joel_Carlsen,1528,1515,,,HUMAN_vs_HUMAN,0-1,D00,84
xL84JbU9,Rated Bullet game,Bullet,60+0,JCBn80,Enri66,997,1005,,,HUMAN_vs_HUMAN,0-1,D00,60
Hx08xwVY,Rated Bullet game,Bullet,60+0,wildcosmic4,jchaconr,1997,1987,,,HUMAN_vs_HUMAN,1-0,B23,55
cmyVcBfl,Rated Bullet game,Bullet,60+0,rohit1997,bhupathi81,1912,1904,,,HUMAN_vs_HUMAN,1-0,A00,77
3oI18rbW,Rated Bullet game,Bullet,60+0,ifsmirnov,LambertLambert,1951,1928,,,HUMAN_vs_HUMAN,0-1,D02,74
FkRhNLQ6,Rated Bullet game,Bullet,60+0,Mekerov_Magomet,Gerhard_Bruno_Fehr,1916,1914,,,HUMAN_vs_HUMAN,0-1,C44,78
spUCU25f,Rated Bullet game,Bullet,60+0,B0103232338,GalacticCactus22,2620,2788,,,HUMAN_vs_HUMAN,1-0,A01,75
XvzSCQV3,Rated Bullet game,Bullet,60+0,danielbolanosd,ffgffgffg,2217,2250,,,HUMAN_vs_HUMAN,0-1,A00,52
IMLMfckH,Rated Bullet game,Bullet,60+0,Berty82,Kurgan0303,2215,2116,,,HUMAN_vs_HUMAN,1-0,B33,51
XPWSQQDk,Rated Bullet game,Bullet,60+0,toy_problem,oizzaro,1619,1580,,,HUMAN_vs_HUMAN,1-0,D00,91
5pSueBq3,Rated Blitz game,Blitz,180+2,relaxedriley,giorgoskak1990,1111,1048,,,HUMAN_vs_HUMAN,0-1,D07,56
GJ71bKd8,Rated Bullet game,Bullet,60+0,Gogo_77,KnyghtShyftR,1270,1374,,,HUMAN_vs_HUMAN,0-1,A04,66
TiCqSnud,Rated Blitz game,Blitz,300+2,mohamed9910,Abdosaeed2008,1473,1533,,,HUMAN_vs_HUMAN,1-0,C47,33
BdIof6Rd,Rated Rapid game,Rapid,600+0,Javisanchess,sammyp,1395,1432,,,HUMAN_vs_HUMAN,0-1,B00,82
1YaSwfxM,Rated Rapid game,Rapid,600+0,ididntgetinception,thetr1ckst3r,1942,1914,,,HUMAN_vs_HUMAN,0-1,B22,38
psl3C5UB,Rated Rapid game,Rapid,600+0,tek0212,navv1993,1326,1380,,,HUMAN_vs_HUMAN,0-1,C50,63
Cum5cBNm,Rated Rapid game,Rapid,600+0,traxxasx01,al-43-44,1843,1900,,,HUMAN_vs_HUMAN,1-0,D02,33
WRt6rjAU,Rated Rapid game,Rapid,600+0,Lngse1,sabitt,1644,1665,,,HUMAN_vs_HUMAN,1-0,A40,51
tOHPVflu,Rated Rapid game,Rapid,600+0,favelandia,FARINACCIO,1251,1272,,,HUMAN_vs_HUMAN,0-1,C02,36
sPCFJoaf,Rated Rapid game,Rapid,600+0,Michal5808,tahailter,1499,1481,,,HUMAN_vs_HUMAN,0-1,C26,68
ejzsPqgk,Rated Rapid game,Rapid,600+0,cekman,d0lbe,1762,1671,,,HUMAN_vs_HUMAN,1-0,A02,133
Y5ohyWMk,Rated Rapid game,Rapid,600+0,petrosyangevprg,ErenDark02,1186,1188,,,HUMAN_vs_HUMAN,1-0,C20,33
bQqbYWWV,Rated Rapid game,Rapid,600+0,Nizar64,saivanq,1580,1572,,,HUMAN_vs_HUMAN,0-1,A40,152
KGWEArse,Rated Blitz game,Blitz,300+0,MiranMir,sultanilimbek,1493,1461,,,HUMAN_vs_HUMAN,1-0,C47,57
D5NuXXXU,Rated Blitz game,Blitz,180+0,sammmy1,Ragnarok98,2022,2018,,,HUMAN_vs_HUMAN,1-0,A00,57
0zJWB9sv,Rated Blitz game,Blitz,180+0,Kamil_05005,dcandikwhy,1562,1565,,,HUMAN_vs_HUMAN,0-1,C21,78
827tZYVU,Rated Bullet game,Bullet,60+0,Losers-never-learn,no_plan,2106,2174,,,HUMAN_vs_HUMAN,0-1,B56,80
5IlivfA8,Rated Bullet game,Bullet,60+0,DrGoroMcc,FRANKOBARO,1880,1854,,,HUMAN_vs_HUMAN,0-1,B22,60
Ckc0z2A5,Rated Bullet game,Bullet,60+0,MaiorDaMinhaAldeia,skills2010,1720,1744,,,HUMAN_vs_HUMAN,0-1,C30,8
Iig8PxbL,Rated Bullet game,Bullet,60+0,ebh_96,LarrySmith1,1514,1503,,,HUMAN_vs_HUMAN,0-1,A01,98
1fMhPiga,Rated Bullet game,Bullet,60+0,edwfher81,A_Canadian123,1532,1523,,,HUMAN_vs_HUMAN,1-0,C00,43
PRhzJWZL,Rated Bullet game,Bullet,60+0,gulliver26,tumbleweep,1834,1756,,,HUMAN_vs_HUMAN,1-0,A00,57
DGJG2Vye,Rated Bullet game,Bullet,60+0,yondaimechess,dvdngrffn,1554,1536,,,HUMAN_vs_HUMAN,0-1,D02,62
Aph2TJtA,Rated Bullet game,Bullet,60+0,roland0241,Fireboat,1185,1226,,,HUMAN_vs_HUMAN,1-0,C44,41
piYrsCUR,Rated Bullet game,Bullet,60+0,Drangedchicken,sundog77,1413,1414,,,HUMAN_vs_HUMAN,0-1,B00,70
KyFMX5ox,Rated Bullet game,Bullet,60+0,fefaleksey,lorebaucar,1155,1152,,,HUMAN_vs_HUMAN,1-0,A40,45
BQDHBnST,Rated Bullet game,Bullet,60+0,ujitsu,Raymundo18,1416,1495,,,HUMAN_vs_HUMAN,1-0,C00,55
coMwWaTg,Rated Rapid game,Rapid,600+0,seno63,wanrumbuk,2013,2031,,,HUMAN_vs_HUMAN,1/2-1/2,B01,154
nZUcpwQJ,Rated Blitz game,Blitz,180+0,tinypawnwholikesbigq,ARCANGEL77,1537,1467,,,HUMAN_vs_HUMAN,1-0,C41,11
QfXGnEzy,Rated Blitz game,Blitz,180+0,JL_VblVoZ,kazord,1522,1505,,,HUMAN_vs_HUMAN,0-1,A00,116
2MYRVoSG,Rated Rapid game,Rapid,600+0,Chacone,HuseinMamunto,1333,1331,,,HUMAN_vs_HUMAN,1-0,C44,47
EXbFS0Ih,Rated Rapid game,Rapid,600+0,dunghung2012,avvesh,1238,1222,,,HUMAN_vs_HUMAN,0-1,A45,120
oEEf8VEn,Rated Rapid game,Rapid,600+0,ImayBeece,odn114,770,778,,,HUMAN_vs_HUMAN,0-1,B01,54
w2D9JjZ4,Rated Rapid game,Rapid,600+0,ahmedmarzok72,matz300,1455,1460,,,HUMAN_vs_HUMAN,1-0,C57,27
jCo60XaW,Rated Rapid game,Rapid,600+0,nabi222,Murxer,2137,2065,,,HUMAN_vs_HUMAN,1/2-1/2,C35,99
36DT7fmI,Rated Rapid game,Rapid,600+0,RobSutton,dang010189,1970,1859,,,HUMAN_vs_HUMAN,1-0,C30,99
Lvac89OT,Rated Rapid game,Rapid,600+0,Ev6766,Rick_On,1642,1565,,,HUMAN_vs_HUMAN,0-1,B06,56
IStRIKja,Rated Rapid game,Rapid,600+0,Froygode,yasha56122,1502,1481,,,HUMAN_vs_HUMAN,1-0,D20,35
nzjyssOe,Rated Rapid game,Rapid,600+0,ITAMS,CTDTHEDAN-LH,1739,1771,,,HUMAN_vs_HUMAN,0-1,C20,39
R5M4iFI9,Rated Rapid game,Rapid,600+0,smootion,krid_jhoseph,921,944,,,HUMAN_vs_HUMAN,1-0,C44,11
HaB7tUok,Rated Blitz tournament https://lichess.org/tournament/Sa9Zt4qZ,Blitz,180+2,Davidgonz1986,Blacktarco,1846,1953,,,HUMAN_vs_HUMAN,1-0,A07,115
pAeVJgay,Rated Blitz tournament https://lichess.org/tournament/Sa9Zt4qZ,Blitz,180+2,abrahamhernandez8,carlosdavid2017,1218,1080,,,HUMAN_vs_HUMAN,1-0,B00,1
w7r3tPkd,Rated Bullet tournament https://lichess.org/tournament/d2hdY4mw,Bullet,60+0,Piercing,kittyblum,1191,976,,,HUMAN_vs_HUMAN,1-0,B00,55
EW0XzKV8,Rated Blitz tournament https://lichess.org/tournament/WYkYnRWN,Blitz,180+0,crescens,Dinosauriodepisco,2243,2048,,,HUMAN_vs_HUMAN,1/2-1/2,A30,136
VL2QbVqi,Rated Blitz tournament https://lichess.org/tournament/WYkYnRWN,Blitz,180+0,hahula_roman_2022,Rahmatkholik,1896,2006,,,HUMAN_vs_HUMAN,0-1,B10,46
gflfu4Tn,Rated Blitz tournament https://lichess.org/tournament/WYkYnRWN,Blitz,180+0,DensLuhv,ndias19,1890,1874,,,HUMAN_vs_HUMAN,1-0,A01,95
XJtSeCUh,Rated Blitz tournament https://lichess.org/tournament/WYkYnRWN,Blitz,180+0,haschchlumpe,tm_btata_kesbiya,1709,1684,,,HUMAN_vs_HUMAN,0-1,C15,45
qPkGIlRE,Rated Blitz tournament https://lichess.org/tournament/WYkYnRWN,Blitz,180+0,PhoenixAttorney,blezz1,1662,1597,,,HUMAN_vs_HUMAN,0-1,C55,38
iXk9AncB,Rated Blitz tournament https://lichess.org/tournament/WYkYnRWN,Blitz,180+0,Jonathan_Castro_M,torovvwxxx,1531,1566,,,HUMAN_vs_HUMAN,0-1,A40,28
v7jDtPUv,Rated Blitz tournament https://lichess.org/tournament/WYkYnRWN,Blitz,180+0,german11,hassansleiman,1224,1485,,,HUMAN_vs_HUMAN,0-1,B01,46
cJil6VGK,Rated Blitz game,Blitz,180+0,hrih,Mixailos,1763,1661,,,HUMAN_vs_HUMAN,1-0,C34,43
cBKOU1Oc,Rated Bullet game,Bullet,60+0,A-10urpp,fermi1,1647,1655,,,HUMAN_vs_HUMAN,0-1,A41,50
2qZvphk5,Rated Classical game,Classical,1200+30,thebiggerman-origin,Pumori777,2279,2292,,,HUMAN_vs_HUMAN,1-0,D07,55
jREzpMeb,Rated Blitz game,Blitz,180+0,Mottakinmandol,forja,2122,2061,,,HUMAN_vs_HUMAN,1-0,A30,77
njCcMgwO,Rated Blitz game,Blitz,180+2,abransinho2010,whishkas,1734,1530,,,HUMAN_vs_HUMAN,1/2-1/2,A40,50
BuAIWF0b,Rated Blitz game,Blitz,180+0,bolarpear,bobbi-severov,2349,2319,,,HUMAN_vs_HUMAN,1-0,A43,69
RxzOnpCV,Rated Blitz game,Blitz,180+2,shirogod,zimerman_josue,1768,1667,,,HUMAN_vs_HUMAN,1-0,B01,153
6VOBVV3K,Rated Blitz game,Blitz,180+2,Alinawfalkareem,ElsaAdaNino,1510,1481,,,HUMAN_vs_HUMAN,0-1,B01,74
UPcf0BQp,Rated Blitz game,Blitz,180+2,Debshikhadas,Devil91,1885,1930,,,HUMAN_vs_HUMAN,1/2-1/2,A43,72
SM3MtRcS,Rated Blitz game,Blitz,180+2,Moby333,Lights0p,1595,1622,,,HUMAN_vs_HUMAN,1-0,D03,44
ZFcV8tBd,Rated Blitz game,Blitz,180+2,Robinsonade,sebve,1676,1660,,,HUMAN_vs_HUMAN,1/2-1/2,B01,108
TaIf1bUJ,Rated Blitz game,Blitz,180+2,majaphi,Cats64,1469,1481,,,HUMAN_vs_HUMAN,1-0,B01,125
JpkINEpn,Rated Blitz game,Blitz,180+2,hollebolle,shahid65,1809,1797,,,HUMAN_vs_HUMAN,0-1,B00,66
eatrkMuu,Rated Blitz game,Blitz,180+2,Junguito,jonnyhouse,2030,2104,,,HUMAN_vs_HUMAN,0-1,D02,84
iMINYYq4,Rated Blitz game,Blitz,180+2,adhiet20,coxno,2279,2236,,,HUMAN_vs_HUMAN,1-0,B70,73
CxUjiWPD,Rated Blitz game,Blitz,180+2,original_source,Rachid2,1373,1322,,,HUMAN_vs_HUMAN,0-1,D00,98
7Qtp6Tal,Rated Blitz game,Blitz,180+2,guadanho,skippstripps,1100,1108,,,HUMAN_vs_HUMAN,0-1,C01,74
oJrMU1Ga,Rated Blitz game,Blitz,180+2,wyatt_weiye,SamMov56,1009,986,,,HUMAN_vs_HUMAN,1-0,B06,89
5TXQngma,Rated Blitz game,Blitz,180+2,c222222,fromhay,867,835,,,HUMAN_vs_HUMAN,0-1,A00,20
N5GrNwj9,Rated Bullet game,Bullet,60+0,zavalaorlan,AloisioF,2389,2375,,,HUMAN_vs_HUMAN,1-0,B01,57
ZPCwc9XZ,Rated Bullet game,Bullet,60+0,Melapelass,barrueta89,2265,2162,,,HUMAN_vs_HUMAN,1-0,A40,75
y0pwljl2,Rated Bullet game,Bullet,60+0,sk_9,yrikbyar,1504,1496,,,HUMAN_vs_HUMAN,1-0,A53,51
1lL85JS3,Rated Bullet game,Bullet,60+0,AlexeiRo,Bigsneezy,1352,1392,,,HUMAN_vs_HUMAN,0-1,B21,76
FB1Q8LIX,Rated Bullet game,Bullet,60+0,xadrezcomvoce,DEREWO44,1990,1967,,,HUMAN_vs_HUMAN,1-0,A43,83
uaXW5ARt,Rated Bullet game,Bullet,60+0,Info_HPE,samu0723,1536,1522,,,HUMAN_vs_HUMAN,0-1,C50,28
hQkboPJi,Rated Bullet game,Bullet,60+0,ErikEduardo,thederion,1732,1752,,,HUMAN_vs_HUMAN,1-0,B12,81
6nUZl2Zp,Rated Bullet game,Bullet,60+0,shrike72,kevinaf,1631,1605,,,HUMAN_vs_HUMAN,1-0,A00,43
StnIQgbU,Rated Bullet game,Bullet,60+0,beatmeeasy,furkow,1905,1854,,,HUMAN_vs_HUMAN,1-0,A00,95
rmy7EQk0,Rated Bullet game,Bullet,60+0,Hotpiece,BahtiyarQR,1799,1791,,,HUMAN_vs_HUMAN,0-1,C14,58
s3RrHhME,Rated Bullet game,Bullet,60+0,MidFoxxy,arrow95,2539,2527,FM,,HUMAN_vs_HUMAN,0-1,A16,56
RjD7yJ06,Rated Blitz tournament https://lichess.org/tournament/zsVl5oqJ,Blitz,180+0,Tsephe10111,NeverForgetMe,2288,2252,,,HUMAN_vs_HUMAN,0-1,A07,62
NB3EulMY,Rated Blitz tournament https://lichess.org/tournament/zsVl5oqJ,Blitz,180+0,SouthAfricanGoat29,OwlRsa,2293,2088,,,HUMAN_vs_HUMAN,1-0,A00,87
6glMRAYA,Rated Blitz tournament https://lichess.org/tournament/zsVl5oqJ,Blitz,180+0,Fritzvdw,Bad_News,1816,1902,,,HUMAN_vs_HUMAN,0-1,D01,56
2l32tdZb,Rated Blitz game,Blitz,180+0,bahman88,Bjorkbacka,1852,1922,,,HUMAN_vs_HUMAN,0-1,B01,46
qH6x0uKQ,Rated Blitz game,Blitz,180+0,romaintad,Fcelen,1186,1109,,,HUMAN_vs_HUMAN,1-0,B10,21
APNeT30B,Rated Blitz game,Blitz,180+0,gonfreecs78,virus-free,1491,1486,,,HUMAN_vs_HUMAN,0-1,C00,36
deick5CO,Rated Blitz game,Blitz,180+0,zainelfayoumi,ave_fenix777,1716,1733,,,HUMAN_vs_HUMAN,0-1,A01,156
oPy6Nu4f,Rated Blitz game,Blitz,180+0,taran,Edson-G,1784,1786,,,HUMAN_vs_HUMAN,0-1,B01,86
dZwNKhzn,Rated Blitz game,Blitz,180+0,jreyesmol,efartemo,1783,1737,,,HUMAN_vs_HUMAN,1-0,A00,127
CYg6qyC4,Rated Blitz game,Blitz,180+0,theFlameofDeath,Geolamouk,1251,1196,,,HUMAN_vs_HUMAN,0-1,B00,21
rVMH7RBg,Rated Blitz game,Blitz,180+0,SandorRogaine11,tamerlan2018,1932,1985,,,HUMAN_vs_HUMAN,0-1,D15,60
JrMHUTQh,Rated Blitz game,Blitz,180+0,Listhaug_simp93,Obizzle,2222,2227,,,HUMAN_vs_HUMAN,0-1,B01,74
36lDnSVq,Rated Blitz game,Blitz,180+0,chandramei,Ender28,1661,1660,,,HUMAN_vs_HUMAN,1-0,B00,39
NAmiir8e,Rated Blitz game,Blitz,180+0,BoLuRe,CRadon,2047,2120,,,HUMAN_vs_HUMAN,0-1,B06,50
bHjC8wMV,Rated Blitz game,Blitz,180+0,juliantirado1,knenny,658,544,,,HUMAN_vs_HUMAN,1-0,C42,45
3HrMZwZC,Rated Blitz game,Blitz,180+0,valeechess,Shrinit,1847,1831,,,HUMAN_vs_HUMAN,0-1,C41,106
aqZzbzvm,Rated Bullet game,Bullet,60+0,Damcal1986,browisdom,1592,1627,,,HUMAN_vs_HUMAN,0-1,A40,88
H1tUKTj5,Rated Bullet game,Bullet,60+0,Brahayan-2008,gmatkar,1007,977,,,HUMAN_vs_HUMAN,1-0,A43,23
8y4rh52O,Rated Bullet game,Bullet,60+0,EmmJe,LukeSam13,2002,1948,,,HUMAN_vs_HUMAN,1-0,C41,63
KS1gEr9u,Rated Bullet game,Bullet,60+0,jakov_zd,PaulButty,817,694,,,HUMAN_vs_HUMAN,1-0,C25,25
f0qa12GH,Rated Bullet game,Bullet,60+0,kiram13,vikingo2b,1518,1431,,,HUMAN_vs_HUMAN,1-0,A43,43
EeCchth3,Rated Bullet game,Bullet,60+0,nitrops,Ronplaychess,1256,1225,,,HUMAN_vs_HUMAN,1-0,C26,67
9WTEYdKe,Rated Bullet game,Bullet,60+0,mascenic,Unireprus,1770,1772,,,HUMAN_vs_HUMAN,1-0,A04,65
Ff046Vs1,Rated Bullet game,Bullet,60+0,NilsoNMJR_0-9,gr8whitebuffalo,1709,1709,,,HUMAN_vs_HUMAN,0-1,A02,62
HY8phaEz,Rated Bullet game,Bullet,60+0,gouravsharmaap,quickplayer2021,1665,1646,,,HUMAN_vs_HUMAN,1-0,C00,53
13nA45rT,Rated Bullet game,Bullet,60+0,PatricioPernambucano,Gauteee777,1879,1862,,,HUMAN_vs_HUMAN,0-1,A43,112
tb5Y8N18,Rated Bullet game,Bullet,60+0,argj00,Noriam,2114,2163,,,HUMAN_vs_HUMAN,1-0,A00,101
mUC9I1dD,Rated Bullet game,Bullet,60+0,CrispyOnion,emirrhanapaydin,1836,1834,,,HUMAN_vs_HUMAN,1-0,D31,45
ycAdPUEP,Rated Bullet game,Bullet,60+0,JadeLizard,LazyDoesIt,1845,1853,,,HUMAN_vs_HUMAN,0-1,C10,68
SKAnGcpJ,Rated Bullet game,Bullet,60+0,PArnaudov,LeonardoYopalCas,2565,2400,GM,,HUMAN_vs_HUMAN,1-0,C40,93
CkMPOHlR,Rated Bullet game,Bullet,60+0,Shadowless75,javadkhanmohammad,1818,1779,,,HUMAN_vs_HUMAN,1-0,B00,79
Dk3oWHyV,Rated Bullet game,Bullet,60+0,paquetuveaslo,Tione1,2242,2217,,,HUMAN_vs_HUMAN,0-1,A46,80
aQJ9JWEw,Rated Bullet game,Bullet,60+0,Queen_Whooper,Sirozha,2074,1979,,,HUMAN_vs_HUMAN,1-0,B00,57
18ZVokxQ,Rated Bullet game,Bullet,60+0,Dynamikus,Pittsburgh66,2796,2685,GM,,HUMAN_vs_HUMAN,1-0,D02,101
GPmlB00p,Rated Blitz game,Blitz,300+0,Godwin02,Ck1Reverse,1941,1915,,,HUMAN_vs_HUMAN,1-0,C00,61
lsl6rBzG,Rated Bullet game,Bullet,60+0,Roham1371,RandomOrder,2052,2066,,,HUMAN_vs_HUMAN,1-0,A43,85
02KTbKSE,Rated Bullet game,Bullet,60+0,mostfa82,voncla,942,997,,,HUMAN_vs_HUMAN,0-1,B45,58
ReYwaHJc,Rated Blitz game,Blitz,180+2,Greyowl88,mehmetenes,1327,1349,,,HUMAN_vs_HUMAN,1-0,C50,69
C04fsY0C,Rated Rapid game,Rapid,600+0,marlonmarquezgt,ErickTorres123,1207,1250,,,HUMAN_vs_HUMAN,0-1,B20,168
1wSkryjW,Rated Rapid game,Rapid,600+0,wulf_ua,PacmanToroPiton,1179,1131,,,HUMAN_vs_HUMAN,0-1,C20,112
bnR4K6lE,Rated Rapid game,Rapid,600+0,Kevin779,zulus991,1320,1295,,,HUMAN_vs_HUMAN,0-1,C24,73
DiQDCxsI,Rated Rapid game,Rapid,600+0,sergnikred,Sergey_Korolkoffsa,1756,1730,,,HUMAN_vs_HUMAN,1-0,C44,47
LSG2eMZH,Rated Rapid game,Rapid,600+0,Kabelolemang,AhmadHM,1891,1865,,,HUMAN_vs_HUMAN,0-1,C00,92
MpyMkwEq,Rated Rapid game,Rapid,600+0,Jero-yt,Gafaskje,1281,1300,,,HUMAN_vs_HUMAN,1-0,B12,45
hCuc9sO7,Rated Rapid game,Rapid,600+0,Tenya,chessnedicin,1717,1717,,,HUMAN_vs_HUMAN,1-0,A80,59
rDhMvEbQ,Rated Rapid game,Rapid,600+0,blundermaster7777,muskokadave,1500,1586,,,HUMAN_vs_HUMAN,0-1,C41,56
JthFujGl,Rated Rapid game,Rapid,600+0,tasimi65,LIVEerpool,2202,2202,,,HUMAN_vs_HUMAN,1-0,B20,35
KgHWL5ok,Rated Rapid game,Rapid,600+0,Eu_pho_ria,oSenhorNatureza,911,906,,,HUMAN_vs_HUMAN,1-0,B01,53
wz3ctiQN,Rated Rapid game,Rapid,600+0,istanbuls,Forseti_01,959,959,,,HUMAN_vs_HUMAN,1-0,C22,21
StK53JOq,Rated Rapid game,Rapid,600+0,Drago_18,mk-mk,1674,1613,,,HUMAN_vs_HUMAN,1-0,A41,77
pEhsgaty,Rated Blitz game,Blitz,180+0,chacarronhuehuehue,ElStockfeesho,2092,2114,,,HUMAN_vs_HUMAN,0-1,C37,94
nA8xYb0g,Rated Blitz game,Blitz,180+2,maks0is0lover0chess,nathanmendonca,1773,1727,,,HUMAN_vs_HUMAN,1-0,E81,73
ckIa2pay,Rated UltraBullet game,UltraBullet,15+0,Chesswarriors12,Y0ung_12345,2102,2051,,,HUMAN_vs_HUMAN,0-1,A43,76
Q16TYNZw,Rated Bullet game,Bullet,60+0,Nov3mb3r_Rain,MadMaltenX,1966,2070,,,HUMAN_vs_HUMAN,1-0,A35,131
CHL24WtR,Rated Bullet game,Bullet,60+0,wilfv100,christ41-EOL,1920,1835,,,HUMAN_vs_HUMAN,1-0,A40,39
E4h2yDPB,Rated Bullet game,Bullet,60+0,Smileandrelax,Emmanouilidis,1376,1378,,,HUMAN_vs_HUMAN,0-1,A06,62
XdZkw5Qy,Rated Bullet game,Bullet,60+0,Freedataxt,Repa-Punk,1749,1778,,,HUMAN_vs_HUMAN,1-0,A04,83
6aIdKBcQ,Rated Bullet game,Bullet,60+0,kirins,grillimies,1253,1244,,,HUMAN_vs_HUMAN,0-1,A00,40
YJrcY0km,Rated Bullet game,Bullet,60+0,Red_raven,kludvig8,1945,1950,,,HUMAN_vs_HUMAN,1-0,B29,53
CAMjEiS6,Rated Bullet game,Bullet,60+0,oilyolly1994,TheDoctor47,1472,1442,,,HUMAN_vs_HUMAN,0-1,A43,52
bzhSyHzN,Rated Bullet game,Bullet,60+0,medo4,Jpizarro71,1737,1718,,,HUMAN_vs_HUMAN,1-0,C30,73
hMKE7r0O,Rated Bullet game,Bullet,60+0,gaizka0331a,Norwegian_Loser,1697,1683,,,HUMAN_vs_HUMAN,0-1,D30,82
kQYFNGkS,Rated Bullet game,Bullet,60+0,Bunny2611,betelking,2233,2250,,,HUMAN_vs_HUMAN,1-0,A40,103
LpqFBBmW,Rated Bullet game,Bullet,60+0,CAR424,imadtidjani,2172,2211,,,HUMAN_vs_HUMAN,1-0,A40,61
YSibxZjA,Rated Bullet game,Bullet,60+0,slevin_n,bobbylittlehelper,850,918,,,HUMAN_vs_HUMAN,0-1,A40,4
n7gGInB4,Rated Bullet game,Bullet,60+0,envie78,Adal_Berto,2162,2285,,,HUMAN_vs_HUMAN,0-1,A00,70
MV5jyEt5,Rated Bullet game,Bullet,60+0,puyey,with_strength_i_burn,2144,2161,,,HUMAN_vs_HUMAN,1-0,A00,56
1UZn9t2B,Rated Bullet game,Bullet,60+0,garfiox,FrankAgter,2298,2369,,,HUMAN_vs_HUMAN,0-1,A40,64
UDpqCXaG,Rated Bullet game,Bullet,60+0,MiGatoRonca,Arouteen,2165,2186,,,HUMAN_vs_HUMAN,0-1,A43,106
nlhaA8qZ,Rated Bullet game,Bullet,60+0,ElmerBarrera,Hektor007,1693,1753,,,HUMAN_vs_HUMAN,0-1,C44,70
ZjA9uqv2,Rated Bullet game,Bullet,60+0,kingofdanoobss,Abe70,1691,1647,,,HUMAN_vs_HUMAN,1/2-1/2,A00,98
sRM1p57Q,Rated Bullet game,Bullet,60+0,bankaiblitzer,pauliiiiii,1886,1878,,,HUMAN_vs_HUMAN,0-1,B10,86
HoZKGdey,Rated Bullet game,Bullet,60+0,schwedus,AnatolBalta,2447,2494,,,HUMAN_vs_HUMAN,1/2-1/2,B40,71
bJvODn0V,Rated Bullet game,Bullet,60+0,Bacies,PedroVGarcia,1541,1591,,,HUMAN_vs_HUMAN,0-1,D00,56
Isu68MrG,Rated Bullet game,Bullet,60+0,Olayinka,waleczny5,1994,2003,,,HUMAN_vs_HUMAN,0-1,A45,58
2Drh4iTM,Rated Bullet game,Bullet,60+0,abdulsamadtk78,baqwas,1381,1385,,,HUMAN_vs_HUMAN,0-1,B01,38
cLE4jHLN,Rated Bullet game,Bullet,60+2,fegat,cosmos_hu,1380,1402,,,HUMAN_vs_HUMAN,1-0,D00,106
qzwZQq1f,Rated Bullet game,Bullet,60+0,Abekete,ONGAROV,2326,2354,,,HUMAN_vs_HUMAN,1-0,A41,59
7l4IBzri,Rated Blitz game,Blitz,180+2,Gambitos_Malos,plazina1968,2181,2207,,,HUMAN_vs_HUMAN,0-1,B32,32
mXEXOE3x,Rated Blitz game,Blitz,180+2,onurkj,MarcN78,1368,1381,,,HUMAN_vs_HUMAN,1-0,A40,159
oLzhMAiB,Rated Blitz game,Blitz,180+2,toothless_76,raqsjk,1997,1928,,,HUMAN_vs_HUMAN,1-0,C03,107
YdPpsGaH,Rated Blitz game,Blitz,180+2,Aams97,ErickZel,895,953,,,HUMAN_vs_HUMAN,1-0,C42,77
60fZcYd9,Rated Blitz game,Blitz,180+2,retyanto,changoski,2016,2029,,,HUMAN_vs_HUMAN,1-0,C53,73
xo0gDg4k,Rated Blitz game,Blitz,180+2,tintonoob,Davao,1247,1153,,,HUMAN_vs_HUMAN,1-0,C41,40
Wqde88rZ,Rated Blitz game,Blitz,180+2,pixel2464,omarturki,1456,1400,,,HUMAN_vs_HUMAN,1-0,A50,61
lZp8Hq5W,Rated Blitz game,Blitz,180+2,JJcross8,sergej-v,2058,2070,,,HUMAN_vs_HUMAN,1-0,B01,19
iO9AzPGq,Rated Blitz game,Blitz,180+2,jtgoalman,ourlinni,1085,1121,,,HUMAN_vs_HUMAN,0-1,A45,34
bKewaHRy,Rated Blitz game,Blitz,180+2,raketwo,AKM_7500,1588,1630,,,HUMAN_vs_HUMAN,1-0,B01,63
VCZlFLRn,Rated Blitz game,Blitz,180+2,tbatista,pallko,2172,2135,,,HUMAN_vs_HUMAN,0-1,A40,66
4DQht0nu,Rated Blitz game,Blitz,180+2,hilarius-bookbinder,sauerkrautt,1572,1484,,,HUMAN_vs_HUMAN,1-0,B21,23
57IpbrLA,Rated Blitz game,Blitz,300+3,walter2shop,laeye,1362,1338,,,HUMAN_vs_HUMAN,0-1,B01,51
cccECLMh,Rated Blitz game,Blitz,300+3,ttbabb,legend_oman66,1829,1872,,,HUMAN_vs_HUMAN,1-0,A83,31
SWJrNkZa,Rated Blitz game,Blitz,300+3,dmehmetsen,CheGuevara5A,922,974,,,HUMAN_vs_HUMAN,1-0,C41,53
2YItu6Up,Rated Blitz game,Blitz,300+3,maiyahossain,shehateskond,1081,1040,,,HUMAN_vs_HUMAN,0-1,B06,56
3x8FWHx5,Rated Blitz game,Blitz,300+3,fozzz,colindomo,1295,1296,,,HUMAN_vs_HUMAN,1-0,C23,61
mySy7E62,Rated Blitz game,Blitz,300+3,bimer_ok,mightyduck6,1421,1501,,,HUMAN_vs_HUMAN,1-0,B10,53
DtvYgfKt,Rated Blitz game,Blitz,300+3,Discalie,Ente_Artema,1930,1930,,,HUMAN_vs_HUMAN,1-0,E20,54
Av5qPNXa,Rated Blitz game,Blitz,300+3,mvelisa,Mihaita26,2113,2250,,,HUMAN_vs_HUMAN,1/2-1/2,D00,114
Ozj40abZ,Rated Blitz game,Blitz,300+3,omercan13,scholarsm1,1486,1523,,,HUMAN_vs_HUMAN,0-1,A43,96
wW74V87R,Rated Blitz game,Blitz,300+3,Caractere,Marclecerf13,1572,1546,,,HUMAN_vs_HUMAN,0-1,D02,56
LDlXmEAT,Rated Bullet game,Bullet,60+0,cybersecuritah,Leonardoseptuaginto,1349,1367,,,HUMAN_vs_HUMAN,0-1,C42,72
ZNzcn8Cy,Rated Blitz game,Blitz,300+0,Mamdouhadamhadi,mufessirr,1432,1396,,,HUMAN_vs_HUMAN,1/2-1/2,A40,98
OEJgXMqf,Rated Bullet game,Bullet,60+0,Kleinpatzer,HogerOmari,2162,2159,,,HUMAN_vs_HUMAN,0-1,B23,98
mYycMISo,Rated Rapid game,Rapid,300+14,LEANDROGOKU,Fe77gdgfhghvtbhkv,1092,1097,,,HUMAN_vs_HUMAN,0-1,B20,62
5MFPTNcw,Rated Blitz game,Blitz,180+0,Dilshad1959,ycnzhd,1850,1642,,,HUMAN_vs_HUMAN,1-0,C00,71
2IcIRNf5,Rated Blitz game,Blitz,180+0,g1l6ert,kino82,1344,1329,,,HUMAN_vs_HUMAN,1-0,D02,8
AtkgkYaj,Rated Blitz game,Blitz,180+0,Epivape,leonech,2024,2069,,,HUMAN_vs_HUMAN,1-0,A13,73
cuEN6dJ4,Rated Blitz game,Blitz,180+0,doc_in_training,ragni_leufu,1650,1689,,,HUMAN_vs_HUMAN,0-1,A13,75
ucNAfJE3,Rated Blitz game,Blitz,180+0,InGravitty,JESSE2023,2019,2006,,,HUMAN_vs_HUMAN,1-0,B07,33
y7iD6oKz,Rated Blitz game,Blitz,180+0,abrahan3211,carlos_pinheiro,1841,1856,,,HUMAN_vs_HUMAN,0-1,B10,72
g4SKU6t4,Rated Blitz game,Blitz,180+0,vizov,akbarkeshtdar,1539,1578,,,HUMAN_vs_HUMAN,0-1,A00,82
IdPVObzb,Rated Blitz game,Blitz,180+0,Mieldepalma,BastianLoL07,1919,1971,,,HUMAN_vs_HUMAN,0-1,D43,72
wJby1Tn6,Rated Blitz game,Blitz,180+0,atsag,olegarchy,1380,1393,,,HUMAN_vs_HUMAN,1-0,D00,3
BCyWS4aO,Rated Blitz game,Blitz,180+0,quark3,enclaves128,1698,1740,,,HUMAN_vs_HUMAN,0-1,A00,72
SMuHhQoC,Rated Blitz game,Blitz,180+0,ruubel,reallywilly,2163,2099,,,HUMAN_vs_HUMAN,0-1,A40,98
gAorLTJm,Rated Blitz game,Blitz,180+0,Mattes1988,shaikarif,1600,1579,,,HUMAN_vs_HUMAN,0-1,D01,38
tbvXAVua,Rated Blitz game,Blitz,180+0,feilritz,pedro31,1494,1510,,,HUMAN_vs_HUMAN,0-1,C40,124
UB31e6sP,Rated Blitz game,Blitz,180+0,Chigorinez,Luhrman,2542,2433,IM,,HUMAN_vs_HUMAN,1-0,B40,71
SOafvzpx,Rated Blitz game,Blitz,180+0,syad_bony77,GERINDRA_BOS,2473,2658,,,HUMAN_vs_HUMAN,0-1,C48,56
6TzLUCd0,Rated Blitz game,Blitz,180+0,perzufall,Catracho05,1467,1488,,,HUMAN_vs_HUMAN,0-1,C41,86
dSGviHnG,Rated Blitz game,Blitz,180+0,Ngyes,dgo78,1186,1177,,,HUMAN_vs_HUMAN,1-0,A00,95
1R3dhKFv,Rated Blitz game,Blitz,180+0,nyate,yakali67,1837,1750,,,HUMAN_vs_HUMAN,0-1,C00,72
PKJShsUN,Rated Bullet game,Bullet,60+0,NOOBT3,orjinaladam17,1861,1806,,,HUMAN_vs_HUMAN,0-1,B00,82
WxN96rG7,Rated Bullet game,Bullet,60+0,czqxzrj,lukasb4321,1252,1230,,,HUMAN_vs_HUMAN,1-0,D00,51
WROlhbaP,Rated Bullet game,Bullet,60+0,Alan120,IncorporateKing,1571,1575,,,HUMAN_vs_HUMAN,1-0,C40,5
Ib3AxP6H,Rated Bullet game,Bullet,60+0,vadir,lagavulin_16,2309,2284,,,HUMAN_vs_HUMAN,0-1,A00,62
CPEKPAP2,Rated Bullet game,Bullet,60+0,KF51,aarasabir,1555,1563,,,HUMAN_vs_HUMAN,0-1,C00,62
GlmjAs39,Rated Bullet game,Bullet,60+0,pfolkedal,jaymed,1092,1068,,,HUMAN_vs_HUMAN,0-1,B01,42
jmHA7aHm,Rated Bullet game,Bullet,120+1,naser_1974,avitko,1704,1717,,,HUMAN_vs_HUMAN,0-1,C00,66
GZx30iIP,Rated Bullet game,Bullet,120+1,Vitaliy781,Apprenti_Chess,1643,1654,,,HUMAN_vs_HUMAN,1-0,D21,72
7ygSzgGj,Rated Bullet game,Bullet,120+1,Madprof,Knightsleap,1451,1416,,,HUMAN_vs_HUMAN,1-0,B34,79
GLgVaAX9,Rated Bullet game,Bullet,120+1,garrydvt,estrellapolardefuego,1054,1005,,,HUMAN_vs_HUMAN,0-1,B01,53
3YWH4dyu,Rated Bullet game,Bullet,120+1,Sasha60,yeasin84,2042,2029,,,HUMAN_vs_HUMAN,0-1,C65,50
ifSfM9PP,Rated Bullet game,Bullet,120+1,artistabhi,henriquecarvalho10,880,1026,,,HUMAN_vs_HUMAN,1-0,A00,85
T6qNFwpz,Rated Bullet game,Bullet,120+1,DoeBoi,AKPKUMAR,1327,1316,,,HUMAN_vs_HUMAN,1-0,C30,55
9pAwdggZ,Rated Bullet game,Bullet,120+1,hd1905,DumbPang,1743,1705,,,HUMAN_vs_HUMAN,0-1,B13,76
RFvhNioR,Rated Bullet game,Bullet,120+1,Luiz2015,Basangbasa,2087,2107,,,HUMAN_vs_HUMAN,1-0,D18,73
u708cnsR,Rated Bullet game,Bullet,120+1,ZG-777,mincso,2116,2270,,,HUMAN_vs_HUMAN,1-0,B00,31
cyN3Cdr8,Rated Bullet game,Bullet,120+1,treborsmada,asaptoxin,777,806,,,HUMAN_vs_HUMAN,0-1,B06,48
LIHJ439Q,Rated Blitz game,Blitz,180+0,andlit2020,Passionary_1,2095,2125,,,HUMAN_vs_HUMAN,0-1,B32,42
DoANsYw8,Rated Blitz game,Blitz,180+2,Cakinhasanali64,nzmypc,1981,1940,,,HUMAN_vs_HUMAN,1/2-1/2,E67,137
Q6pLq4wo,Rated Blitz game,Blitz,180+0,akeelll,Slerking,1491,1451,,,HUMAN_vs_HUMAN,1-0,A40,97
OQuX0EXn,Rated Bullet game,Bullet,30+0,yahyasaleem700,miaqimobas,1879,1968,,,HUMAN_vs_HUMAN,1-0,D00,95
ShERamYg,Rated Blitz game,Blitz,300+0,trb5me,johndeebaptist,1063,1041,,,HUMAN_vs_HUMAN,1-0,C00,37
GCIkFIAx,Rated Blitz game,Blitz,300+0,jamusx,Scaptug,1551,1555,,,HUMAN_vs_HUMAN,1-0,B06,93
y97RAySp,Rated Blitz game,Blitz,300+0,Percheron77,aborody2030,1809,1783,,,HUMAN_vs_HUMAN,1-0,B01,109
Uk6dysi9,Rated Blitz game,Blitz,300+0,Sualk78,Top1gtyr,1531,1520,,,HUMAN_vs_HUMAN,0-1,B00,68
88M8t4Ow,Rated Blitz game,Blitz,300+0,Esg9906,rikoto,1580,1592,,,HUMAN_vs_HUMAN,1-0,A00,93
4vrLzL4r,Rated Blitz game,Blitz,300+0,Mesut3434,bjsoni,1355,1370,,,HUMAN_vs_HUMAN,1-0,B00,71
Ww2SuIa1,Rated Blitz game,Blitz,300+0,A11DY_sulut,fatadada,1831,1859,,,HUMAN_vs_HUMAN,1-0,A45,85
tqQHTSnb,Rated Blitz game,Blitz,300+0,Jan_Zonderland,Dr_bastwisy,1495,1483,,,HUMAN_vs_HUMAN,0-1,A40,40
jpkALqxc,Rated Blitz game,Blitz,300+0,ehseham,cesarjdlr,1038,1026,,,HUMAN_vs_HUMAN,0-1,C57,70
HBP4E8BP,Rated Blitz game,Blitz,300+0,Islammahmoud1,ximii,1243,1230,,,HUMAN_vs_HUMAN,0-1,C50,28
P91onQPD,Rated Blitz game,Blitz,300+0,yassirov,JuanBKing,1556,1526,,,HUMAN_vs_HUMAN,1-0,C00,225
GiMWjNV7,Rated Blitz game,Blitz,300+0,kresten,ADRYNOE_96,1578,1562,,,HUMAN_vs_HUMAN,1-0,C10,63
NsPdXukw,Rated Blitz game,Blitz,300+0,KungFoodPanda,Luigtim,1413,1392,,,HUMAN_vs_HUMAN,1-0,C40,21
6OTm9ArI,Rated Blitz game,Blitz,300+0,toujoursjeune,Psicologa,1886,1895,,,HUMAN_vs_HUMAN,0-1,D20,40
QXqczqxH,Rated Blitz game,Blitz,300+0,altyse,jaimepan62,2030,1969,,,HUMAN_vs_HUMAN,1-0,C21,37
f2nBVzc4,Rated Blitz game,Blitz,300+0,SM360,pino_Dio,1300,1249,,,HUMAN_vs_HUMAN,1-0,D20,55
WWZlM7xU,Rated Rapid game,Rapid,180+12,Yisus44,XFINALX,1631,1423,,,HUMAN_vs_HUMAN,0-1,C01,34
xuLpGZAU,Rated Rapid game,Rapid,600+0,FunnyFunderson,sylvesterdodd,1121,1106,,,HUMAN_vs_HUMAN,1-0,C20,42
iVdBHa4I,Rated Rapid game,Rapid,600+0,avram1954,huseyin48,1665,1679,,,HUMAN_vs_HUMAN,1-0,A40,69
sRyLXMHC,Rated Rapid game,Rapid,600+0,Mqxi,Mlandreth1,1101,1060,,,HUMAN_vs_HUMAN,0-1,C46,28
7lChipxu,Rated Rapid game,Rapid,600+0,fjajo,Figgaro,1529,1549,,,HUMAN_vs_HUMAN,1-0,A45,23
Aqby3u1j,Rated Rapid game,Rapid,600+0,iRoguex,Yryna,1215,1210,,,HUMAN_vs_HUMAN,1-0,C44,57
aS5qH1AJ,Rated Rapid game,Rapid,600+0,AliFeyyaz,Hoclepo,1758,1736,,,HUMAN_vs_HUMAN,0-1,B32,134
oMYXMskn,Rated Rapid game,Rapid,600+0,flashgordon,GleamingFlag,1816,1800,,,HUMAN_vs_HUMAN,1-0,A65,65
ZeEka9k3,Rated Rapid game,Rapid,600+0,salah56586,madarfakir,1132,1197,,,HUMAN_vs_HUMAN,1-0,D00,31
sNfLAl0m,Rated Rapid game,Rapid,600+0,hanzenultra,molig27759,1687,1724,,,HUMAN_vs_HUMAN,1-0,C70,89
R8XY5cuV,Rated Rapid game,Rapid,600+0,Lotaro,Mostafa11231,1038,976,,,HUMAN_vs_HUMAN,0-1,C47,56
p8OkpLt3,Rated Rapid game,Rapid,600+0,SlrMunCrystla,CienistyBlysk,1259,1234,,,HUMAN_vs_HUMAN,1/2-1/2,A40,119
mzlgMaEg,Rated Rapid game,Rapid,600+5,Rovshan05,Mohammed_Jawad,1742,1783,,,HUMAN_vs_HUMAN,1-0,A45,19
UkmlsfbT,Rated Rapid game,Rapid,600+5,sojase,Kkhushi4,1701,1723,,,HUMAN_vs_HUMAN,0-1,C47,52
zYX5078C,Rated Rapid game,Rapid,600+5,DonPuk,Korombo01,1241,1269,,,HUMAN_vs_HUMAN,1-0,A45,39
s8mxffDP,Rated Rapid game,Rapid,600+5,jzlocz,pdefra01,939,958,,,HUMAN_vs_HUMAN,0-1,E46,68
KbktZxGr,Rated Rapid game,Rapid,600+5,Piersonbe,Gregory77045690,1110,1147,,,HUMAN_vs_HUMAN,1-0,A00,22
O1QSRTHa,Rated Rapid game,Rapid,600+5,Unwise,valdirbm,1790,1783,,,HUMAN_vs_HUMAN,1-0,C25,63
6BhAEDcb,Rated Rapid game,Rapid,600+5,Damonsa,Mark_Heiner,1477,1354,,,HUMAN_vs_HUMAN,0-1,B50,15
ZeOWp5cP,Rated Rapid game,Rapid,600+5,honorboi,niimailtah,1500,1575,,,HUMAN_vs_HUMAN,0-1,C20,28
lkAFQnXw,Rated Rapid game,Rapid,600+5,MrSaint,achinara,1140,1029,,,HUMAN_vs_HUMAN,0-1,C44,40
3evxYwp8,Rated Rapid game,Rapid,600+5,Yasser_reda44,Cornell21,1173,1163,,,HUMAN_vs_HUMAN,1-0,D15,79
w94Cr9ge,Rated Bullet game,Bullet,120+1,popeye74,djolerkv,971,1000,,,HUMAN_vs_HUMAN,1-0,D01,41
BE4qZaPV,Rated Bullet game,Bullet,120+1,Idiot1982,Banisa6,1434,1411,,,HUMAN_vs_HUMAN,1-0,C50,87
2HJkNDr4,Rated Blitz game,Blitz,180+0,bignut1998,Igorshahmat,1551,1550,,,HUMAN_vs_HUMAN,0-1,B40,76
kgNWfpvZ,Rated Blitz game,Blitz,180+0,PV57,CHESS-LOVER1974,1837,1827,,,HUMAN_vs_HUMAN,1-0,A48,127
Fq8GwxQg,Rated Blitz game,Blitz,180+0,cv-1998-vc3,lzdawer,1613,1603,,,HUMAN_vs_HUMAN,1-0,D20,73
Ysbu7EkP,Rated Blitz game,Blitz,180+0,Elamodelmerol,sun2323,1798,1806,,,HUMAN_vs_HUMAN,0-1,B00,76
sbPXWDRo,Rated Blitz game,Blitz,180+0,dmsobe,axteris,1464,1451,,,HUMAN_vs_HUMAN,0-1,C00,74
H33ycWoW,Rated Blitz game,Blitz,180+0,Leon_Blanco,Fed67,2390,2410,NM,,HUMAN_vs_HUMAN,1-0,C19,117
uwL2KNXj,Rated Blitz game,Blitz,180+0,vector254,EmmaS_Chess,973,1100,,,HUMAN_vs_HUMAN,1-0,D00,47
xAg303RO,Rated Blitz game,Blitz,180+0,coachtrainer,maxilata,2226,2284,,,HUMAN_vs_HUMAN,1-0,D00,51
WiQvEIIW,Rated Blitz game,Blitz,180+0,Bobj88,Diaton,2034,2017,,,HUMAN_vs_HUMAN,1-0,B06,79
GjIyDRtm,Rated Blitz game,Blitz,180+0,kimpossiblexd,Omer2425,1755,1642,,,HUMAN_vs_HUMAN,0-1,D15,70
u3D0gCyF,Rated Blitz game,Blitz,180+0,ledco888,KingdomsDisdained,2367,2389,,,HUMAN_vs_HUMAN,1-0,A01,87
5KCTPybb,Rated Blitz game,Blitz,180+2,hshjztfhz,brokor58,1283,1315,,,HUMAN_vs_HUMAN,1-0,A43,59
tQFEQjTe,Rated Blitz game,Blitz,180+0,ivanFedericoI,talcao,1718,1713,,,HUMAN_vs_HUMAN,0-1,B06,88
ElfBzlad,Rated Blitz game,Blitz,300+4,gutop,Frank_5,1422,1664,,,HUMAN_vs_HUMAN,1-0,D01,151
LRNUFYno,Rated Bullet game,Bullet,60+0,stanfor,sblok78,1527,1520,,,HUMAN_vs_HUMAN,1-0,A00,41
CIBFXC0o,Rated Bullet game,Bullet,60+0,DaViRoK,NEMO225,1632,1702,,,HUMAN_vs_HUMAN,1-0,D06,77
yaftRCAx,Rated Bullet game,Bullet,60+0,MrCoconuts,PatMlvl,1019,970,,,HUMAN_vs_HUMAN,1-0,B00,43
HWhSLVyW,Rated Bullet game,Bullet,60+0,erkamito,z1gor,1382,1346,,,HUMAN_vs_HUMAN,0-1,A05,76
ecwGPfnq,Rated Bullet game,Bullet,60+0,jacmos3,abouabdoullah212,1731,1787,,,HUMAN_vs_HUMAN,1-0,A00,87
LPOXG8jC,Rated Bullet game,Bullet,60+0,LiftThisRookMyFriend,Miguelprro2,2152,2166,,,HUMAN_vs_HUMAN,0-1,A00,24
ZB1RqrTO,Rated Bullet game,Bullet,60+0,ludochess,Raznik,2091,2064,,,HUMAN_vs_HUMAN,1-0,A40,47
LvXdAJiE,Rated Bullet game,Bullet,60+0,sharp-eleven,Mehran13mome,1421,1371,,,HUMAN_vs_HUMAN,1-0,B20,47
9OWrVdlP,Rated Bullet game,Bullet,60+0,Dmitry_Samsonov,roadto2350DWZ,2488,2433,,,HUMAN_vs_HUMAN,1-0,A00,111
zzp7yCKl,Rated Bullet game,Bullet,60+0,otomco,BigMoneySalvia69,1567,1561,,,HUMAN_vs_HUMAN,1-0,B01,65
s8ZYwNCa,Rated Bullet game,Bullet,60+0,neuna,AntarcticaRepublic,1945,1943,,,HUMAN_vs_HUMAN,1-0,D37,61
zGoVJAjv,Rated Bullet game,Bullet,60+0,rojopar69,jhcab,2241,2148,,,HUMAN_vs_HUMAN,0-1,D10,62
FevdBoRv,Rated Bullet game,Bullet,60+0,FridaysMonday,Mouhametgueye-169,1424,1428,,,HUMAN_vs_HUMAN,0-1,B50,56
bovyLpWS,Rated Bullet game,Bullet,60+0,FlokiTheCat,Gebarmutterhalskrebs,2462,2492,,,HUMAN_vs_HUMAN,0-1,D30,54
kIT00DF7,Rated Bullet game,Bullet,60+0,maniacfeeder,paulovittor97,1125,1181,,,HUMAN_vs_HUMAN,1-0,D00,51
8qqNyhUs,Rated Bullet game,Bullet,60+0,frmio94p3,DonCapri,1993,1969,,,HUMAN_vs_HUMAN,1-0,C44,71
laAAzaSb,Rated Bullet game,Bullet,60+0,johnnybegood,jeromsky,1854,1832,,,HUMAN_vs_HUMAN,0-1,C63,68
WlRUfLZk,Rated Bullet game,Bullet,60+0,whosaysiamgay,F_Z3,1112,1070,,,HUMAN_vs_HUMAN,0-1,A00,26
45IyJHDL,Rated Bullet game,Bullet,60+0,lama17,GreetingsAndGoodBye,2520,2533,,,HUMAN_vs_HUMAN,1-0,D00,69
WXnOYMLx,Rated Blitz game,Blitz,30+5,NeuroSerpens,aceee,1724,1317,,,HUMAN_vs_HUMAN,1-0,A00,45
iiwDWdU0,Rated Rapid game,Rapid,480+0,Esequibo-VENEZUELA,white1313,1953,1829,,,HUMAN_vs_HUMAN,1-0,A00,74
g8kuisFX,Rated Blitz game,Blitz,180+2,APYzad,Kabo_mate,1640,1656,,,HUMAN_vs_HUMAN,1-0,A48,35
yBNYJGr4,Rated Bullet game,Bullet,60+0,gabrielgehlen,padrepio00,1669,1801,,,HUMAN_vs_HUMAN,1-0,A40,103
ToVbl3VK,Rated Blitz game,Blitz,300+0,kingjake,lsab86,1487,1430,,,HUMAN_vs_HUMAN,1-0,C25,31
2hDLICv0,Rated Blitz game,Blitz,180+0,francheA76,adnanbelleh,1914,1877,,,HUMAN_vs_HUMAN,1-0,B01,165
Dlet9BmW,Rated Blitz game,Blitz,180+2,valterfish,Askje,1356,1400,,,HUMAN_vs_HUMAN,0-1,B10,64
IamwYI0E,Rated Blitz game,Blitz,180+2,dkmichigan13,RIZZYWIZZY,1262,1211,,,HUMAN_vs_HUMAN,1-0,B01,137
WFP75ZJZ,Rated Blitz game,Blitz,180+2,IVchess,neualbatros,2014,2110,,,HUMAN_vs_HUMAN,1-0,A22,35
JvYNgiaR,Rated Blitz game,Blitz,180+2,Blues_Mane,atakli,1737,1757,,,HUMAN_vs_HUMAN,1-0,A30,57
6Tn1XykE,Rated Blitz game,Blitz,180+2,xeesk,total-ingratitude,1832,1906,,,HUMAN_vs_HUMAN,1-0,B30,54
Wun3BspZ,Rated Blitz game,Blitz,180+2,sale2406,hasanalpsaat,1525,1563,,,HUMAN_vs_HUMAN,1-0,C10,45
3SbYd4dN,Rated Blitz game,Blitz,180+2,vyacheslav74,FerRom97,1081,1106,,,HUMAN_vs_HUMAN,0-1,B00,12
3kIr1eTP,Rated Blitz game,Blitz,180+2,Oleg4-Cahul,silence221,1603,1637,,,HUMAN_vs_HUMAN,0-1,C50,90
7T3AwwKi,Rated Blitz game,Blitz,180+2,frederico-nogueira,Amirkhan20,1186,1186,,,HUMAN_vs_HUMAN,0-1,B00,28
AWmpe9XL,Rated Blitz game,Blitz,180+2,neurosecond,vampiro62,1517,1425,,,HUMAN_vs_HUMAN,1-0,D20,101
L8iMXu8C,Rated Blitz game,Blitz,180+2,NedNoodleHead,kutayinho,1575,1572,,,HUMAN_vs_HUMAN,0-1,D00,20
qZsKpIEt,Rated Blitz game,Blitz,180+2,hyperproud,Omar1511,1945,2003,,,HUMAN_vs_HUMAN,0-1,D02,48
nXTyVlEL,Rated Rapid game,Rapid,600+0,HawaiianShirt,Petrosian007,1580,1544,,,HUMAN_vs_HUMAN,1-0,C62,45
fR0zGeat,Rated Rapid game,Rapid,600+0,mehmetogun,GregKh2014,1753,1652,,,HUMAN_vs_HUMAN,1-0,C47,99
GZRjPs1q,Rated Blitz game,Blitz,180+2,aurisdeff,diegonus,1546,1582,,,HUMAN_vs_HUMAN,0-1,A45,146
XJfhSrDh,Rated Blitz game,Blitz,180+2,Kaiwhi,toucan123,2051,2034,,,HUMAN_vs_HUMAN,1/2-1/2,C00,178
PqeAB7Xj,Rated Bullet game,Bullet,60+0,parryotter08,Nick7767,1845,1846,,,HUMAN_vs_HUMAN,1-0,A40,83
FnFcSHik,Rated Bullet game,Bullet,60+0,Ffiiddeell,Chris_Franz,957,906,,,HUMAN_vs_HUMAN,0-1,C49,42
kYCkRfO3,Rated Bullet game,Bullet,60+0,Razieh,zoli88,1982,2052,,,HUMAN_vs_HUMAN,1-0,A46,13
o8W2hvjJ,Rated Bullet game,Bullet,60+0,wilojean,sngarrid,1660,1660,,,HUMAN_vs_HUMAN,1-0,A01,33
wnxTx02r,Rated Bullet game,Bullet,60+0,GermanFlr,dekoLc,2082,2069,,,HUMAN_vs_HUMAN,0-1,B02,64
617YQKQA,Rated Bullet game,Bullet,60+0,michu8u,ta2david,1393,1404,,,HUMAN_vs_HUMAN,0-1,A04,62
rtePVtw6,Rated Bullet game,Bullet,60+0,Chaly,CelikUmut,1919,1913,,,HUMAN_vs_HUMAN,1-0,A43,35
U3RN4s5C,Rated Bullet game,Bullet,60+0,svanur,adewel,1118,1085,,,HUMAN_vs_HUMAN,0-1,B00,54
HUeTMgIi,Rated Bullet game,Bullet,60+0,asminoykuhazar,dstevens69,1894,1904,,,HUMAN_vs_HUMAN,1-0,C20,65
aBGtRNyj,Rated Bullet game,Bullet,60+0,voin-pdv,Kameelperd,2342,2375,,,HUMAN_vs_HUMAN,0-1,A56,102
LF0p9k4k,Rated Bullet game,Bullet,60+0,LibertyInDeath,Ant107,2059,2065,,,HUMAN_vs_HUMAN,1-0,B01,57
4SFGVWCI,Rated Bullet game,Bullet,60+0,ibroshchik,sjakksrud,1673,1737,,,HUMAN_vs_HUMAN,0-1,A41,106
lYCZm4TG,Rated Bullet game,Bullet,60+0,kanelo73,super_duper_noob,1384,1361,,,HUMAN_vs_HUMAN,1-0,B10,59
92CXHi7l,Rated Bullet game,Bullet,60+0,simoncarc,speedyxo,2144,2100,,,HUMAN_vs_HUMAN,1-0,C25,49
gOO0YJqg,Rated Bullet game,Bullet,60+0,ducktape07,Cale12345,1839,1839,,,HUMAN_vs_HUMAN,1-0,A40,67
jcEYSaNr,Rated Bullet game,Bullet,60+0,RaiveRamiano,juanchonelo,1272,1293,,,HUMAN_vs_HUMAN,0-1,C34,40
wQSz2nv2,Rated Rapid game,Rapid,600+0,tripiz,Flotscher,1145,1088,,,HUMAN_vs_HUMAN,0-1,D00,164
cAB7E61D,Rated Blitz game,Blitz,180+0,MAILLINGER1860,Alekin2,2324,2299,,,HUMAN_vs_HUMAN,1/2-1/2,B01,132
hYu4bt5U,Rated Blitz game,Blitz,180+0,Morfhy2503,franckythedude75,2237,2145,,,HUMAN_vs_HUMAN,1/2-1/2,A16,75
wD0u25UA,Rated Blitz game,Blitz,180+0,mrhawrylciw,ramsesdruhy,1756,1667,,,HUMAN_vs_HUMAN,1-0,A40,79
8137f2aK,Rated Blitz game,Blitz,180+0,commander1234575,shlok_parekh,1037,1040,,,HUMAN_vs_HUMAN,1-0,C46,31
hfTy79KG,Rated Blitz game,Blitz,180+0,Elhicer009,Tuzman,1879,1884,,,HUMAN_vs_HUMAN,1-0,C22,79
HOxcW3f9,Rated Blitz game,Blitz,180+0,JtK97,bicofevo,1028,988,,,HUMAN_vs_HUMAN,1-0,B10,71
0FmB70wv,Rated Blitz game,Blitz,180+0,Alexandr19801980,martha420,1378,1391,,,HUMAN_vs_HUMAN,0-1,B13,84
SuT2KaOH,Rated Blitz game,Blitz,180+0,Tylergoossen21,BotezGambitter,1630,1649,,,HUMAN_vs_HUMAN,0-1,C44,39
q0mNhOY3,Rated Blitz game,Blitz,180+0,viktorrus102,demirkhan7177,1777,1765,,,HUMAN_vs_HUMAN,1-0,C40,27
wGe95802,Rated Blitz game,Blitz,180+0,yasinhema,vikvazai,1864,1885,,,HUMAN_vs_HUMAN,1-0,A01,75
FT5tPgqt,Rated Blitz game,Blitz,180+0,Gatsby29,KonanderBarbar,2322,2314,,,HUMAN_vs_HUMAN,1-0,D02,69
WAiflNWF,Rated Blitz game,Blitz,180+0,Oleg21111111,Suzy8260,1132,1208,,,HUMAN_vs_HUMAN,0-1,D02,38
cMRVOpL7,Rated Blitz game,Blitz,180+0,leyuleyu,Titiluna,2066,2114,,,HUMAN_vs_HUMAN,1-0,D02,127
XjP6Qr6R,Rated Blitz game,Blitz,180+0,Fenard,JaroslavMelnyk,1345,1375,,,HUMAN_vs_HUMAN,1-0,C20,57
rOXvl61S,Rated Bullet game,Bullet,60+0,KACHOOW,Freddy-s,1472,1560,,,HUMAN_vs_HUMAN,1-0,E10,61
47qVyVPu,Rated Bullet game,Bullet,60+0,kouraich,BirbalReturns,1428,1434,,,HUMAN_vs_HUMAN,0-1,B06,62
yFpiNgmV,Rated Bullet game,Bullet,60+0,drnothingstein,Mesfinwold,1386,1360,,,HUMAN_vs_HUMAN,0-1,D10,32
5NUJtGX0,Rated Bullet game,Bullet,60+0,geekcoder,onlyyysss,1933,1978,,,HUMAN_vs_HUMAN,0-1,B00,68
jsA4BrPC,Rated Bullet game,Bullet,60+0,gmbahnsawy,Fethi2512,1808,1885,,,HUMAN_vs_HUMAN,0-1,B02,90
tXJQu7oG,Rated Bullet game,Bullet,60+0,DenisZh,Anjiotensin,2121,2135,,,HUMAN_vs_HUMAN,1-0,A40,87
dyRm9PPg,Rated Bullet game,Bullet,60+0,eichstaedt,LordMischief,1164,1222,,,HUMAN_vs_HUMAN,1-0,B00,73
6hza3PfO,Rated Bullet game,Bullet,60+0,caiopops,DrDominho,2205,2147,,,HUMAN_vs_HUMAN,1-0,A46,113
jixup6hz,Rated Bullet game,Bullet,60+0,Uhialfil,cristi_darko,1775,1767,,,HUMAN_vs_HUMAN,0-1,A13,36
Uk2nKxfa,Rated Bullet game,Bullet,60+0,Babysdayout,Quo_Vadis,2376,2397,,,HUMAN_vs_HUMAN,0-1,A00,72
QXFchXkB,Rated Bullet game,Bullet,60+0,PatitoPatozo,Blaze_10,1790,1790,,,HUMAN_vs_HUMAN,1-0,A01,35
ye4rVRxG,Rated Bullet game,Bullet,60+0,AjedrezMorelia,Artem4ik09,2542,2616,,,HUMAN_vs_HUMAN,1-0,A43,139
suPMZqX1,Rated Bullet game,Bullet,60+0,satkk,mashaels,1750,1709,,,HUMAN_vs_HUMAN,0-1,C01,46
gx1zyRDZ,Rated Bullet game,Bullet,60+0,TheKingsMate,Varg88,1443,1467,,,HUMAN_vs_HUMAN,0-1,A01,80
PcsgM1Zl,Rated Bullet game,Bullet,60+0,Charolles,Magnus_Korkak,2218,2259,,,HUMAN_vs_HUMAN,0-1,B00,40
uUeCEBiA,Rated Rapid game,Rapid,300+6,graigolas,Radioheadiano,1582,1776,,,HUMAN_vs_HUMAN,0-1,C25,69
K3l8ow2y,Rated Blitz tournament https://lichess.org/tournament/uqLHovX4,Blitz,300+0,MyMoon67,majd0011,1538,1627,,,HUMAN_vs_HUMAN,0-1,B06,66
0qAhvrfv,Rated Blitz tournament https://lichess.org/tournament/uqLHovX4,Blitz,300+0,ROSLI,st_der_fahrer,1498,1560,,,HUMAN_vs_HUMAN,0-1,C42,72
bkuwbmCD,Rated Blitz tournament https://lichess.org/tournament/uqLHovX4,Blitz,300+0,Alamaya,Un_Real_original,1445,1497,,,HUMAN_vs_HUMAN,0-1,B01,38
vfbOCmDT,Rated Blitz tournament https://lichess.org/tournament/uqLHovX4,Blitz,300+0,Ranger16,AzXNight,1663,1437,,,HUMAN_vs_HUMAN,0-1,B20,66
oocWDp53,Rated Blitz tournament https://lichess.org/tournament/uqLHovX4,Blitz,300+0,Rbjuniorcxnl,DingDongDash,1610,1651,,,HUMAN_vs_HUMAN,1/2-1/2,D13,97
GuYKKvah,Rated Blitz tournament https://lichess.org/tournament/uqLHovX4,Blitz,300+0,Karrapatov,NoALaDeudaExterna,1600,1606,,,HUMAN_vs_HUMAN,1-0,B01,16
1FpX8z8v,Rated Blitz tournament https://lichess.org/tournament/uqLHovX4,Blitz,300+0,kaveca,walidoran31,1493,1497,,,HUMAN_vs_HUMAN,1-0,C20,93
Rv1ocrTw,Rated Blitz tournament https://lichess.org/tournament/uqLHovX4,Blitz,300+0,JuLoMo,William54321,1485,1416,,,HUMAN_vs_HUMAN,0-1,B23,66
nwKaSqmd,Rated Blitz tournament https://lichess.org/tournament/uqLHovX4,Blitz,300+0,HassenChess02,satoor77,1330,1284,,,HUMAN_vs_HUMAN,0-1,C00,42
uu6GaBss,Rated Blitz tournament https://lichess.org/tournament/uqLHovX4,Blitz,300+0,ahounkeng,edu_nav26,1611,1111,,,HUMAN_vs_HUMAN,0-1,C60,114
61AdE7p3,Rated Blitz game,Blitz,180+0,Danissimo777,antonio0603,1854,1884,,,HUMAN_vs_HUMAN,1-0,C21,77
EZS5dYQT,Rated Bullet game,Bullet,60+0,clases_ajedrez,EvilGarT,2045,2132,,,HUMAN_vs_HUMAN,0-1,C25,28
iEzQzIoC,Rated Bullet game,Bullet,60+0,BlackBeltKing,versuchsmal,1683,1745,,,HUMAN_vs_HUMAN,1-0,B00,55
rS3bsYRE,Rated Bullet game,Bullet,60+0,Preshy_Smart,janti-kazorla,1886,1898,,,HUMAN_vs_HUMAN,0-1,B21,88
vqW1n4p2,Rated Bullet game,Bullet,60+0,rraanto,Gegga,1809,1801,,,HUMAN_vs_HUMAN,1-0,B06,47
GF8yLGct,Rated Bullet game,Bullet,60+0,vimss,vladimircap22,1615,1627,,,HUMAN_vs_HUMAN,0-1,B10,38
L7izObWo,Rated Bullet game,Bullet,60+0,Berenice_Fleming,xuanet,2418,2428,WFM,,HUMAN_vs_HUMAN,1-0,A43,51
RIJFoYW3,Rated Bullet game,Bullet,60+0,Aaryan98,rgplus,2479,2363,CM,,HUMAN_vs_HUMAN,1-0,C00,99
hPU6587a,Rated Bullet game,Bullet,60+0,M108S,Zealotg,1390,1361,,,HUMAN_vs_HUMAN,1-0,A00,61
Vg2aMpOU,Rated Bullet game,Bullet,60+0,DoubleRook_pwan,Adikbro,1648,1678,,,HUMAN_vs_HUMAN,0-1,A85,74
YPfg8WqF,Rated Bullet game,Bullet,60+0,QueenKingPawn,Perry_27,1202,1167,,,HUMAN_vs_HUMAN,0-1,A00,82
kZOmAuWz,Rated Bullet game,Bullet,60+0,PW2007,SOKxx,1078,1054,,,HUMAN_vs_HUMAN,1-0,C21,65
uTnEhGO0,Rated Bullet game,Bullet,60+0,AndreGuides,rejeebush,1337,1308,,,HUMAN_vs_HUMAN,0-1,B10,50
L7v3Fsnc,Rated Bullet game,Bullet,60+0,gomelbel,El_Ujule,2515,2523,,,HUMAN_vs_HUMAN,0-1,A04,92
GLfLRf2C,Rated Bullet game,Bullet,60+0,QuestionMarks,ackovic,1540,1522,,,HUMAN_vs_HUMAN,1/2-1/2,A45,62
28aq8hZ9,Rated Bullet game,Bullet,60+0,Kander_Eshkan,lazygirl21,1450,1502,,,HUMAN_vs_HUMAN,0-1,A06,38
WJEe5FYf,Rated Bullet game,Bullet,60+0,Boldeagle,BlackGhostKinG,1986,2023,,,HUMAN_vs_HUMAN,0-1,B10,70
ALZqCk3c,Rated Bullet game,Bullet,60+0,Youyoutub,IfroI,844,782,,,HUMAN_vs_HUMAN,1-0,C46,29
P8Bov4ig,Rated Bullet game,Bullet,60+0,TheJimmy_006,foxtrot527,1859,1823,,,HUMAN_vs_HUMAN,1-0,A56,87
ddmTXgnW,Rated Bullet game,Bullet,120+1,alfredomontoya,manuchess810,1185,1180,,,HUMAN_vs_HUMAN,0-1,A00,2
EDYfSMof,Rated Blitz game,Blitz,180+0,Marius4567,Panoptico,1902,1905,,,HUMAN_vs_HUMAN,0-1,A00,80
T9W3T6Cf,Rated Blitz game,Blitz,300+3,Wicca83,mochychuk,1420,1381,,,HUMAN_vs_HUMAN,1-0,A45,45
0YvufUmi,Rated Bullet game,Bullet,120+1,Hafkris,classmaster2023,1411,1383,,,HUMAN_vs_HUMAN,1-0,B01,71
A3XSNNyI,Rated Rapid game,Rapid,600+0,mrgoodcat1509,Kkimani,1664,1641,,,HUMAN_vs_HUMAN,0-1,D02,108
i7G9jWfQ,Rated Rapid game,Rapid,600+0,kennie1zz,PaulH1011,1534,1473,,,HUMAN_vs_HUMAN,1-0,A00,101
4LEzSO44,Rated Rapid game,Rapid,600+0,magnafic,iTengu,870,717,,,HUMAN_vs_HUMAN,1-0,B27,17
41FPtX1H,Rated Rapid game,Rapid,600+0,tough-mouse,vencedormaceio,1780,1864,,,HUMAN_vs_HUMAN,1/2-1/2,C20,140
SBwe2O5R,Rated Rapid game,Rapid,600+0,vittul,danbili65,949,945,,,HUMAN_vs_HUMAN,0-1,D00,60
enjFT0FP,Rated Rapid game,Rapid,600+0,sithmasterwho,BlackKnightNbg,1303,1367,,,HUMAN_vs_HUMAN,0-1,C24,66
KrCJllKM,Rated Rapid game,Rapid,600+0,gheeedo,frankfloresss,1601,1549,,,HUMAN_vs_HUMAN,0-1,C50,52
xQPXSD49,Rated Rapid game,Rapid,600+0,eddieako01,williamady,1918,1919,,,HUMAN_vs_HUMAN,0-1,C00,98
X00oZUVu,Rated Bullet game,Bullet,30+0,Balaor,bartucan02,1896,1927,,,HUMAN_vs_HUMAN,0-1,A30,64
iNRizhGZ,Rated Bullet game,Bullet,60+0,iveipom,Preyevsky,1395,1366,,,HUMAN_vs_HUMAN,0-1,A43,40
ZEhVt7Rf,Rated Bullet game,Bullet,60+0,OptionsGuru9511,checkmeck9,1311,1379,,,HUMAN_vs_HUMAN,0-1,C26,38
qlf2YRXY,Rated Bullet game,Bullet,60+0,dariopatroni,deathlaser25,1509,1493,,,HUMAN_vs_HUMAN,0-1,C50,56
idX52ZmC,Rated Bullet game,Bullet,60+0,piszkos,Lenny_Schach,1671,1676,,,HUMAN_vs_HUMAN,1-0,C50,89
UCsy3qnv,Rated Bullet game,Bullet,60+0,wolfg,slevin_n,775,846,,,HUMAN_vs_HUMAN,1-0,B00,41
DOtiKSnc,Rated Bullet game,Bullet,60+0,Merkam44,Morobetja,1922,1899,,,HUMAN_vs_HUMAN,0-1,A01,52
f3G71lV9,Rated Bullet game,Bullet,60+0,ibrahimbiricik,nESTORPANTOJA,1560,1605,,,HUMAN_vs_HUMAN,1-0,C25,59
iJDfzklA,Rated Bullet game,Bullet,60+0,Gulag-bardak,iCindy,1927,1956,,,HUMAN_vs_HUMAN,0-1,A04,50
obDEpQIz,Rated Bullet game,Bullet,60+0,Game--Over,bababoss,2126,2040,,,HUMAN_vs_HUMAN,1-0,B01,73
bwLB5L9y,Rated Bullet game,Bullet,60+0,amahmad8420,satish1655,1991,1958,,,HUMAN_vs_HUMAN,1-0,B22,31
BwFEmV5w,Rated Bullet game,Bullet,60+0,defnotagambit,zsakr,1130,1223,,,HUMAN_vs_HUMAN,0-1,B10,28
ROlvvXpG,Rated Bullet game,Bullet,60+0,juulik,Clemster1,2407,2369,,,HUMAN_vs_HUMAN,0-1,A00,110
vwqyJQAy,Rated Bullet game,Bullet,60+0,FlokiTheCat,roadto2350dwz,2468,2426,,,HUMAN_vs_HUMAN,0-1,A56,18
oLdaKvFo,Rated Bullet game,Bullet,60+0,LessChessless,saad-j,1862,1843,,,HUMAN_vs_HUMAN,0-1,B06,58
lNabO3VG,Rated Bullet game,Bullet,60+0,rejanmar,jostenman,2203,2160,,,HUMAN_vs_HUMAN,1-0,C41,75
lKkaG0x5,Rated Blitz game,Blitz,120+3,Eisbaer0210,nowait,1782,1582,,,HUMAN_vs_HUMAN,0-1,B13,92
my9VZHH1,Rated Classical game,Classical,1800+20,IntRIGA,BormanEE,1772,1618,,,HUMAN_vs_HUMAN,1-0,A10,6
lAZpgrFk,Rated Blitz game,Blitz,180+2,HusseinYassin964,william-wall-blake-q,1829,1793,,,HUMAN_vs_HUMAN,1-0,A02,57
j839pgOn,Rated Rapid game,Rapid,600+5,sinanbinici,Priscilla-Gayan,1006,866,,,HUMAN_vs_HUMAN,1-0,B20,11
y8Qc6JEf,Rated Rapid game,Rapid,600+5,whiterabbit66,jorgeantonio,1555,1495,,,HUMAN_vs_HUMAN,1-0,B01,43
95LtSOlc,Rated Rapid game,Rapid,600+5,jaymoe_ke,kliff-spb90,930,875,,,HUMAN_vs_HUMAN,0-1,A02,32
Re4vjwrQ,Rated Rapid game,Rapid,600+5,ProffesorRay,yodydee,1357,1358,,,HUMAN_vs_HUMAN,1/2-1/2,B06,61
TS789IEV,Rated Rapid game,Rapid,600+5,regato,oliVER9973,1692,1721,,,HUMAN_vs_HUMAN,1-0,D06,53
4XxCT0m1,Rated Rapid game,Rapid,600+5,BadCyclist,david-1978,1271,1295,,,HUMAN_vs_HUMAN,1-0,D30,21
tIcRUSmU,Rated Blitz game,Blitz,300+0,JCesar_Peru,luisRojas35,1783,1730,,,HUMAN_vs_HUMAN,1-0,D02,69
ksDcJiEz,Rated Blitz game,Blitz,180+0,nhamzani,maflindo_butarbutar,1798,1815,,,HUMAN_vs_HUMAN,0-1,B01,58
OK6v9pRU,Rated Blitz game,Blitz,180+0,yasserblunderson,AztecDeath,1485,1507,,,HUMAN_vs_HUMAN,1-0,B38,39
xUcc5XYd,Rated Blitz game,Blitz,180+2,taakeeye500,Petronus,1500,1335,,,HUMAN_vs_HUMAN,1-0,D00,87
DkVpmvYF,Rated Blitz game,Blitz,180+2,hansima_mack,PedroMilanese_95,1595,1661,,,HUMAN_vs_HUMAN,0-1,A80,108
XjuxrKV0,Rated Blitz game,Blitz,180+2,switzerland2018,Nuri4774,1434,1394,,,HUMAN_vs_HUMAN,0-1,B08,56
L0cVdVOc,Rated Blitz game,Blitz,180+2,mcherif33,HelderGirao,1697,1722,,,HUMAN_vs_HUMAN,1-0,C47,59
edMKtth6,Rated Blitz game,Blitz,180+2,javier28pe,HemmoH,1512,1511,,,HUMAN_vs_HUMAN,0-1,C24,98
3nXUdzFB,Rated Blitz game,Blitz,180+2,Jmwillendorf,alberto7805,1497,1508,,,HUMAN_vs_HUMAN,1-0,B01,33
AxgQCjdm,Rated Blitz game,Blitz,180+2,thinkfasthippie,deathforrebirth,1781,1779,,,HUMAN_vs_HUMAN,1-0,D02,41
p4lR1TVa,Rated Blitz game,Blitz,180+2,kitty_trainer,Maya_Mnatahni,1471,1449,,,HUMAN_vs_HUMAN,1-0,B10,40
lyeS8guW,Rated Blitz game,Blitz,180+2,omsol,wencespoyatos,1857,1861,,,HUMAN_vs_HUMAN,0-1,B14,52
km9V36BF,Rated Blitz game,Blitz,180+2,George777373,Akbarali1981,1204,1159,,,HUMAN_vs_HUMAN,1-0,C47,81
dRHQRrFq,Rated Blitz game,Blitz,180+2,Limeypatsfan,Mavia22,1114,1136,,,HUMAN_vs_HUMAN,0-1,C40,18
eJlou97n,Rated Blitz game,Blitz,180+2,Chesspuppy147,JorgeRiveraMancilla,1362,1392,,,HUMAN_vs_HUMAN,0-1,A06,28
TMKoejS1,Rated Blitz game,Blitz,180+2,LoiuseMichel,pbasta,2397,2388,,,HUMAN_vs_HUMAN,0-1,A45,66
y3grtYcG,Rated Blitz tournament https://lichess.org/tournament/SDM9pNGW,Blitz,180+2,Alek3031,Carlsen66Maadi,1848,2059,,,HUMAN_vs_HUMAN,0-1,D31,68
VfEwGDnP,Rated Blitz tournament https://lichess.org/tournament/WYkYnRWN,Blitz,180+0,moutazsayedsssss,Aryan_Rahimpour_2004,2140,2101,,,HUMAN_vs_HUMAN,1-0,D00,45
ywCkICbB,Rated Blitz tournament https://lichess.org/tournament/WYkYnRWN,Blitz,180+0,Kaktusfrucht,herher01,2002,2173,,,HUMAN_vs_HUMAN,0-1,B02,50
N7EfVRNh,Rated Blitz tournament https://lichess.org/tournament/WYkYnRWN,Blitz,180+0,varaksinmi60,Gesse_Horse,2063,1980,,,HUMAN_vs_HUMAN,1-0,A00,49
MHOdCAAU,Rated Blitz tournament https://lichess.org/tournament/WYkYnRWN,Blitz,180+0,syriannlionn,Mironov_1964,1921,1886,,,HUMAN_vs_HUMAN,1-0,B23,55
c7ooVwwN,Rated Blitz tournament https://lichess.org/tournament/WYkYnRWN,Blitz,180+0,waltcuervo,abderrahmane0,1823,1825,,,HUMAN_vs_HUMAN,1-0,E60,47
leuiU13y,Rated Blitz tournament https://lichess.org/tournament/WYkYnRWN,Blitz,180+0,BorisVasilevich,eddyeny,1840,1875,,,HUMAN_vs_HUMAN,0-1,B01,88
pewzakO0,Rated Blitz tournament https://lichess.org/tournament/WYkYnRWN,Blitz,180+0,igortihov,malkon360,1817,1800,,,HUMAN_vs_HUMAN,1-0,D55,115
hXtgAlK0,Rated Blitz tournament https://lichess.org/tournament/WYkYnRWN,Blitz,180+0,MATEMATICO,jay25,1787,1793,,,HUMAN_vs_HUMAN,0-1,B10,92
FdxEDzOs,Rated Blitz tournament https://lichess.org/tournament/WYkYnRWN,Blitz,180+0,Majorkan,ruchijain29,1437,1470,,,HUMAN_vs_HUMAN,1-0,B02,65
BJHxuD07,Rated Blitz tournament https://lichess.org/tournament/WYkYnRWN,Blitz,180+0,stakobezmilosti,minniri,1543,1778,,,HUMAN_vs_HUMAN,0-1,C53,92
iFGZqJkP,Rated UltraBullet game,UltraBullet,15+0,arqcap,lichinut,1645,1660,,,HUMAN_vs_HUMAN,1-0,B00,57
WzXAzHvT,Rated Blitz game,Blitz,300+0,etovsegolishslova,goc89,1125,1163,,,HUMAN_vs_HUMAN,0-1,C40,68
t9dKSpUc,Rated Blitz game,Blitz,300+0,walery42,BLUE-DEVOTION,1325,1325,,,HUMAN_vs_HUMAN,1-0,C44,31
nw4lVPDl,Rated Bullet game,Bullet,60+0,KaiserPatrik,meneltarma,1129,1134,,,HUMAN_vs_HUMAN,0-1,C50,16
cp0p8XwE,Rated Bullet game,Bullet,60+0,J_Noble,llilya,1314,1203,,,HUMAN_vs_HUMAN,1-0,A01,53
fV3bihzj,Rated Bullet game,Bullet,60+0,balbolas,rororoms,2491,2505,,NM,HUMAN_vs_HUMAN,0-1,A00,98
2gognw9v,Rated Bullet game,Bullet,60+0,JeromePlayer,Willy_Crook_the_best,1724,1721,,,HUMAN_vs_HUMAN,0-1,D02,68
ZfoKULZb,Rated Bullet game,Bullet,60+0,gs5fjs457,umutalyu,1694,1712,,,HUMAN_vs_HUMAN,1-0,D00,83
B3ncMW35,Rated Blitz tournament https://lichess.org/tournament/g50G9ffx,Blitz,180+0,Amazing_Q,sokolski72,1868,1958,,,HUMAN_vs_HUMAN,0-1,C00,70
rGJEMAzf,Rated Blitz tournament https://lichess.org/tournament/g50G9ffx,Blitz,180+0,theattack,Inarapsya,1712,1383,,,HUMAN_vs_HUMAN,1-0,A45,79
iAXJnENg,Rated Blitz tournament https://lichess.org/tournament/g50G9ffx,Blitz,180+0,yoptiloup,Zebrohorse,1761,1823,,,HUMAN_vs_HUMAN,0-1,A40,106
y0ttfmnU,Rated Blitz game,Blitz,180+0,Kikielgallo,CristianPablo011,1281,1178,,,HUMAN_vs_HUMAN,1-0,B01,71
RyiZEC8v,Rated Bullet game,Bullet,60+0,es_maquiavelico,TrOsK1,1446,1501,,,HUMAN_vs_HUMAN,0-1,D04,32
JdejU0w2,Rated Blitz game,Blitz,300+3,Gaimsterg,AbroskinSimon,983,976,,,HUMAN_vs_HUMAN,1-0,C46,7
vhWcAtka,Rated Blitz game,Blitz,300+3,Basil_Al_Baz,Algoprodigy,904,906,,,HUMAN_vs_HUMAN,1/2-1/2,B00,94
vFM95L6O,Rated Blitz game,Blitz,300+3,BorisPatzernak,Fiordelisi,1475,1487,,,HUMAN_vs_HUMAN,0-1,B20,60
swVB1K8J,Rated Blitz game,Blitz,300+3,Mustafa05kedi,MIKEtsu,1267,1355,,,HUMAN_vs_HUMAN,0-1,A45,42
XiUG5GHb,Rated Blitz game,Blitz,300+3,Kakistone12345,soran_mos,1586,1397,,,HUMAN_vs_HUMAN,1-0,B20,60
AWCuGqRl,Rated Blitz game,Blitz,300+3,habchess,allamir2912000,1499,1497,,,HUMAN_vs_HUMAN,1-0,B00,83
zQAiE0Ln,Rated Blitz game,Blitz,300+3,Checkerz_Skizard,LionsAK32,778,727,,,HUMAN_vs_HUMAN,1-0,A40,43
RDiiZudi,Rated Blitz game,Blitz,300+3,epsilon1957switch,GolyaevaEL,1737,1864,,,HUMAN_vs_HUMAN,0-1,B10,90
3DU4z0Z7,Rated Blitz game,Blitz,300+3,Mohamedblila,Behdad_music,907,914,,,HUMAN_vs_HUMAN,0-1,C60,68
Iv2ePGhn,Rated Blitz game,Blitz,180+0,hatakula,nxt_pls,850,925,,,HUMAN_vs_HUMAN,1-0,B01,58
hAaTrXPy,Rated Blitz game,Blitz,180+0,granmmaestro,laid_algeria,1992,1980,,,HUMAN_vs_HUMAN,1-0,B21,81
O8fGBwVr,Rated Blitz game,Blitz,180+0,guns82,SerFrizzo,1380,1311,,,HUMAN_vs_HUMAN,0-1,C23,96
0ePwBXvf,Rated Blitz game,Blitz,180+0,AHT_2047,jbethe200,1791,1792,,,HUMAN_vs_HUMAN,1-0,A40,95
kQULmiYb,Rated Blitz game,Blitz,180+0,vibra,mahyoong,1252,1243,,,HUMAN_vs_HUMAN,1/2-1/2,C26,103
oY5qKyUI,Rated Blitz game,Blitz,180+0,Hiko-Seijuro,AmazonSlayer,2381,2455,,,HUMAN_vs_HUMAN,0-1,B90,138
yajGN9Ec,Rated Blitz game,Blitz,180+0,Go4Hoodie,NOTOUCH2020,1955,1963,,,HUMAN_vs_HUMAN,0-1,B06,126
qOMzUTjc,Rated Blitz game,Blitz,180+0,zakzizou,anewfaseonline,1940,1896,,,HUMAN_vs_HUMAN,1-0,C23,51
iP5AebxA,Rated Blitz game,Blitz,180+0,Romulillo,Agycl,1891,1885,,,HUMAN_vs_HUMAN,1-0,A04,53
JjEGRwmH,Rated Blitz game,Blitz,180+0,Tal-the-great,fmps,1701,1682,,,HUMAN_vs_HUMAN,1-0,C40,71
4MYu4mzZ,Rated Blitz game,Blitz,180+0,Letsgoboiz,Pinco___Pallino,1667,1652,,,HUMAN_vs_HUMAN,1-0,B30,71
4sC0v8F0,Rated Blitz game,Blitz,180+0,Famil84,Pitty2,2041,2048,,,HUMAN_vs_HUMAN,0-1,E12,134
3W9tXwVy,Rated Blitz game,Blitz,180+0,bulldoglegion,Bigbutts99999,1484,1486,,,HUMAN_vs_HUMAN,1-0,C20,45
104zn3JZ,Rated Blitz game,Blitz,180+0,CREATIVE77,Cronoslumber,1064,1063,,,HUMAN_vs_HUMAN,1-0,C02,39
xrgW8uxk,Rated Blitz game,Blitz,180+0,drako03,Niho33,1865,1848,,,HUMAN_vs_HUMAN,1-0,B12,79
NkS3y3Pg,Rated Blitz game,Blitz,180+0,Achibbi8,Hastings1895,1800,1780,,,HUMAN_vs_HUMAN,0-1,B02,36
HYgEU2N3,Rated Blitz game,Blitz,180+0,lups1,Oemoemenoe,1513,1568,,,HUMAN_vs_HUMAN,1-0,B20,63
JfliAAoz,Rated Bullet game,Bullet,60+0,PoczatkujacyMadrala,Salih1981,1976,1985,,,HUMAN_vs_HUMAN,0-1,B01,98
HH9OdhCn,Rated Bullet game,Bullet,60+0,AdrianCotirta,SimmAm,1761,1744,,,HUMAN_vs_HUMAN,0-1,C31,26
2zdzCVog,Rated Bullet game,Bullet,120+1,Elshaeri,luemmi,2220,2208,,,HUMAN_vs_HUMAN,1/2-1/2,A57,128
I0KzunS5,Rated Blitz game,Blitz,300+0,Sosiso4ka_665,axy_david,878,881,,,HUMAN_vs_HUMAN,0-1,A06,98
0hsQGVNG,Rated Blitz game,Blitz,180+0,Luiz17,Nightpawn_98,1898,1959,,,HUMAN_vs_HUMAN,1-0,C42,49
7ImLJRze,Rated Blitz game,Blitz,300+3,jonassosas,dkeiler,1756,1221,,,HUMAN_vs_HUMAN,1-0,C50,61
zR5z0BNA,Rated Bullet game,Bullet,60+0,Strbunk,AryoWibowo,2107,2082,,,HUMAN_vs_HUMAN,0-1,D06,48
qD1xAv4b,Rated Bullet game,Bullet,60+0,ferdipy,AnkaPeru,2420,2381,NM,,HUMAN_vs_HUMAN,1/2-1/2,D00,109
VEnwSPrr,Rated Bullet game,Bullet,60+0,grobler88,shooli3,1684,1683,,,HUMAN_vs_HUMAN,1-0,C34,103
Ai4utQMB,Rated Bullet game,Bullet,60+0,olya111,Andrey_Belk,1263,1247,,,HUMAN_vs_HUMAN,1-0,B00,89
OlZPsaSq,Rated Bullet game,Bullet,60+0,christian_jimenez_79,project_Nm,1969,1984,,,HUMAN_vs_HUMAN,1-0,C02,73
5COZ0vjh,Rated Bullet game,Bullet,60+0,aymanmans01,R3flex_Official,1105,1026,,,HUMAN_vs_HUMAN,1-0,A40,45
j5zlNIjG,Rated Bullet game,Bullet,60+0,UmayV06,Santiago101510,1639,1644,,,HUMAN_vs_HUMAN,0-1,B22,64
wplCp7c8,Rated Bullet game,Bullet,60+0,Colin_CR,DownsParadox,1500,1542,,,HUMAN_vs_HUMAN,0-1,B12,32
jFxw8eHJ,Rated Bullet game,Bullet,60+0,BumpoRecords,manucontab,1622,1548,,,HUMAN_vs_HUMAN,1-0,A00,4
9amrFA60,Rated Bullet game,Bullet,60+0,UPSdriver,tupiutamalder,1932,1924,,,HUMAN_vs_HUMAN,0-1,A00,68
tmIZO6L2,Rated Bullet game,Bullet,60+0,joshjordan,Moonhillwolf,2182,2286,,,HUMAN_vs_HUMAN,0-1,A40,26
nRz7hOoi,Rated Bullet game,Bullet,60+0,BADADAN,chessiszen2018,1959,1946,,,HUMAN_vs_HUMAN,1-0,C47,63
fhvk1lor,Rated Bullet game,Bullet,60+0,juancho746,LoBajaronADiego,1835,1878,,,HUMAN_vs_HUMAN,1-0,B32,63
HwHKODLJ,Rated Bullet game,Bullet,60+0,abdn_erdgn,RoJoGM,1692,1735,,,HUMAN_vs_HUMAN,1-0,C44,45
TOZZcz4v,Rated Bullet game,Bullet,60+0,Melina14194,Manel63,2159,2117,,,HUMAN_vs_HUMAN,1-0,B00,95
QTM8Enug,Rated Bullet game,Bullet,60+0,Koronablef,omarpedreira,2078,2035,,,HUMAN_vs_HUMAN,1-0,A05,45
bKCL0OtS,Rated Bullet game,Bullet,60+0,Roberto_M_Guillen,mohamed_211,803,862,,,HUMAN_vs_HUMAN,0-1,B70,44
UqeDJe6m,Rated Bullet game,Bullet,60+0,alvarg,ruppalapati,1764,1785,,,HUMAN_vs_HUMAN,0-1,B00,84
yGjT0evj,Rated Blitz game,Blitz,300+0,luis880201,MauryaGouni,1797,1814,,,HUMAN_vs_HUMAN,0-1,C01,43
BurPNDJj,Rated Blitz game,Blitz,300+0,AlexNB74,Neutrino_811,1580,1560,,,HUMAN_vs_HUMAN,0-1,C44,150
FXo8FiyM,Rated Blitz game,Blitz,300+0,alikrdnz-aa,MischiefMaker,1463,1519,,,HUMAN_vs_HUMAN,0-1,B06,4
0jbU21dx,Rated Bullet game,Bullet,120+1,miro_l,miffcz,1136,1175,,,HUMAN_vs_HUMAN,0-1,C00,52
1ZZaLYPJ,Rated Bullet game,Bullet,120+1,Johann_18,matalvar,1310,1221,,,HUMAN_vs_HUMAN,0-1,B06,37
kyMdUTXz,Rated Bullet game,Bullet,120+1,CipolloMarini,Itumelengh123,2109,2159,,,HUMAN_vs_HUMAN,0-1,B04,76
3LyBT3Qu,Rated Bullet game,Bullet,120+1,psb1992,slimybowtie,1486,1500,,,HUMAN_vs_HUMAN,0-1,D00,64
ZsWnPH2j,Rated Bullet game,Bullet,120+1,Kayles,bryankhan,1798,1780,,,HUMAN_vs_HUMAN,1-0,B00,12
4A0oEEIn,Rated Bullet game,Bullet,120+1,bibzzzz,AbdullahHabip172,1201,1123,,,HUMAN_vs_HUMAN,1-0,C44,45
RFt3p5ee,Rated Bullet game,Bullet,120+1,Linne95,shizzo_flamingo,1390,1335,,,HUMAN_vs_HUMAN,1-0,D05,109
5YPxPUfY,Rated Bullet game,Bullet,120+1,subcero00,udo_rocketlauncher,1664,1638,,,HUMAN_vs_HUMAN,1-0,B01,59
ixhI6uaZ,Rated Bullet game,Bullet,120+1,FERARC,jmuciaccia,1401,1392,,,HUMAN_vs_HUMAN,0-1,D05,44
PbkRBemL,Rated Bullet game,Bullet,120+1,Edmar_Villafuerte_Jr,hangman989,2093,2021,,,HUMAN_vs_HUMAN,0-1,B10,62
PF6p79wh,Rated Bullet game,Bullet,120+1,Nesles77,Harryheart,1715,1753,,,HUMAN_vs_HUMAN,0-1,A16,66
y0tv8Vk8,Rated Bullet game,Bullet,120+1,teacherkartal,felost56,1115,1263,,,HUMAN_vs_HUMAN,1-0,D02,5
O1AJTXUp,Rated Bullet game,Bullet,120+1,smokingliketal,ashrafzahra1980,1848,1987,,,HUMAN_vs_HUMAN,0-1,D37,96
Y5hxSLyI,Rated Bullet game,Bullet,120+1,Goliardo87,Hakanakyurek312,1467,1413,,,HUMAN_vs_HUMAN,1-0,C02,85
122sPtLB,Rated Blitz game,Blitz,300+0,chessislive12,Frost_gamestar,1240,1308,,,HUMAN_vs_HUMAN,0-1,C42,46
P1Fz9HRg,Rated Blitz game,Blitz,300+0,heaver,wamidh1977,975,1051,,,HUMAN_vs_HUMAN,0-1,C62,96
lX0RIwc2,Rated Blitz game,Blitz,300+0,rbharvs,rogeriomribeiro,1407,1416,,,HUMAN_vs_HUMAN,0-1,C50,50
54powh1C,Rated Blitz game,Blitz,300+0,spino21,Oussema_Zorgui,1395,1383,,,HUMAN_vs_HUMAN,1-0,C41,65
aQ4lAi6x,Rated Blitz game,Blitz,300+0,MHChiang,KoDFeniks,1567,1536,,,HUMAN_vs_HUMAN,1-0,C00,65
nsV2Y6M6,Rated Blitz game,Blitz,300+0,chefra,DumitruMarian,1487,1469,,,HUMAN_vs_HUMAN,0-1,C41,58
DWWyuAiK,Rated Blitz game,Blitz,300+0,Jobert_Pastoral,Maxjr18,2062,2126,,,HUMAN_vs_HUMAN,0-1,B12,88
fmPuDYN5,Rated Blitz game,Blitz,300+0,Peska9,uprukaprak,1964,1978,,,HUMAN_vs_HUMAN,0-1,C67,46
Bs1avOYA,Rated Blitz game,Blitz,300+0,timjorm4,ReginaAlonso,1235,1169,,,HUMAN_vs_HUMAN,0-1,C40,32
CkKbZfGC,Rated Blitz game,Blitz,300+0,castroman450,Alfildave,1780,1792,,,HUMAN_vs_HUMAN,0-1,B21,48
l9tObUc8,Rated Blitz game,Blitz,300+0,rhymeschemes,tailqd,1942,1834,,,HUMAN_vs_HUMAN,1/2-1/2,C20,159
0nWcMRoO,Rated Blitz game,Blitz,300+0,AmbitiousApathy,bactosky,1119,1126,,,HUMAN_vs_HUMAN,1-0,A82,71
wZqnKeij,Rated Blitz game,Blitz,300+0,JosE_JuArez_1938,MihalevA,1333,1327,,,HUMAN_vs_HUMAN,0-1,C46,70
TIkw2vO1,Rated Blitz game,Blitz,300+0,stevaldo,MatiasPalacios1,1662,1657,,,HUMAN_vs_HUMAN,0-1,D00,72
D13ZjYfp,Rated Blitz game,Blitz,300+0,Damied,Nelsonmojica,1508,1494,,,HUMAN_vs_HUMAN,0-1,D00,136
osKwl9C0,Rated Blitz game,Blitz,300+0,jjdaguiars,ciwicristian,1644,1598,,,HUMAN_vs_HUMAN,0-1,B10,40
m39q3Xil,Rated Blitz game,Blitz,300+0,tonyvernocchi,Diego_495Era,912,863,,,HUMAN_vs_HUMAN,0-1,C00,30
5K8lxCre,Rated Blitz game,Blitz,300+0,videoguy6,LuenoOne,1981,2059,,,HUMAN_vs_HUMAN,1-0,C20,85
Ra5sspCA,Rated Blitz game,Blitz,300+0,sharizal689,jes50rodg,1413,1407,,,HUMAN_vs_HUMAN,1-0,A00,32
9x2HzXhE,Rated Bullet game,Bullet,120+0,sdrag,zanzibarpm,1892,1806,,,HUMAN_vs_HUMAN,1-0,A40,143
5uO7kXd1,Rated Classical game,Classical,900+15,sidonio,emi1992,1818,1731,,,HUMAN_vs_HUMAN,0-1,B17,38
CIqaMz4P,Rated Blitz tournament https://lichess.org/tournament/dnXACD3Z,Blitz,300+0,kudrya53,DgD66,1980,2274,,,HUMAN_vs_HUMAN,0-1,A56,66
pEKUKu2t,Rated Blitz tournament https://lichess.org/tournament/dnXACD3Z,Blitz,300+0,JUAREZ07,elisagarciapalacios,1839,1959,,,HUMAN_vs_HUMAN,0-1,D30,86
VtRykRFf,Rated Blitz tournament https://lichess.org/tournament/dnXACD3Z,Blitz,300+0,jolumope,ManOfCastille,1723,1610,,,HUMAN_vs_HUMAN,0-1,C41,55
SB2y1Qjn,Rated Blitz tournament https://lichess.org/tournament/dnXACD3Z,Blitz,300+0,antoniorojasdelyas,domin63,1252,1519,,,HUMAN_vs_HUMAN,1-0,D30,65
CAv4fIY7,Rated Blitz game,Blitz,300+3,wenchypr,xhazar,1671,1683,,,HUMAN_vs_HUMAN,1-0,B06,77
6KGW1OJl,Rated Blitz game,Blitz,300+0,Lucreciobg,jranders24,1544,1541,,,HUMAN_vs_HUMAN,0-1,C44,48
P4eRUpoV,Rated Blitz game,Blitz,180+0,keremabi,tangojunky,1795,1823,,,HUMAN_vs_HUMAN,0-1,D11,72
hIlUwEs9,Rated Blitz game,Blitz,180+0,Ebrahim133,ArudoDes,1911,1912,,,HUMAN_vs_HUMAN,1-0,B20,35
44Fd7Cxm,Rated Blitz game,Blitz,180+0,Constantin17,filika_64,1819,1842,,,HUMAN_vs_HUMAN,0-1,C60,110
8vmwGTpQ,Rated Blitz game,Blitz,180+0,victor_dcc1104,saikarti,1492,1476,,,HUMAN_vs_HUMAN,1-0,C44,29
MgLj1aN9,Rated Blitz game,Blitz,180+0,Arnold_dalisay09,DiableRouge_2,1952,1984,,,HUMAN_vs_HUMAN,0-1,B21,98
kzYvGQCb,Rated Blitz game,Blitz,180+0,lasker2023,BitBaSS111,2040,2063,,,HUMAN_vs_HUMAN,0-1,B00,74
nFfWSHKQ,Rated Blitz game,Blitz,180+0,knightstalker,LuckyTae,1858,1889,,,HUMAN_vs_HUMAN,0-1,C23,72
HUc4OTrk,Rated Blitz game,Blitz,180+0,Kerem651,brandete,1305,1309,,,HUMAN_vs_HUMAN,1-0,A16,39
4UbT9FlE,Rated Blitz game,Blitz,180+0,I-tro,Leoneldacosta,1621,1709,,,HUMAN_vs_HUMAN,1-0,B12,107
EuCXTUCd,Rated Blitz game,Blitz,180+0,flyanda,RiverDoc,1258,1219,,,HUMAN_vs_HUMAN,0-1,A40,116
sR3l01bi,Rated Blitz game,Blitz,180+0,Kikochess,Beravor,1588,1590,,,HUMAN_vs_HUMAN,1-0,B10,68
AI14ibgR,Rated Blitz game,Blitz,180+0,opezze98,MARGENELTABLAO,1854,1853,,,HUMAN_vs_HUMAN,0-1,B00,62
U6D2TxFg,Rated Blitz game,Blitz,180+0,jsgoodni817,Rmhz,1925,1972,,,HUMAN_vs_HUMAN,1-0,C00,89
eBOujSv6,Rated Blitz game,Blitz,180+0,g1l6ert,JovanDeJesusBalcazar,1361,1357,,,HUMAN_vs_HUMAN,0-1,C64,54
qbOw6IZs,Rated Blitz game,Blitz,180+0,Profesor_B,Akmyradow88,2250,2214,,,HUMAN_vs_HUMAN,1-0,B03,65
ywuQqsej,Rated Blitz game,Blitz,180+0,ahmddhp,MarlusCagnusen,1534,1518,,,HUMAN_vs_HUMAN,1-0,A40,31
h9VIYGcW,Rated Blitz game,Blitz,300+0,Mirandapigen,efkan09,1744,1726,,,HUMAN_vs_HUMAN,1-0,A18,55
RCnsPxnz,Rated Bullet game,Bullet,60+0,AMINETHEBOSS,Forkarovvv,1295,1222,,,HUMAN_vs_HUMAN,1-0,C64,55
Ydv8m7Z5,Rated Bullet game,Bullet,60+0,leojustino,cagozd,1170,1173,,,HUMAN_vs_HUMAN,1-0,C00,63
b2QtTdeO,Rated Bullet game,Bullet,60+0,welcome_to_flagistan,GUNNE_USER,2857,2858,,FM,HUMAN_vs_HUMAN,1-0,D85,139
NlZvdh6f,Rated Bullet game,Bullet,60+0,lifeguard61,tkf_chess,1843,1938,,,HUMAN_vs_HUMAN,1-0,A43,57
Z0tl7Ezm,Rated Bullet game,Bullet,60+0,f1nt,armintn,1701,1714,,,HUMAN_vs_HUMAN,0-1,C00,42
YNQLxN4z,Rated Bullet game,Bullet,60+0,strokman7,BlacksmithKC,2066,1941,,,HUMAN_vs_HUMAN,1-0,C46,81
vKyOBmbv,Rated Rapid game,Rapid,600+0,vanja1,chesstarek,1760,1774,,,HUMAN_vs_HUMAN,1-0,B10,85
KEoruG9a,Rated Rapid game,Rapid,600+0,nooraldeen_gh,Peter76544,955,1048,,,HUMAN_vs_HUMAN,1-0,A34,54
eJZiPRrH,Rated Rapid game,Rapid,600+0,Broccolicus,mido221,1206,1187,,,HUMAN_vs_HUMAN,0-1,C41,102
OVfgwSwW,Rated Rapid game,Rapid,600+0,erzetv,dejang0,1436,1500,,,HUMAN_vs_HUMAN,0-1,C50,22
82pXpFh9,Rated Rapid game,Rapid,600+0,Lord_Karar1,robokomodo,1808,1874,,,HUMAN_vs_HUMAN,0-1,B62,79
Q6oGb3SS,Rated Rapid game,Rapid,600+0,Alfredovalbuena2019,qvdo,1749,1744,,,HUMAN_vs_HUMAN,0-1,B23,56
moKtZTzw,Rated Rapid game,Rapid,600+0,harrkar,Kikuxtah,1970,2132,,,HUMAN_vs_HUMAN,0-1,E90,70
aM3s7aS9,Rated Rapid game,Rapid,600+0,LoveNormanTernborg,aliakimsoares,1910,1897,,,HUMAN_vs_HUMAN,1-0,A45,101
HKZzUyAo,Rated Rapid game,Rapid,600+0,tofinger44,sasvataya,1606,1569,,,HUMAN_vs_HUMAN,0-1,C20,66
xn5TJBkt,Rated Rapid game,Rapid,600+0,Piotr_M80,Andresdavid1986,1383,1380,,,HUMAN_vs_HUMAN,0-1,B21,74
cHUlxMB8,Rated Bullet game,Bullet,60+0,hakommori,KEY_GLOCK,1961,1968,,,HUMAN_vs_HUMAN,0-1,D77,48
TWfy16TB,Rated Blitz game,Blitz,300+0,isaacescobar85,sodrewisky,910,888,,,HUMAN_vs_HUMAN,1-0,A40,87
omrz9t1h,Rated Blitz game,Blitz,180+0,poggybar,the_cesar90,1687,1656,,,HUMAN_vs_HUMAN,1-0,C01,77
BoieTpXf,Rated Blitz game,Blitz,180+0,Lets_dance54321,osalusi,2058,2140,,,HUMAN_vs_HUMAN,1-0,B07,79
WnXxjWV6,Rated Blitz game,Blitz,180+0,knight_playa_dawg,rafikbm,1479,1348,,,HUMAN_vs_HUMAN,1-0,C20,179
0DLj1679,Rated Blitz game,Blitz,180+0,Gonzaelchino,MarllonTal,2042,1999,,,HUMAN_vs_HUMAN,0-1,B13,44
ncyj8QjY,Rated Blitz game,Blitz,180+0,Duartedan,randper,1322,1301,,,HUMAN_vs_HUMAN,0-1,C65,122
4CHJzH8T,Rated Blitz game,Blitz,180+0,nezirus,deliam,2259,2250,,,HUMAN_vs_HUMAN,1-0,A02,79
Fp9BM3ud,Rated Blitz game,Blitz,180+0,pragma_czp,vya1234,1859,1853,,,HUMAN_vs_HUMAN,0-1,A04,92
CKcNSIKY,Rated Blitz game,Blitz,180+0,Dosal11,Bero_ortegaa,1036,1000,,,HUMAN_vs_HUMAN,0-1,D00,70
eFtG6xLT,Rated Blitz game,Blitz,180+0,kings783,zamok_sasha,1803,1802,,,HUMAN_vs_HUMAN,0-1,C45,124
gPLU22Js,Rated Blitz game,Blitz,180+0,Aytac85,anliberant,1844,1852,,,HUMAN_vs_HUMAN,0-1,D00,56
OWKUBzZ5,Rated Blitz game,Blitz,180+0,nahucc,Mavi_Yazar1,1754,1772,,,HUMAN_vs_HUMAN,1-0,C48,51
qxzCbt9G,Rated Blitz game,Blitz,180+0,JLS87,dpope99,1614,1645,,,HUMAN_vs_HUMAN,0-1,A01,50
74O0FzhG,Rated Blitz game,Blitz,180+0,ReskETIT,couvao,1557,1546,,,HUMAN_vs_HUMAN,0-1,C26,32
lyQejCnQ,Rated Blitz game,Blitz,180+0,audioworker,johnnysh1995,1240,1274,,,HUMAN_vs_HUMAN,1-0,A21,75
RamKFgv8,Rated Blitz game,Blitz,180+0,Hisoka88888,abilasco,1922,1900,,,HUMAN_vs_HUMAN,1-0,B01,49
tVfSQMod,Rated Bullet game,Bullet,60+0,eldoraque27,Mirzanurov_Bulat,2630,2491,,,HUMAN_vs_HUMAN,1-0,D20,91
FJMefehC,Rated Blitz game,Blitz,300+0,khan1017,aspar1,1387,1352,,,HUMAN_vs_HUMAN,0-1,C30,70
Btywxieu,Rated Blitz game,Blitz,300+0,Denismulama,midohelo,2059,2070,,,HUMAN_vs_HUMAN,0-1,D02,88
qToLY4eI,Rated Bullet game,Bullet,60+0,xwedaye_mezin,Dani_platano,1923,1951,,,HUMAN_vs_HUMAN,0-1,B01,34
yGQ1Qs5C,Rated Blitz game,Blitz,300+0,maluco67,spongyb,1485,1415,,,HUMAN_vs_HUMAN,0-1,C00,86
b25Z8K5m,Rated Bullet game,Bullet,30+1,FranciscoJg1,importador2,1663,1773,,,HUMAN_vs_HUMAN,0-1,B06,34
PV0NZ8KY,Rated Blitz game,Blitz,300+3,weirdos_1,petbot,1481,1451,,,HUMAN_vs_HUMAN,1-0,C45,47
SQjE82kv,Rated Blitz game,Blitz,300+3,horsetrader,tygrysow,1868,1780,,,HUMAN_vs_HUMAN,1-0,D30,67
0mzdvRnN,Rated Blitz game,Blitz,300+3,Kamikaze0w0,sflapstor,1186,1236,,,HUMAN_vs_HUMAN,1-0,A40,15
WJDeHXYr,Rated Blitz game,Blitz,300+3,KinderGray,Now_u5,1720,1760,,,HUMAN_vs_HUMAN,0-1,A85,78
ENNXf4Mq,Rated Blitz game,Blitz,300+3,wael56,goblinclassic,1554,1483,,,HUMAN_vs_HUMAN,0-1,B00,166
o3DE1QCA,Rated Blitz game,Blitz,300+3,Ibchillin42,mojosago,1375,1394,,,HUMAN_vs_HUMAN,1-0,B01,119
EF9NGJqZ,Rated Blitz game,Blitz,300+3,Master_POGI143,darwin_samson1977,1894,1990,,,HUMAN_vs_HUMAN,1-0,B01,117
WSJkzfUV,Rated Blitz game,Blitz,300+3,ostamo,charis0207,1267,1275,,,HUMAN_vs_HUMAN,1-0,C45,55
LQHDWZPz,Rated Blitz game,Blitz,300+3,seditr,silver31,1688,1647,,,HUMAN_vs_HUMAN,0-1,D10,54
fNnOcjVY,Rated Blitz game,Blitz,300+3,abSyria123,Licaar,1232,1075,,,HUMAN_vs_HUMAN,1-0,C40,51
ga4N6JzR,Rated Blitz game,Blitz,300+2,Lumpelala,Johannes19lol,1034,1148,,,HUMAN_vs_HUMAN,0-1,A01,52
KBew6Qjs,Rated Bullet tournament https://lichess.org/tournament/JywpPPLX,Bullet,60+0,bkan80,digeri,2004,2304,,,HUMAN_vs_HUMAN,1-0,E91,31
osB3gra0,Rated Bullet tournament https://lichess.org/tournament/JywpPPLX,Bullet,60+0,tincho333,KULILAT,1801,1891,,,HUMAN_vs_HUMAN,0-1,C22,52
9OIICcv9,Rated Bullet tournament https://lichess.org/tournament/JywpPPLX,Bullet,60+0,genogene28,chespirito2023,1326,1446,,,HUMAN_vs_HUMAN,1-0,C41,59
nYWqjdWZ,Rated Bullet game,Bullet,60+0,FuzzySW,Anetto,1640,1626,,,HUMAN_vs_HUMAN,0-1,C00,48
NCeLjzX0,Rated Bullet game,Bullet,60+0,josh_15,NikitaZelenyi,979,1015,,,HUMAN_vs_HUMAN,0-1,B01,86
e9prQZoF,Rated Bullet game,Bullet,60+0,stephinext,strategosautokrator,1905,1948,,,HUMAN_vs_HUMAN,0-1,B00,54
mehK0Alq,Rated Bullet game,Bullet,60+0,Broe,Mangi31,1481,1440,,,HUMAN_vs_HUMAN,1-0,C44,55
PUzsRxUq,Rated Bullet game,Bullet,60+0,Ekor_Mike,MOISES20093102,813,873,,,HUMAN_vs_HUMAN,0-1,C65,34
Ur1YfsxP,Rated Bullet game,Bullet,60+0,elizabethchisha,P2304Piotrek7,2204,2183,,,HUMAN_vs_HUMAN,0-1,A40,72
ctcqpDof,Rated Bullet game,Bullet,60+0,the_jasper,raelst,1286,1319,,,HUMAN_vs_HUMAN,1-0,B23,55
a092YDDp,Rated Bullet game,Bullet,60+0,reyesjmn,Aquila97,1205,1185,,,HUMAN_vs_HUMAN,1-0,C00,95
rh7VAdkq,Rated Bullet game,Bullet,60+0,Amawtac,Amatercina,1993,2039,,,HUMAN_vs_HUMAN,1-0,D05,105
Ovrd6D6n,Rated Bullet game,Bullet,60+0,Hugohonor,sailor_moons,1065,1024,,,HUMAN_vs_HUMAN,1/2-1/2,A06,48
p64AaZiz,Rated Bullet game,Bullet,60+0,Pawel190194,Neng_Ambyar,1606,1602,,,HUMAN_vs_HUMAN,0-1,A40,60
5mHpavMr,Rated Bullet game,Bullet,60+0,tonnyramos1989,eblad,1674,1666,,,HUMAN_vs_HUMAN,0-1,B06,48
yDGZ6DxW,Rated Bullet game,Bullet,60+0,Depechec,shadynasty87,2174,2139,,,HUMAN_vs_HUMAN,1-0,A40,57
vGK5JYiW,Rated Bullet game,Bullet,60+0,Julyanaimarettim,Guitarfreak331,900,1350,,,HUMAN_vs_HUMAN,0-1,B12,4
ZOvOLvh3,Rated Rapid game,Rapid,600+0,wendell_moura,vluisito2001,1113,1055,,,HUMAN_vs_HUMAN,1-0,B20,59
uygRQgJY,Rated Rapid game,Rapid,480+0,dimaus1970,Enrique1959,1785,1838,,,HUMAN_vs_HUMAN,0-1,C41,90
vrSPk8Rp,Rated Blitz game,Blitz,180+0,londy01,Fultonparkprince,1892,1900,,,HUMAN_vs_HUMAN,0-1,B06,88
aaGeSkRW,Rated Blitz game,Blitz,180+0,Shirayuki312,Kergez,1524,1487,,,HUMAN_vs_HUMAN,1-0,C57,65
UP3DKoYu,Rated Blitz game,Blitz,180+0,Scorpio2211,Arteandaluz_Nakamura,2115,2123,,,HUMAN_vs_HUMAN,1-0,D02,47
91xSmA0m,Rated Blitz game,Blitz,180+0,Nikkisif,mudEguy,1992,2045,,,HUMAN_vs_HUMAN,0-1,A01,46
31MlrNVx,Rated Blitz game,Blitz,180+0,chuchov22,daas20220725,1902,1902,,,HUMAN_vs_HUMAN,1-0,B13,101
AC6cqJ8t,Rated Blitz game,Blitz,180+0,madov1306,Horacior,1260,1151,,,HUMAN_vs_HUMAN,1/2-1/2,C01,103
LdlGe2eO,Rated Blitz game,Blitz,180+0,Sayenov92,tba_irl,1701,1712,,,HUMAN_vs_HUMAN,0-1,B20,90
G2lNiY2s,Rated Blitz game,Blitz,180+0,jsilvera,Pavel-Shelepin_1982,1752,1753,,,HUMAN_vs_HUMAN,1-0,B03,59
D4bg3dQ7,Rated Blitz game,Blitz,180+0,Kajtek777,Saverio3,2359,2417,,,HUMAN_vs_HUMAN,0-1,B47,64
SYuwl5OY,Rated Blitz game,Blitz,180+2,AyaZarNik,AEdfortuna,1644,1637,,,HUMAN_vs_HUMAN,0-1,A43,74
4UK4OUwZ,Rated Blitz game,Blitz,180+2,ThomasTuchel,yealvare,1392,1392,,,HUMAN_vs_HUMAN,0-1,D10,91
ajzRgCLt,Rated Blitz game,Blitz,180+2,EduardoFarias,WiseLime17,1022,958,,,HUMAN_vs_HUMAN,0-1,C20,142
IqSix6Ta,Rated Blitz game,Blitz,180+2,andrejb2,Sergioraul12,1959,1955,,,HUMAN_vs_HUMAN,0-1,B07,64
2khqBO5z,Rated Blitz game,Blitz,180+2,fodaking,halimakca,1337,1323,,,HUMAN_vs_HUMAN,1-0,B06,59
RJrwX3ek,Rated Blitz game,Blitz,180+2,Spazzamatic1400,Cmokcmok,1382,1342,,,HUMAN_vs_HUMAN,1/2-1/2,A00,77
6npsLGFe,Rated Blitz game,Blitz,180+2,boneku,one_happy_coral,1792,1736,,,HUMAN_vs_HUMAN,1-0,B01,85
F0Mqu5QO,Rated Blitz game,Blitz,180+2,Armusha,lionux,1542,1508,,,HUMAN_vs_HUMAN,0-1,B00,56
kulVH5Xg,Rated Blitz game,Blitz,180+2,berndPutz,lukalautaro,1796,1796,,,HUMAN_vs_HUMAN,1-0,A07,49
pTxLKFKT,Rated Blitz game,Blitz,180+2,cascajales,MAbdulkader,2005,2068,,,HUMAN_vs_HUMAN,0-1,B12,70
hcT59G32,Rated Blitz game,Blitz,180+2,BladeRunner37,vigoreus,1290,1291,,,HUMAN_vs_HUMAN,1-0,C44,89
2FbCsqrS,Rated Blitz game,Blitz,180+2,Katagorri32,OneTaps,1148,1153,,,HUMAN_vs_HUMAN,1-0,B01,30
9NPo9iVT,Rated Blitz game,Blitz,180+2,Andrey3012,Casshern_Alpha,2189,2224,,,HUMAN_vs_HUMAN,0-1,B23,80
Hvd9ouBk,Rated Blitz game,Blitz,180+2,fantoner123,mortenloken,1284,1229,,,HUMAN_vs_HUMAN,1-0,B10,33
f4iDG6rO,Rated Bullet game,Bullet,120+0,MrGambit150815,Finsterling,1916,1910,,,HUMAN_vs_HUMAN,0-1,B01,146
VtuIOQzk,Rated Rapid game,Rapid,600+0,Niccosan,aymenaymenaymenaymen,1205,1214,,,HUMAN_vs_HUMAN,1-0,B01,65
M8YabeRl,Rated Rapid game,Rapid,600+0,SLAVA180486,maximogoro,1909,1910,,,HUMAN_vs_HUMAN,0-1,B13,47
LRPZtmWF,Rated Rapid game,Rapid,600+0,scc5199,Yahyasolmaz,1508,1516,,,HUMAN_vs_HUMAN,0-1,C40,78
UOTARXHu,Rated Rapid game,Rapid,600+0,pushpatg,Dripgodie,1016,1068,,,HUMAN_vs_HUMAN,0-1,B40,134
mKn7RGbe,Rated Rapid game,Rapid,600+0,Maxx_D,Vigvam2,1661,1745,,,HUMAN_vs_HUMAN,1-0,B02,61
usPSdYgS,Rated Rapid game,Rapid,600+0,PayKaron6,essokni,1651,1606,,,HUMAN_vs_HUMAN,0-1,A00,132
hF4CfElx,Rated Rapid game,Rapid,600+0,Mohamed-Agami,breyean,1837,1896,,,HUMAN_vs_HUMAN,0-1,A53,40
bUYyaoQc,Rated Rapid game,Rapid,600+0,supreme621,mdave1701,890,884,,,HUMAN_vs_HUMAN,0-1,A15,42
szidxrZ2,Rated Rapid game,Rapid,600+0,Rpappa,COCODRILEE,1191,1229,,,HUMAN_vs_HUMAN,0-1,C61,38
1Duq4Xpe,Rated Rapid game,Rapid,600+0,Gajah_Belang_65,minahany23,1541,1558,,,HUMAN_vs_HUMAN,0-1,B15,106
8dpFrBxK,Rated Rapid game,Rapid,600+0,SEAPOWER,DrKnockterStrange,1230,1343,,,HUMAN_vs_HUMAN,0-1,A00,100
4gTlX7g5,Rated Rapid game,Rapid,600+0,LioraKirby,frycu80,1151,1109,,,HUMAN_vs_HUMAN,1/2-1/2,C23,89
eXskY7Q1,Rated Blitz game,Blitz,180+0,Zvjaginsev64,Antoniachtchi,2308,2284,,,HUMAN_vs_HUMAN,0-1,B23,84
J7CtlQn7,Rated Blitz tournament https://lichess.org/tournament/SDM9pNGW,Blitz,180+2,Einmann38,YoussefMohamed11,2183,1666,,,HUMAN_vs_HUMAN,1-0,D00,35
Kw88b3qj,Rated Blitz tournament https://lichess.org/tournament/SDM9pNGW,Blitz,180+2,edo036,Zaraki_kenpache,1975,1133,,,HUMAN_vs_HUMAN,0-1,B07,78
jDTT6V3H,Rated Blitz tournament https://lichess.org/tournament/SDM9pNGW,Blitz,180+2,Anwar72,Nuhad-Hattab,1826,2072,,,HUMAN_vs_HUMAN,0-1,B00,107
xciXIGwE,Rated Blitz tournament https://lichess.org/tournament/zsVl5oqJ,Blitz,180+0,pawnpushersaccademy,astutepattern,2377,2266,CM,,HUMAN_vs_HUMAN,1-0,B51,77
TpPFxiow,Rated Blitz tournament https://lichess.org/tournament/zsVl5oqJ,Blitz,180+0,Heterotroph,Bosso_ya_di_bosso,1951,2357,,,HUMAN_vs_HUMAN,0-1,A04,88
XoUoPpsZ,Rated Blitz tournament https://lichess.org/tournament/zsVl5oqJ,Blitz,180+0,baagadde,Master_Guru,2044,1870,CM,,HUMAN_vs_HUMAN,1-0,A00,75
rRv1vm6C,Rated Blitz tournament https://lichess.org/tournament/zsVl5oqJ,Blitz,180+0,mohauza,Desmondkutullo,1819,1674,,,HUMAN_vs_HUMAN,1-0,C47,119
phXmnjQG,Rated Blitz game,Blitz,180+2,FALCON0092,yellow_demonX05,1525,1524,,,HUMAN_vs_HUMAN,1-0,D43,43
kqGKtiDj,Rated Bullet game,Bullet,60+0,Beloh,rolic,1084,1112,,,HUMAN_vs_HUMAN,0-1,B20,52
F8B578kl,Rated Bullet game,Bullet,60+0,Cfrkrby,sullengirl,1836,1836,,,HUMAN_vs_HUMAN,1-0,B50,75
FIVTYRwu,Rated Bullet game,Bullet,60+0,paul_gasol,ringo4a,1426,1323,,,HUMAN_vs_HUMAN,1-0,C42,31
DKrRltmx,Rated Bullet game,Bullet,60+0,hondeo,Todenk73,1977,1924,,,HUMAN_vs_HUMAN,0-1,A00,84
ehbwZZa6,Rated Bullet game,Bullet,60+0,Kero13,ProstoAppleCH,1238,1258,,,HUMAN_vs_HUMAN,0-1,C23,66
AHQJMwIK,Rated Bullet game,Bullet,60+0,zrehman,rosiaq,1456,1455,,,HUMAN_vs_HUMAN,0-1,C44,46
eMNf7NGW,Rated Bullet game,Bullet,60+0,Su3gger,Gruberl,1488,1467,,,HUMAN_vs_HUMAN,1-0,B40,79
h0H7mV4L,Rated Bullet game,Bullet,60+0,Sepehrov,dirtygardner,2541,2560,,,HUMAN_vs_HUMAN,0-1,A01,90
ovmHoY9G,Rated Bullet game,Bullet,60+0,TomislavKe,KaanEkici,2107,2052,,,HUMAN_vs_HUMAN,1-0,A00,53
HEDksQvu,Rated Bullet game,Bullet,60+0,L1ch,MrElhani_08,2291,2290,,,HUMAN_vs_HUMAN,0-1,C50,122
mpnET8fG,Rated Bullet game,Bullet,60+0,Lamkhantar_98,rjboudreau,1565,1565,,,HUMAN_vs_HUMAN,0-1,A01,92
kmOHYgIo,Rated Bullet game,Bullet,60+0,DerrickWhite22,Tahiwiormsby,1597,1649,,,HUMAN_vs_HUMAN,1-0,B00,93
FioQLnj3,Rated Bullet game,Bullet,60+0,AndreinaVldz,I_LAF,2042,1992,,,HUMAN_vs_HUMAN,1-0,A00,95
y9IBQyYX,Rated Bullet game,Bullet,60+0,munster1,N1_name,2626,2592,FM,,HUMAN_vs_HUMAN,0-1,A04,58
QXtzZ1q1,Rated Bullet game,Bullet,60+0,Wispyy01,SvenjaB,1053,1174,,,HUMAN_vs_HUMAN,1-0,C44,69
QBSURc1Y,Rated Bullet game,Bullet,60+0,Alemdp21,Dokuzlar,1677,1693,,,HUMAN_vs_HUMAN,1-0,A40,63
FUZkV29R,Rated Bullet game,Bullet,60+0,LighTomorrowithTODAY,Paracoax,2566,2448,,,HUMAN_vs_HUMAN,1-0,D02,139
o6tr2U6j,Rated Bullet game,Bullet,60+0,al-zaza,panchaco,1747,1720,,,HUMAN_vs_HUMAN,1-0,C00,29
ek9IkzG8,Rated Rapid game,Rapid,600+0,Kukikuk,leakyoldmanbut,839,863,,,HUMAN_vs_HUMAN,0-1,A00,72
gOBrgL5u,Rated Rapid game,Rapid,600+0,ammie9798,N_ALMadi,945,1050,,,HUMAN_vs_HUMAN,0-1,C20,68
bdGxpOmr,Rated Rapid game,Rapid,600+0,Khalfoun,connor199924,1706,1788,,,HUMAN_vs_HUMAN,1-0,B00,81
ZOT2wIIw,Rated Rapid game,Rapid,600+0,AlamoMuerto,boqueronesporlatocha,1498,1512,,,HUMAN_vs_HUMAN,1-0,B06,53
eSqbgoCU,Rated Rapid game,Rapid,600+0,FastMate,KillerBee64,2227,2390,,,HUMAN_vs_HUMAN,0-1,B40,88
SbsU1QRm,Rated Rapid game,Rapid,600+0,Salah12afrique,victor___k,2014,1962,,,HUMAN_vs_HUMAN,1-0,D00,77
PJGepErY,Rated Rapid game,Rapid,600+0,whynotzoidberggeem,wsjg22,1140,1078,,,HUMAN_vs_HUMAN,0-1,A46,16
fwC4NAzD,Rated Blitz game,Blitz,180+2,Evgenyi_Borovikov,xristopol,1604,1617,,,HUMAN_vs_HUMAN,1-0,B20,22
KH8APcOT,Rated Blitz game,Blitz,180+0,Eriberto,Bezerra_Junior,1647,1549,,,HUMAN_vs_HUMAN,0-1,B01,80
m4p89kjw,Rated Blitz game,Blitz,300+0,shootkhan,alireza450,1089,1076,,,HUMAN_vs_HUMAN,0-1,A00,46
Wr0cSz6o,Rated Blitz game,Blitz,180+2,antomy,abdel3ziiiz,1544,1614,,,HUMAN_vs_HUMAN,0-1,C50,78
2CE9Y0Ti,Rated Blitz game,Blitz,180+2,Nik19952022,Ayoubidiaz,1936,1936,,,HUMAN_vs_HUMAN,1-0,C00,83
ASTk1AYJ,Rated Blitz game,Blitz,180+2,tiv69,Qwerty-17,1905,1881,,,HUMAN_vs_HUMAN,0-1,A45,28
Z4C0g7LF,Rated Blitz game,Blitz,180+2,utm10,grieni,1696,1710,,,HUMAN_vs_HUMAN,0-1,D00,32
yjgOFGxE,Rated Blitz game,Blitz,180+2,Jouddy,safanth,1293,1326,,,HUMAN_vs_HUMAN,0-1,B01,30
gI8scgfm,Rated Blitz game,Blitz,180+2,chessbymilan,michalios1975,2307,2375,,,HUMAN_vs_HUMAN,0-1,B28,106
OJE0bZfx,Rated Blitz game,Blitz,180+2,eduarw,mixmi,1653,1679,,,HUMAN_vs_HUMAN,1-0,B10,107
fnNwfDPl,Rated Blitz game,Blitz,180+2,MadderRose,Philidor23,2538,2430,FM,,HUMAN_vs_HUMAN,1-0,B38,67
pl6iczQr,Rated Blitz game,Blitz,180+2,IsmaMihedin,jmrichman,1515,1447,,,HUMAN_vs_HUMAN,1-0,B00,97
C0hclS7h,Rated Blitz game,Blitz,180+2,Enesss001,robis13,1712,1731,,,HUMAN_vs_HUMAN,0-1,B15,70
T7E285JU,Rated Blitz game,Blitz,180+2,resistirehoy,Prolijo_RRR,2127,2129,,,HUMAN_vs_HUMAN,0-1,E38,120
gRLn54E7,Rated Blitz game,Blitz,180+2,tttttt111,vyacheslav74,1084,1075,,,HUMAN_vs_HUMAN,0-1,C47,44
Wxz7IxiR,Rated Bullet game,Bullet,60+0,abel_salvatierra,Miranda-U,2330,2322,,,HUMAN_vs_HUMAN,1/2-1/2,B23,128
RW2cPpaM,Rated Bullet game,Bullet,60+0,Ppusy23,RAIDERS-FC,2082,2091,,,HUMAN_vs_HUMAN,0-1,B21,66
rFyeAr95,Rated Bullet game,Bullet,60+0,fabiocassidori,starayashlyapa,1781,1714,,,HUMAN_vs_HUMAN,0-1,B01,20
0wnP5AXL,Rated Bullet game,Bullet,60+0,terrysilver,hare123,1813,1782,,,HUMAN_vs_HUMAN,0-1,B30,72
gqOVmZdP,Rated Bullet game,Bullet,60+0,Kaleab_A,physicsboiii,1696,1675,,,HUMAN_vs_HUMAN,0-1,D02,54
xyrtF91n,Rated Bullet game,Bullet,60+0,yimi_15matoma,LiteBitsian,2171,2162,,,HUMAN_vs_HUMAN,1-0,B12,45
TUC1KJTN,Rated Bullet game,Bullet,60+0,michael_knight,trufaux,1580,1583,,,HUMAN_vs_HUMAN,1-0,B00,59
s6QKLqNQ,Rated Bullet game,Bullet,60+0,AronNimz0witsch,danlrs,1239,1227,,,HUMAN_vs_HUMAN,1-0,C30,31
jvl0TPYc,Rated Bullet game,Bullet,60+0,xbleid,Andruvv,1027,1105,,,HUMAN_vs_HUMAN,0-1,A40,24
1WVT9F7B,Rated Bullet game,Bullet,60+0,sokiskata,sholeboitshepo,1585,1655,,,HUMAN_vs_HUMAN,0-1,D35,66
qwfr4Q6V,Rated Bullet game,Bullet,60+0,Cikochess,tamirciciragi,2390,2218,,,HUMAN_vs_HUMAN,1-0,A00,77
ON54SrJt,Rated Bullet game,Bullet,60+0,Omarbacha1,la_bestia_negra,1449,1410,,,HUMAN_vs_HUMAN,1-0,C46,19
X5QrNq1W,Rated Bullet game,Bullet,60+0,stan-stanman,MagicDuck,1686,1677,,,HUMAN_vs_HUMAN,0-1,B01,78
sI4Vbjyi,Rated Bullet game,Bullet,60+0,rotarykevrx2,mayor1980,1908,2020,,,HUMAN_vs_HUMAN,0-1,B13,116
StJ4a8SD,Rated Bullet game,Bullet,60+0,kitik76,aLerGen,1886,1869,,,HUMAN_vs_HUMAN,1-0,A40,79
HfAxLYlp,Rated Bullet game,Bullet,60+0,danigp,Renzota,1401,1396,,,HUMAN_vs_HUMAN,1-0,C00,69
1jDGQ0dl,Rated Bullet game,Bullet,60+0,Mohamad-M-Ajamya,Peon-Hiperactivo,1346,1298,,,HUMAN_vs_HUMAN,0-1,A00,46
qwJhyagV,Rated Bullet game,Bullet,60+0,dooshbagjones,chopchopPaks,1579,1473,,,HUMAN_vs_HUMAN,1-0,C42,47
J5xKugZ2,Rated Rapid game,Rapid,600+3,angelsanchez,MatiasTaype_6ING,1513,1575,,,HUMAN_vs_HUMAN,0-1,D11,66
eRr70Ri1,Rated Bullet game,Bullet,30+0,acemi23,papayka,2310,2336,,,HUMAN_vs_HUMAN,0-1,C10,58
Idtokpb9,Rated Blitz game,Blitz,180+0,Espinoza19,Abuhasan81,1850,1890,,,HUMAN_vs_HUMAN,1-0,A40,51
WTLEJ6Rz,Rated Blitz tournament https://lichess.org/tournament/iNp7Kpxe,Blitz,180+0,ErnestoRondon1,vladleo54,2123,2093,,,HUMAN_vs_HUMAN,0-1,B22,82
paMyoSn1,Rated Blitz game,Blitz,180+0,Juandagomez01,Giovanni_Pireddu,1932,1927,,,HUMAN_vs_HUMAN,1-0,A22,87
txbnvl4V,Rated Blitz game,Blitz,180+0,ConscienceChess,HeroBTHS,2171,2153,,,HUMAN_vs_HUMAN,0-1,D53,50
z0qfXIDw,Rated Blitz game,Blitz,180+0,Selevk,Balawis589Persimon,1316,1354,,,HUMAN_vs_HUMAN,1-0,B01,35
91kthNP8,Rated Blitz game,Blitz,180+0,manini,boneconduction,2146,2025,,,HUMAN_vs_HUMAN,1/2-1/2,C44,136
Z1Ehidr1,Rated Blitz game,Blitz,180+0,Marbee07,Denis_19,1716,1792,,,HUMAN_vs_HUMAN,1-0,C00,68
fcDzXpe7,Rated Blitz game,Blitz,180+0,kronos3538,gzi,1465,1409,,,HUMAN_vs_HUMAN,1-0,A40,119
6qS1mN2I,Rated Blitz game,Blitz,180+0,Across23,NaeNanov,2000,2001,,,HUMAN_vs_HUMAN,0-1,A04,42
5EhLRnBC,Rated Blitz game,Blitz,180+0,huckychess,mig66,1747,1742,,,HUMAN_vs_HUMAN,0-1,A01,82
yWtuzEdH,Rated Blitz game,Blitz,180+0,tsquared_music,t100t,1817,1869,,,HUMAN_vs_HUMAN,0-1,A40,94
g3M4OvV6,Rated Blitz game,Blitz,180+0,Georgy9,kucing_garonggzzzxxx,1711,1713,,,HUMAN_vs_HUMAN,0-1,A06,84
LhHhKSwq,Rated Blitz game,Blitz,180+0,MRope,ObiWanBen0ni,1958,1972,,,HUMAN_vs_HUMAN,1-0,B12,69
HHZ9IOLw,Rated Blitz game,Blitz,180+0,wllwtts,zarkaviaov,1701,1591,,,HUMAN_vs_HUMAN,1-0,A13,51
05dPkq4r,Rated Blitz game,Blitz,180+0,schlepps,unicron007,1263,1269,,,HUMAN_vs_HUMAN,0-1,A40,66
oJyyWeig,Rated Blitz game,Blitz,180+0,BlueSkyPlotting,twizzer,1126,1167,,,HUMAN_vs_HUMAN,0-1,A00,40
VyPF8eUR,Rated Blitz game,Blitz,180+0,CannotBeDoinThat,expertrookie,1891,1888,,,HUMAN_vs_HUMAN,1-0,B01,53
OndJbmv4,Rated Blitz game,Blitz,240+0,tfernandesm,acosta29,1830,1853,,,HUMAN_vs_HUMAN,0-1,C50,58
ThnuXFXx,Rated UltraBullet game,UltraBullet,15+0,y0ung_12345,Chesswarriors12,2058,2096,,,HUMAN_vs_HUMAN,1-0,A04,111
gAr5Ft1f,Rated Bullet game,Bullet,120+1,NonaTraversa,Alegromental,1862,1869,,,HUMAN_vs_HUMAN,1-0,C69,63
yREc5UE2,Rated Bullet game,Bullet,120+1,agingjedi,inukpuk3,1299,1286,,,HUMAN_vs_HUMAN,0-1,C64,30
Qdqg2zSq,Rated Bullet game,Bullet,120+1,torreeboli,aalov,1648,1604,,,HUMAN_vs_HUMAN,0-1,C23,60
16q1ygyH,Rated Rapid game,Rapid,600+0,Mc765LT,nxoo,1426,1408,,,HUMAN_vs_HUMAN,1-0,A00,111
iKEsKp2u,Rated Rapid game,Rapid,600+0,dankan,GibranKarini,1618,1650,,,HUMAN_vs_HUMAN,0-1,A00,54
CIQOGPDP,Rated Rapid game,Rapid,600+0,riego63,Lukmoraw,1319,1326,,,HUMAN_vs_HUMAN,1-0,C57,42
7qZIG1EQ,Rated Rapid game,Rapid,600+0,vhin_coolsi,Mahmoudfahmey,1843,1821,,,HUMAN_vs_HUMAN,0-1,B50,18
M5tb8Qyn,Rated Rapid game,Rapid,600+0,ERAGON453,shebia,1593,1615,,,HUMAN_vs_HUMAN,0-1,A01,24
lAchaZor,Rated Rapid game,Rapid,600+0,aldu22,talgambit,1688,1664,,,HUMAN_vs_HUMAN,0-1,B12,148
SS54XlPb,Rated Rapid game,Rapid,600+0,timenoguy,ortegak,1154,1192,,,HUMAN_vs_HUMAN,0-1,C41,120
3duHFtO5,Rated Rapid game,Rapid,600+0,CHESSGUY-123,DanyXCIX,1926,1901,,,HUMAN_vs_HUMAN,1-0,B49,49
zi2L6Per,Rated Rapid game,Rapid,600+0,hanzeeem,Jesus_dayiro11,1215,1254,,,HUMAN_vs_HUMAN,1/2-1/2,C20,81
TJ6Ktnxz,Rated Rapid game,Rapid,600+0,afarewelltoarms,alaoui123,1999,2037,,,HUMAN_vs_HUMAN,0-1,B33,78
afFV1SCi,Rated Rapid game,Rapid,600+0,rewgl,Pilca,1462,1500,,,HUMAN_vs_HUMAN,1-0,B12,118
CkTVERq3,Rated Blitz game,Blitz,180+0,luffyonmerry,Pappas_1,1598,1656,,,HUMAN_vs_HUMAN,1-0,C44,80
8Zd3clAv,Rated Blitz game,Blitz,180+0,Dawascal,KTiani,1705,1715,,,HUMAN_vs_HUMAN,0-1,A00,100
LI1EXfp0,Rated Blitz game,Blitz,180+0,willi19_63,kh_2490,1719,1717,,,HUMAN_vs_HUMAN,1-0,C22,71
0FytBOvk,Rated Blitz game,Blitz,180+0,ayze,radai,1450,1435,,,HUMAN_vs_HUMAN,0-1,B06,102
D0AQjgyO,Rated Blitz game,Blitz,180+0,jdavidjlt,OABlunder,1779,1792,,,HUMAN_vs_HUMAN,0-1,C42,28
mqKuV2ri,Rated Blitz game,Blitz,180+0,iyuy,huaxin,2138,2115,,,HUMAN_vs_HUMAN,1-0,C00,103
UFMdUBIP,Rated Blitz game,Blitz,180+0,Am_Yisrael_Chai,robertlinkin,1033,1020,,,HUMAN_vs_HUMAN,0-1,A00,80
FuuAm4sH,Rated Blitz game,Blitz,180+0,Franklin_Choque,Ali411,1344,1327,,,HUMAN_vs_HUMAN,0-1,A00,120
8fYHe5kb,Rated Blitz game,Blitz,180+0,iuiufaith,Cluny,1989,1986,,,HUMAN_vs_HUMAN,1-0,B00,85
IaFQCgv0,Rated Blitz game,Blitz,180+0,Marsh_Mallow2500,rashman96,2185,2123,,,HUMAN_vs_HUMAN,1-0,A15,81
C5su772X,Rated Blitz game,Blitz,180+0,Enmanuelale25,josephine01,1745,1770,,,HUMAN_vs_HUMAN,1-0,B90,109
1OGBvZos,Rated Blitz game,Blitz,180+0,Non2Day,ueptk8453,1511,1545,,,HUMAN_vs_HUMAN,1-0,B00,67
0QkSaP09,Rated Blitz game,Blitz,180+0,EliassChacoma3,caspablanca81,1822,1835,,,HUMAN_vs_HUMAN,0-1,C65,52
ULPOLnlI,Rated Blitz game,Blitz,180+0,mnmassari,Bassenbart,2108,2088,NM,,HUMAN_vs_HUMAN,0-1,A40,96
LvTuae5Q,Rated Blitz game,Blitz,180+0,LeperKnight,AhmadBryne,1929,1971,,,HUMAN_vs_HUMAN,0-1,C42,20
v4KtUnnL,Rated Rapid game,Rapid,900+10,Pelagia181,Anto_219,1392,1500,,,HUMAN_vs_HUMAN,1-0,C41,55
CB1PvjTl,Rated Rapid game,Rapid,900+10,MoisesJonas,benjtike,1896,1865,,,HUMAN_vs_HUMAN,0-1,B20,54
vg0xVyDQ,Rated Blitz tournament https://lichess.org/tournament/mr1gLeUF,Blitz,300+1,barconharmon,Chessheroe,2172,1867,,,HUMAN_vs_HUMAN,1-0,B01,113
wVRJJJHL,Rated Bullet tournament https://lichess.org/tournament/NjqxcevP,Bullet,60+0,churrisdeuz,Misterio666,2110,2406,,,HUMAN_vs_HUMAN,1/2-1/2,A40,126
CCO6iT2l,Rated Blitz game,Blitz,300+0,Groda,IsmailBasri-1989,1552,1718,,,HUMAN_vs_HUMAN,0-1,B20,168
vyZILHzk,Rated Bullet game,Bullet,30+0,LavanGarti,MauricoRa,1628,1923,,,HUMAN_vs_HUMAN,1-0,A00,103
SRrtOolB,Rated Rapid game,Rapid,720+8,mirkar54,DanCaro,1502,1508,,,HUMAN_vs_HUMAN,1-0,A00,10
2DVib2Q7,Rated Blitz game,Blitz,300+3,sarabadawy,archimedes42,1035,1038,,,HUMAN_vs_HUMAN,0-1,D00,74
BNYtjLVa,Rated UltraBullet game,UltraBullet,15+0,EatThemAlive,flyingsombrero,1872,1861,,,HUMAN_vs_HUMAN,1-0,A00,85
nMCuwOAY,Rated Bullet game,Bullet,60+0,shesnewintown,koolstan2000,2241,2184,,,HUMAN_vs_HUMAN,1/2-1/2,B23,102
r5w0G3eP,Rated Bullet game,Bullet,60+0,Ibrahimkamal,somahhashi16,1570,1553,,,HUMAN_vs_HUMAN,1-0,C50,77
BYqxpwQs,Rated Bullet game,Bullet,60+0,Nadann,c0vj3k,2261,2242,,,HUMAN_vs_HUMAN,0-1,D10,38
Nh8gIJtP,Rated Bullet game,Bullet,60+0,stipepoljak,Cesar2710,2430,2344,,,HUMAN_vs_HUMAN,1-0,A04,103
ji2qgtQP,Rated Bullet game,Bullet,60+0,BerniiRomero,maxbaez,1205,1248,,,HUMAN_vs_HUMAN,1-0,A00,59
VKJ2L1lg,Rated Bullet game,Bullet,60+0,Foxtroide,nissandutsan,1725,1729,,,HUMAN_vs_HUMAN,0-1,B01,50
dl4OJ6Yq,Rated Bullet game,Bullet,60+0,yri7,Kaycee1221,1714,1697,,,HUMAN_vs_HUMAN,0-1,A01,36
h1sOasLA,Rated Bullet game,Bullet,60+0,sportdeporte,txek1,1163,1195,,,HUMAN_vs_HUMAN,0-1,D20,32
MuXCf5kT,Rated Bullet game,Bullet,60+0,Destructor58,Kolabaxa,2464,2495,,,HUMAN_vs_HUMAN,1-0,A31,89
nO3kB83X,Rated Bullet game,Bullet,60+0,P1wn,passionatethrust,1957,1967,,,HUMAN_vs_HUMAN,1-0,C00,49
1RDXxuXi,Rated Bullet game,Bullet,60+0,aedaed,samvelal,1442,1480,,,HUMAN_vs_HUMAN,0-1,A00,54
3U6kUFdt,Rated Bullet game,Bullet,60+0,Adensnow,soliloquy_slq,1511,1504,,,HUMAN_vs_HUMAN,0-1,B12,76
pO1xJZdw,Rated Bullet game,Bullet,60+0,narnji,LoneCypress,2455,2597,,NM,HUMAN_vs_HUMAN,0-1,A00,50
1DJGr8an,Rated Bullet game,Bullet,60+0,hai81,Paul_Moseri,1973,1988,,,HUMAN_vs_HUMAN,0-1,D35,42
8NRRqvDv,Rated Bullet game,Bullet,60+0,sa1d_duuh,andrew_like_chess,1744,1791,,,HUMAN_vs_HUMAN,0-1,B01,47
A1FsXGsr,Rated Bullet game,Bullet,60+0,bop66,trgt99lw,1939,1914,,,HUMAN_vs_HUMAN,1-0,B01,35
jzIGA2wW,Rated Bullet game,Bullet,60+0,DrChesS011,thegreatkamikaze,1648,1652,,,HUMAN_vs_HUMAN,1-0,B10,73
jikpXDvz,Rated Bullet game,Bullet,60+0,wiolarz,charlesedwardcheese,1354,1277,,,HUMAN_vs_HUMAN,1-0,B50,54
ak0yNWKv,Rated Bullet game,Bullet,60+0,elvisclem,Artsahiti,2058,2180,,,HUMAN_vs_HUMAN,1-0,A04,73
4gqh3rCC,Rated Blitz game,Blitz,180+2,clparagao123,Eron_Capivara,1989,1975,,,HUMAN_vs_HUMAN,0-1,B07,56
8ZNk74Z2,Rated Bullet game,Bullet,60+0,forfight,caleuche,2115,2141,,,HUMAN_vs_HUMAN,1-0,A00,67
z1hdNuqS,Rated Blitz game,Blitz,180+0,ikossai,MrNovelty,2031,2038,,,HUMAN_vs_HUMAN,1-0,B01,71
Fe5H2QDC,Rated Blitz game,Blitz,180+0,jugabuja13,gkamel,1904,1952,,,HUMAN_vs_HUMAN,1-0,A40,123
dPnKAAOq,Rated Blitz game,Blitz,300+0,jcwj,zoilo-criticastro,1773,1850,,,HUMAN_vs_HUMAN,0-1,D00,30
ycmskBfr,Rated Blitz game,Blitz,300+0,kikinstereo,LawrenceOmoregie,1715,1718,,,HUMAN_vs_HUMAN,0-1,C01,52
Ng52WmgL,Rated Blitz game,Blitz,300+0,LUISREC,MoisesAngel,1157,1193,,,HUMAN_vs_HUMAN,1-0,A20,57
YDR3xuQF,Rated Blitz game,Blitz,300+0,Deison000,ultradoublewhite,1349,1303,,,HUMAN_vs_HUMAN,0-1,D00,48
o4e01o8Q,Rated Blitz game,Blitz,300+0,tangent_intersect,malvoxa,1091,1076,,,HUMAN_vs_HUMAN,0-1,C40,8
qg1XqGrF,Rated Blitz game,Blitz,300+0,slamoru,kingjones27,1447,1408,,,HUMAN_vs_HUMAN,0-1,C50,70
n5h4x9Zw,Rated Blitz game,Blitz,300+0,santi_avila,dosentoast,823,760,,,HUMAN_vs_HUMAN,1-0,A40,69
rxDJNCkl,Rated Blitz game,Blitz,300+0,JTavares23,sun_hope,1163,1190,,,HUMAN_vs_HUMAN,0-1,C40,42
PTyaU4KM,Rated Blitz game,Blitz,300+0,mgonzalo,bassaam12,1530,1533,,,HUMAN_vs_HUMAN,0-1,B06,72
w3z4bIC2,Rated Blitz game,Blitz,300+0,mostafa-goda,pIGioTto9,1711,1682,,,HUMAN_vs_HUMAN,1-0,A00,29
SpZNvBGc,Rated Blitz game,Blitz,300+0,Ishaq,ozomatli4,2055,2207,,,HUMAN_vs_HUMAN,0-1,C01,100
tZj3ibOW,Rated Blitz game,Blitz,300+0,atrupelei,Kazimirstudnicka,1254,1281,,,HUMAN_vs_HUMAN,0-1,D00,36
i7Z5BCq3,Rated Blitz game,Blitz,300+0,Paqmos,mehmetrasitsoydas,882,879,,,HUMAN_vs_HUMAN,0-1,C42,10
NzVDdkB3,Rated Blitz game,Blitz,300+0,Abogabl7,azzouz69,1861,1864,,,HUMAN_vs_HUMAN,0-1,A41,42
4ULVuHqQ,Rated Blitz game,Blitz,300+0,LukyPlayer,Allam57,1658,1620,,,HUMAN_vs_HUMAN,0-1,B54,66
e0PIE16i,Rated Blitz game,Blitz,300+0,vitek-sneberk_4,isrr43l,1300,1307,,,HUMAN_vs_HUMAN,1-0,B01,115
JnJqUCAU,Rated Blitz game,Blitz,300+0,Dowin1000,latking,917,863,,,HUMAN_vs_HUMAN,0-1,B01,52
lLE96Dky,Rated Blitz game,Blitz,300+0,akajiaku,Hombres_G,988,1020,,,HUMAN_vs_HUMAN,1-0,A40,41
qR4OWdh3,Rated Blitz game,Blitz,180+2,Pishtaz1988,vanja11,2142,2180,,,HUMAN_vs_HUMAN,0-1,A04,98
dBenwaCk,Rated Bullet game,Bullet,120+1,MAKUCHO,amsamimi,1737,1734,,,HUMAN_vs_HUMAN,1-0,D02,61
evMPmcfV,Rated Rapid game,Rapid,600+5,ahmedarwesh22,saadi,1480,1459,,,HUMAN_vs_HUMAN,1-0,C20,33
A9Dd0Cpr,Rated Bullet game,Bullet,60+0,rasoulmirak1985,Dacquel_19,1988,1945,,,HUMAN_vs_HUMAN,0-1,A04,62
XDTmH7RF,Rated Classical game,Classical,1800+0,ecodad,kluks,1981,1958,,,HUMAN_vs_HUMAN,1-0,B06,97
JZxBqeZ3,Rated Classical game,Classical,1800+0,randymir,AlmaGrande,1567,1532,,,HUMAN_vs_HUMAN,1-0,C50,20
rwdhUHHB,Rated Classical game,Classical,1800+0,IshaanAryan,Peon3C,1299,1364,,,HUMAN_vs_HUMAN,1-0,C00,85
fuuBxSko,Rated Classical game,Classical,1800+0,theebeardedladyy,Bassurmen,1721,1807,,,HUMAN_vs_HUMAN,1-0,A40,29
0w8Hf4Kn,Rated Classical game,Classical,1800+0,Peratopiona,Caveman2000bc,1689,1595,,,HUMAN_vs_HUMAN,1-0,C40,123
WNBX8JiL,Rated Classical game,Classical,1800+0,MK-H,sarapulov,1294,1298,,,HUMAN_vs_HUMAN,0-1,C20,30
B4ds0C7J,Rated Classical game,Classical,1800+0,Dharmendersehwag,chaits8767,1370,1394,,,HUMAN_vs_HUMAN,1-0,C50,53
E4jVjAap,Rated Classical game,Classical,1800+0,ghesketh,razvanivascu,1229,1270,,,HUMAN_vs_HUMAN,1-0,C25,51
qPjw51yc,Rated Bullet game,Bullet,120+1,timborodin,k872,1477,1571,,,HUMAN_vs_HUMAN,0-1,B00,62
SM7QQymV,Rated Bullet game,Bullet,120+1,naveen_bhimireddy,Osminog,937,934,,,HUMAN_vs_HUMAN,1-0,C20,41
zHcXTzIB,Rated Bullet game,Bullet,120+1,donkillshootte38,ahmed_tipo88,1133,1109,,,HUMAN_vs_HUMAN,1-0,A40,37
O4qL8ITO,Rated Bullet game,Bullet,120+1,Girro,Cloudz88,1466,1411,,,HUMAN_vs_HUMAN,0-1,B10,62
Ze0SsWLt,Rated Bullet game,Bullet,120+1,Khantastic,gabrams,1060,1060,,,HUMAN_vs_HUMAN,0-1,C23,54
bPrTfR96,Rated Bullet game,Bullet,120+1,Gerchess97,Arrojo03,1726,1750,,,HUMAN_vs_HUMAN,1/2-1/2,B90,148
NnHcVUN0,Rated Bullet game,Bullet,120+1,piripicchioLG,sverresverre,1032,991,,,HUMAN_vs_HUMAN,0-1,A40,58
FjJSWSbc,Rated Bullet game,Bullet,120+1,BUZORRO,Felipex98,1662,1606,,,HUMAN_vs_HUMAN,0-1,A22,50
N3ANp2Oc,Rated Bullet game,Bullet,120+1,tedylong,torrecabaloca,1765,1808,,,HUMAN_vs_HUMAN,1-0,A48,65
9Mu4piKv,Rated Bullet game,Bullet,120+1,iSymbol,tomtosso,955,985,,,HUMAN_vs_HUMAN,1-0,D20,19
3zaqK4rb,Rated Bullet game,Bullet,120+1,onuryildiz,steveortiz,1410,1359,,,HUMAN_vs_HUMAN,0-1,C25,46
LdN39Q2O,Rated Bullet game,Bullet,120+1,Capasid,Myco_Cris_Romasanta,2050,2089,,,HUMAN_vs_HUMAN,0-1,A21,34
vsmNRBj8,Rated Bullet game,Bullet,120+1,majstor9,CEPKOB,2243,2218,,,HUMAN_vs_HUMAN,1-0,D20,69
xJiPwFQ3,Rated Bullet game,Bullet,120+1,Eveleen,cangalheiro,1670,1680,,,HUMAN_vs_HUMAN,0-1,A40,116
IieefpsN,Rated Bullet game,Bullet,60+0,Coldalis,Khameis94,1216,1275,,,HUMAN_vs_HUMAN,1-0,C34,69
oeTrWIR5,Rated Bullet game,Bullet,60+0,Islerosedefendio,Egp98,1935,1909,,,HUMAN_vs_HUMAN,0-1,A01,98
b18QBoSA,Rated Bullet game,Bullet,60+0,tenburytryer,odyasovv,1364,1361,,,HUMAN_vs_HUMAN,1-0,A40,67
7cqULWyw,Rated Bullet game,Bullet,60+0,mgr909,vet_lukas,1727,1733,,,HUMAN_vs_HUMAN,1-0,A43,37
tSPUM489,Rated Bullet game,Bullet,60+0,simo88,trickpenguin,1610,1641,,,HUMAN_vs_HUMAN,1-0,C20,55
yI1HtW8N,Rated Bullet game,Bullet,60+0,wxyzdismantle,LetsTradeQueens,2022,2115,,,HUMAN_vs_HUMAN,1-0,A10,71
bern1W0K,Rated Bullet game,Bullet,60+0,chestpwayer,AdrianCPolit,1671,1650,,,HUMAN_vs_HUMAN,1-0,A40,61
k2JYjmWl,Rated Bullet game,Bullet,60+0,Inanc1,d22_2,1443,1443,,,HUMAN_vs_HUMAN,1-0,D02,39
EaaIqN8n,Rated Bullet game,Bullet,60+0,Pendragon77,miral_1993,1741,1788,,,HUMAN_vs_HUMAN,0-1,A00,70
K9ZroruN,Rated Bullet game,Bullet,60+0,fabricio64,kosilica,1317,1329,,,HUMAN_vs_HUMAN,0-1,C41,70
fV4Wy54T,Rated Bullet game,Bullet,60+0,temara,JeanPaul31,1427,1445,,,HUMAN_vs_HUMAN,1-0,A02,53
qxNCYf1I,Rated Bullet game,Bullet,60+0,M0N70Y4,Pelotademani,2226,2079,,,HUMAN_vs_HUMAN,1-0,A00,59
9g7LfBoR,Rated Bullet game,Bullet,60+0,ARYAN1_1,tqretto,1586,1518,,,HUMAN_vs_HUMAN,1-0,A40,91
MmwWcw70,Rated Bullet game,Bullet,60+0,ianmanrres,crogal,1414,1383,,,HUMAN_vs_HUMAN,1-0,C01,59
dR8T6s34,Rated Bullet game,Bullet,60+0,c130710a1,FEDOR55,2196,2193,,,HUMAN_vs_HUMAN,1-0,B06,93
1QbOKxtv,Rated Bullet game,Bullet,60+0,PapiChuca,rubendario27,1891,1882,,,HUMAN_vs_HUMAN,1-0,A00,101
ZRKvitRq,Rated Rapid game,Rapid,600+3,gamerio45,tarek791974,1276,1256,,,HUMAN_vs_HUMAN,1-0,C40,49
GVy4jRK0,Rated Blitz game,Blitz,180+0,hakob2017,Bambang_yunaidy,2033,2026,,,HUMAN_vs_HUMAN,0-1,B32,86
n0jU96WM,Rated Blitz game,Blitz,180+0,Luzenburgo85,ez4chess,2074,2097,,,HUMAN_vs_HUMAN,1-0,A45,14
UaqY6mze,Rated Blitz game,Blitz,180+0,jews99,Lascu,1949,1984,,,HUMAN_vs_HUMAN,1-0,B18,52
gJnrPkab,Rated Blitz game,Blitz,180+0,Osneider96,italianoob,1344,1274,,,HUMAN_vs_HUMAN,1/2-1/2,B00,100
zbshFmoB,Rated Blitz game,Blitz,180+0,F-Merz,solidwoode,1874,1853,,,HUMAN_vs_HUMAN,1-0,A40,103
CVtFc9Ba,Rated Blitz game,Blitz,180+0,abdobankay,Nael_DD,1807,1785,,,HUMAN_vs_HUMAN,0-1,B01,120
zASjB6QQ,Rated Blitz game,Blitz,180+0,Javocumbiero,bioemperor,2153,2114,,,HUMAN_vs_HUMAN,0-1,A40,114
lYchMPOP,Rated Blitz game,Blitz,180+0,SoliebeSchachfreunde,faloh,2288,2320,,,HUMAN_vs_HUMAN,1-0,C54,57
sNUZrWst,Rated Blitz game,Blitz,180+0,LoveBCSChess17,Elperezilloo,2094,2117,,,HUMAN_vs_HUMAN,0-1,A00,150
bBTGludJ,Rated Blitz game,Blitz,180+0,Pandavanchik,Mas53,2022,2010,,,HUMAN_vs_HUMAN,1-0,B30,69
eO8hKvHU,Rated Blitz game,Blitz,180+0,Gasan1907,niccolo2129,2090,2083,,,HUMAN_vs_HUMAN,0-1,C64,106
aLEQYHlT,Rated Blitz game,Blitz,180+0,morgan2670309,DiMaTho,2138,2274,,,HUMAN_vs_HUMAN,0-1,A65,54
G84NQhij,Rated Blitz game,Blitz,180+0,andreydo,timmiklaus,1723,1716,,,HUMAN_vs_HUMAN,1-0,D02,33
6i5qflFN,Rated Blitz game,Blitz,180+0,Poncenyo,theRebelian,1370,1413,,,HUMAN_vs_HUMAN,0-1,A40,76
BhPf7yhN,Rated Blitz game,Blitz,180+0,Yajiv1977,Kai-ros,1435,1509,,,HUMAN_vs_HUMAN,1-0,C50,43
NISpBjR8,Rated Blitz game,Blitz,180+0,MassterofMayhem,Pliukha_Mikhail,2604,2727,IM,NM,HUMAN_vs_HUMAN,1-0,B01,33
3e9wwiRA,Rated Blitz game,Blitz,180+0,SteepBox,KnightChameleon,1591,1604,,,HUMAN_vs_HUMAN,0-1,B06,32
bEfbjDA5,Rated Blitz game,Blitz,180+0,ipTeTron,joaowguilhermx,1364,1348,,,HUMAN_vs_HUMAN,1-0,B12,79
zKYG6nES,Rated Blitz game,Blitz,180+0,Ha1i1,vision40,1660,1672,,,HUMAN_vs_HUMAN,0-1,D20,86
9aXvYKqz,Rated Blitz game,Blitz,180+0,Ogeida,purpleski,1546,1521,,,HUMAN_vs_HUMAN,0-1,D00,56
axWHjiaN,Rated UltraBullet game,UltraBullet,15+0,TommyGunnnn,BrutalBishop31,1894,2052,,,HUMAN_vs_HUMAN,0-1,A00,84
eXdOzruZ,Rated Bullet game,Bullet,60+0,MileP,gachen,1981,1966,,,HUMAN_vs_HUMAN,1-0,B00,85
FueZ2Spz,Rated Rapid game,Rapid,600+0,resial,camlevgdu86,1231,1160,,,HUMAN_vs_HUMAN,1-0,C40,21
ogUXD20W,Rated UltraBullet game,UltraBullet,15+0,lichinut,arqcap,1654,1651,,,HUMAN_vs_HUMAN,0-1,A00,90
76RXLK8L,Rated Bullet game,Bullet,60+0,e4e5Nf3Nc6Bc4Job,Samarkand89,1284,1271,,,HUMAN_vs_HUMAN,0-1,B22,84
TmxWjPhg,Rated Bullet game,Bullet,60+0,Nesse93,Kairat9009,2189,2179,,,HUMAN_vs_HUMAN,1-0,D43,36
p9XSUeru,Rated Rapid game,Rapid,180+8,ALeverLongEnough,Allanturing,1776,1686,,,HUMAN_vs_HUMAN,1-0,A45,113
oYFYBt0Z,Rated Bullet game,Bullet,120+1,Matty69,soper,1532,1554,,,HUMAN_vs_HUMAN,1-0,B01,25
989qAYE4,Rated Bullet game,Bullet,120+1,martinmucha,redbluegeo,1422,1448,,,HUMAN_vs_HUMAN,1-0,A13,49
gxCrNsjg,Rated Bullet game,Bullet,120+1,AzSerg,Marko81BG,1896,1915,,,HUMAN_vs_HUMAN,0-1,C50,80
W3rK6Eal,Rated Bullet game,Bullet,120+1,Schieza860,F41Z,1273,1228,,,HUMAN_vs_HUMAN,0-1,B50,66
Koi3mZfZ,Rated Bullet game,Bullet,120+1,joaomonezii,saeid_hg,1356,1349,,,HUMAN_vs_HUMAN,0-1,B00,44
OKyrid2c,Rated Bullet game,Bullet,120+1,Csubi123,Toschka,1918,2074,,,HUMAN_vs_HUMAN,0-1,B15,56
IVxj1cCq,Rated Bullet game,Bullet,120+1,fangl,PeterTombleson,986,895,,,HUMAN_vs_HUMAN,1-0,C00,63
xPVGNw8n,Rated Bullet game,Bullet,120+1,Misalpav,Shodiqkedung,1789,1758,,,HUMAN_vs_HUMAN,1-0,D07,63
a9VNatXP,Rated Bullet game,Bullet,120+1,KenMak,TheCommonManChess,1659,1661,,,HUMAN_vs_HUMAN,1-0,B15,60
45SjbQjN,Rated Bullet game,Bullet,120+1,zaziam,varak66,1638,1640,,,HUMAN_vs_HUMAN,0-1,C00,54
iMorhgjD,Rated Bullet game,Bullet,120+1,Arazil2010,runswithtrees,1790,1812,,,HUMAN_vs_HUMAN,1-0,C42,37
dmNQycDf,Rated Bullet game,Bullet,120+1,stormageddon1270,Oleg1946,1498,1526,,,HUMAN_vs_HUMAN,0-1,B00,100
R5cIm92U,Rated Bullet game,Bullet,120+1,Brokenchesstable,C_Bizdaddy,1580,1602,,,HUMAN_vs_HUMAN,1-0,B10,115
YMxbl1Vf,Rated Blitz game,Blitz,180+0,Elizaveta-98,SoliDeuGloria,1977,1986,,,HUMAN_vs_HUMAN,0-1,B10,116
e1l5p8Ak,Rated Blitz game,Blitz,180+0,Mohamed987m,SrDimas,1265,1380,,,HUMAN_vs_HUMAN,1-0,B01,91
RORPwf4Q,Rated Bullet game,Bullet,60+0,Prs-JeFFersON-DAVIS,a1med,1550,1568,,,HUMAN_vs_HUMAN,1-0,A00,79
oz06fc0K,Rated Bullet game,Bullet,60+0,openinginviting_8512,Adamsmithv2,2167,2083,,,HUMAN_vs_HUMAN,1-0,A40,61
XSexizAq,Rated Bullet game,Bullet,60+0,Alfredo95,kbknight1,1970,1932,,,HUMAN_vs_HUMAN,0-1,A10,98
GrVfW5QR,Rated Bullet game,Bullet,60+0,EvgenyYa,Xelais,1834,1828,,,HUMAN_vs_HUMAN,1/2-1/2,A00,107
al6IXflM,Rated Bullet game,Bullet,60+0,jagua,BumpoRecords,1617,1627,,,HUMAN_vs_HUMAN,0-1,B01,86
o2pSQStZ,Rated Bullet game,Bullet,60+0,gomi-22,gordeymolodes,900,949,,,HUMAN_vs_HUMAN,0-1,A01,24
jfmDSis8,Rated Bullet game,Bullet,60+0,Georgeskm,jess_ae,1523,1444,,,HUMAN_vs_HUMAN,1-0,B00,93
RaXxWWfk,Rated Bullet game,Bullet,60+0,montoprincipal,Dancers_Rope,1422,1401,,,HUMAN_vs_HUMAN,0-1,B23,66
m2ZzerWq,Rated Bullet game,Bullet,60+0,PastorMR,Dobry_Lotr,1047,966,,,HUMAN_vs_HUMAN,1-0,A04,63
lbuj6v5Y,Rated Bullet game,Bullet,60+0,Yoandri11,COLLO8348,1907,1875,,,HUMAN_vs_HUMAN,1-0,B30,23
xgfkaFCV,Rated Bullet game,Bullet,60+0,you_are_a_chess,InLo,2218,2196,,,HUMAN_vs_HUMAN,1-0,A01,123
VeiILzf9,Rated Bullet game,Bullet,60+0,esoterickemalism,Stellardrone,1644,1628,,,HUMAN_vs_HUMAN,0-1,C00,30
9uxIZKxW,Rated Bullet game,Bullet,60+0,nikosflix,GrandShchurrr,2249,2259,,,HUMAN_vs_HUMAN,0-1,D03,92
u0jSRsR1,Rated Bullet game,Bullet,60+0,hossalboss,taipan90,1671,1692,,,HUMAN_vs_HUMAN,0-1,B00,80
m0wcE1b0,Rated Bullet game,Bullet,60+0,imperya,Fouad_122,1230,1246,,,HUMAN_vs_HUMAN,1-0,A00,63
bakXFlvH,Rated Bullet game,Bullet,60+0,Sergiojou,Inactivityy1,1104,1133,,,HUMAN_vs_HUMAN,0-1,B32,56
CNSpdAfa,Rated Blitz game,Blitz,180+2,Vavrov,xorst,1932,1935,,,HUMAN_vs_HUMAN,0-1,E21,31
iTk2JG3m,Rated Blitz game,Blitz,180+2,jamesac,derIne2,1166,1174,,,HUMAN_vs_HUMAN,1-0,B22,63
GjJgkOVw,Rated Blitz game,Blitz,180+2,alejandrob84,efimovartem,1203,1259,,,HUMAN_vs_HUMAN,1-0,C40,61
uPklnzU3,Rated Blitz game,Blitz,180+2,Sunrxse,TV_Richard,963,1113,,,HUMAN_vs_HUMAN,0-1,C42,12
QP8VBQSR,Rated Blitz game,Blitz,180+2,Go3rany,Akibus,2207,2226,,,HUMAN_vs_HUMAN,1-0,B40,117
hFFHBtgg,Rated Blitz game,Blitz,180+2,VaheDarbinyan1,SackMyQ,1572,1643,,,HUMAN_vs_HUMAN,1-0,A57,91
MTRut9f2,Rated Blitz game,Blitz,180+2,hape_schach,Hikur0,1560,1532,,,HUMAN_vs_HUMAN,0-1,C69,31
D0nqTGcY,Rated Blitz game,Blitz,180+2,KnightHunt,VenusInUniform,2000,2005,,,HUMAN_vs_HUMAN,1/2-1/2,B41,106
MOvXfuQT,Rated Blitz game,Blitz,180+2,BlackHawkRise,kumarnareshmay,868,851,,,HUMAN_vs_HUMAN,1/2-1/2,B01,36
siisaCyE,Rated Blitz game,Blitz,180+2,Lunestar,ArthurAardvark,1310,1324,,,HUMAN_vs_HUMAN,1-0,B30,87
b5iFeidE,Rated Blitz game,Blitz,180+2,Ares_98,alaahatem_98,1375,1394,,,HUMAN_vs_HUMAN,1/2-1/2,B10,97
AOnJXd5Y,Rated Blitz game,Blitz,180+2,Kefaskamale,cochayuyochess,1360,1384,,,HUMAN_vs_HUMAN,1-0,C44,61
csc0vyw8,Rated Blitz game,Blitz,180+2,caxuetu,drdrisss,1407,1451,,,HUMAN_vs_HUMAN,0-1,C00,44
7XMNKcxq,Rated Blitz game,Blitz,180+0,Papalasconi,kukuruzu,1874,1893,,,HUMAN_vs_HUMAN,0-1,B01,86
rGzEcdcA,Rated Blitz game,Blitz,180+0,khulu,BeaverChess,2052,2107,,,HUMAN_vs_HUMAN,1-0,A28,85
okhQD8Kj,Rated Blitz game,Blitz,180+0,kbbx,chowdberry,1558,1575,,,HUMAN_vs_HUMAN,1-0,D00,31
dbrraHy3,Rated Blitz game,Blitz,180+0,gaetanoza,DanielCerros,1744,1722,,,HUMAN_vs_HUMAN,0-1,A02,30
EQXkAlw2,Rated Blitz game,Blitz,180+0,DoubleM919,saletio,1617,1650,,,HUMAN_vs_HUMAN,0-1,C42,68
YJ9Gq5y0,Rated Blitz game,Blitz,180+0,david_gomez,Marvel2,2514,2351,FM,,HUMAN_vs_HUMAN,0-1,E81,98
LDeU2KGd,Rated Blitz game,Blitz,180+0,MenacingKnight01,QaWaR,1214,1271,,,HUMAN_vs_HUMAN,1-0,C58,55
eCHnViMt,Rated Blitz game,Blitz,180+0,eci93,Est357,1900,1945,,,HUMAN_vs_HUMAN,1-0,D01,15
5BXf7Qh8,Rated Blitz game,Blitz,180+0,EvgKar,romanvega,2231,2186,,,HUMAN_vs_HUMAN,0-1,B21,64
BTngiFJp,Rated Blitz game,Blitz,180+0,supercrescent,drst16,1692,1711,,,HUMAN_vs_HUMAN,1-0,A40,73
nEZDOSCl,Rated Blitz game,Blitz,180+0,Carlosnieves56,Excelencia2019,1304,1298,,,HUMAN_vs_HUMAN,1-0,A40,57
ZyDq2ZVL,Rated Bullet game,Bullet,120+1,turbog,cassinidivision,1413,1399,,,HUMAN_vs_HUMAN,1-0,C44,45
ppHPFe1u,Rated Bullet game,Bullet,120+1,amateurold,zoooperdan,1812,1891,,,HUMAN_vs_HUMAN,1-0,B13,71
7YeowwHV,Rated Bullet game,Bullet,120+1,landmoralitos,simonhodges,1091,1003,,,HUMAN_vs_HUMAN,0-1,B40,30
IomLoHkg,Rated Bullet game,Bullet,120+1,velsky25,augustodj,1306,1354,,,HUMAN_vs_HUMAN,0-1,B23,74
diaK3MkJ,Rated Bullet game,Bullet,120+1,klinker68,BilboSmokingWeed,1441,1507,,,HUMAN_vs_HUMAN,1-0,D35,69
Sp1kLJ8C,Rated Bullet game,Bullet,120+1,zioviris,juank72,2070,2071,,,HUMAN_vs_HUMAN,0-1,B02,32
9SHRcoM6,Rated Bullet game,Bullet,120+1,Robi1465,crowmultiverse123,1963,1905,,,HUMAN_vs_HUMAN,0-1,B20,78
X73rdlaP,Rated Bullet game,Bullet,120+1,DrSUPERAWESOME,GoodTimeCharlie,1371,1367,,,HUMAN_vs_HUMAN,1-0,A00,53
3Ijmikio,Rated Bullet game,Bullet,120+1,Daxylmac,g_daddel,1572,1636,,,HUMAN_vs_HUMAN,1-0,C41,45
o9pCR2Ht,Rated Bullet game,Bullet,120+1,Neup08,PMiller89,1424,1438,,,HUMAN_vs_HUMAN,1-0,A50,63
fr35RFhK,Rated Bullet game,Bullet,120+1,michal7992,yasserpain,1580,1590,,,HUMAN_vs_HUMAN,1-0,B21,51
Hasogryq,Rated Bullet game,Bullet,120+1,vladimir_ufo,leconstantinois,1658,1724,,,HUMAN_vs_HUMAN,1-0,C42,41
gVjQzMEH,Rated Bullet game,Bullet,120+1,Abhishekupadhya,backpedalingpawn,1112,1159,,,HUMAN_vs_HUMAN,1-0,A06,53
WY76p1rj,Rated Bullet game,Bullet,120+1,ivansotehm_7,kabeer121qwk,937,926,,,HUMAN_vs_HUMAN,1/2-1/2,C47,134
MLpbEhEf,Rated Rapid game,Rapid,300+5,Miighty4ce,thelastwalenta,1511,1485,,,HUMAN_vs_HUMAN,1-0,C60,45
1Ga12WRx,Rated Blitz game,Blitz,90+4,novo01,Kersersoze,1618,1851,,,HUMAN_vs_HUMAN,0-1,B32,58
oPKLvLkD,Rated Bullet game,Bullet,60+0,Daddyschess,MrSpock17,1947,1940,,,HUMAN_vs_HUMAN,1-0,B21,51
ez4GfI3x,Rated Bullet game,Bullet,60+0,strummingmusic,avlabar,2369,2427,,,HUMAN_vs_HUMAN,0-1,B00,74
HZ8lqlfV,Rated Bullet game,Bullet,60+0,njad93,cebirr,1768,1784,,,HUMAN_vs_HUMAN,0-1,A02,56
GVoGzYCy,Rated Bullet game,Bullet,60+0,dosfedericos,juancho_rp,1611,1593,,,HUMAN_vs_HUMAN,0-1,D37,24
ypOhsi4A,Rated Bullet game,Bullet,60+0,mlusio,Baumberger,2272,2247,,,HUMAN_vs_HUMAN,0-1,D06,74
zsqN0FQO,Rated Bullet game,Bullet,60+0,nickbeam80,KishantheKingrule,1637,1655,,,HUMAN_vs_HUMAN,1-0,B22,37
ogOkHpI4,Rated Bullet game,Bullet,60+0,Retnevednav,jomasu90,1511,1452,,,HUMAN_vs_HUMAN,1-0,D00,45
PD4yxJ0V,Rated Bullet game,Bullet,60+0,millicz,nyarlatotheph,1891,1869,,,HUMAN_vs_HUMAN,0-1,B13,44
tNe85Guv,Rated Bullet game,Bullet,60+0,CayoValerio,MarioRamiro,2092,2132,,,HUMAN_vs_HUMAN,1-0,C40,105
ug7KZuRR,Rated Bullet game,Bullet,60+0,Deriban,ronaldharing,2227,2187,,,HUMAN_vs_HUMAN,1/2-1/2,B14,62
ZCShmjln,Rated Bullet game,Bullet,60+0,MemphisMade,nazriz,2304,2381,,,HUMAN_vs_HUMAN,1/2-1/2,B00,109
CZPJpzB8,Rated Bullet game,Bullet,60+0,bescha98,lipu,1591,1569,,,HUMAN_vs_HUMAN,1-0,D30,85
rrv0gcRS,Rated Bullet game,Bullet,60+0,MSSANTOS,bounmed,2004,1996,,,HUMAN_vs_HUMAN,1-0,A54,77
KvcCg4nQ,Rated Bullet game,Bullet,60+0,hoehlenwolf,salimandrah,1834,1860,,,HUMAN_vs_HUMAN,1/2-1/2,B10,101
mnYBSCYz,Rated Bullet game,Bullet,60+0,Chilarado,Arfiliado39,1953,1964,,,HUMAN_vs_HUMAN,1-0,D02,67
c2jtYdqj,Rated Bullet game,Bullet,60+0,skier237,whosaysiamgay,1141,1106,,,HUMAN_vs_HUMAN,1-0,A40,69
kSmejelD,Rated Bullet game,Bullet,60+0,silva59,alibabaremix,1947,1920,,,HUMAN_vs_HUMAN,0-1,B30,68
ygjwK3df,Rated Bullet game,Bullet,60+0,vladas27,flyintoe,1699,1706,,,HUMAN_vs_HUMAN,1-0,B00,89
6C9ahkPY,Rated Bullet game,Bullet,60+0,unodosdosuno1221,Jsmejor,1143,1065,,,HUMAN_vs_HUMAN,0-1,D06,30
sJR9wEZF,Rated Bullet game,Bullet,60+0,tamecula,MINDHUNTERschafer,1786,1832,,,HUMAN_vs_HUMAN,1-0,B15,35
WHAuh9Yc,Rated Rapid game,Rapid,600+5,Ladketa,Darwin777,1795,1787,,,HUMAN_vs_HUMAN,1-0,B20,63
2xqDYE3J,Rated Rapid game,Rapid,600+5,rmeyers,Markote,957,1019,,,HUMAN_vs_HUMAN,0-1,A40,62
TKtjcuck,Rated Rapid game,Rapid,600+5,manUTD_23,Chrisopa,1426,1548,,,HUMAN_vs_HUMAN,0-1,C00,83
OQ9ZESNw,Rated Rapid game,Rapid,600+5,shimonzil123,alma1961,1675,1646,,,HUMAN_vs_HUMAN,1-0,C62,67
Y3fPoI1o,Rated Blitz game,Blitz,180+0,PIETRO2848,LumpiaSMG,2115,2076,,,HUMAN_vs_HUMAN,0-1,B20,46
9upWGt91,Rated Blitz game,Blitz,180+0,point75,eurobenq,1722,1717,,,HUMAN_vs_HUMAN,1-0,D53,209
3NDqj289,Rated Blitz game,Blitz,180+0,ndaru_andrue,king-cro,1772,1781,,,HUMAN_vs_HUMAN,0-1,D53,116
AU6Z9pEF,Rated Blitz game,Blitz,180+0,nuskatours,bamix86,1756,1740,,,HUMAN_vs_HUMAN,0-1,B44,68
Yx3FUZ8u,Rated Blitz game,Blitz,180+0,keepon123,ferata13,2141,2177,,,HUMAN_vs_HUMAN,1-0,C10,99
VfpqvOyn,Rated Blitz game,Blitz,180+0,sbenitez13,chika5105,1990,1995,,,HUMAN_vs_HUMAN,1-0,D02,73
JTdrnPdi,Rated Blitz game,Blitz,180+0,telorcelana,RenzoAQ,2035,2012,,,HUMAN_vs_HUMAN,1-0,C77,55
MeY7dknZ,Rated Blitz game,Blitz,180+0,Aransankay,caccalari,1460,1467,,,HUMAN_vs_HUMAN,0-1,B06,56
dhzWUym9,Rated Blitz game,Blitz,180+0,valinq,sarrigna,1318,1323,,,HUMAN_vs_HUMAN,0-1,D35,26
yWGGi6fV,Rated Blitz game,Blitz,180+0,viktorgm,PhilBM,1504,1542,,,HUMAN_vs_HUMAN,1-0,B45,35
Na6sK7Pu,Rated Blitz game,Blitz,180+0,j-mljp,aboomar1985,1289,1284,,,HUMAN_vs_HUMAN,1-0,B00,57
LXvgGmTF,Rated Blitz game,Blitz,180+0,gabriele06,artemARTE,1880,1931,,,HUMAN_vs_HUMAN,1-0,D37,21
F6qvJmAu,Rated Blitz game,Blitz,180+0,Jeferax123,rodgers,1568,1541,,,HUMAN_vs_HUMAN,0-1,A11,116
V5slvlQK,Rated Blitz game,Blitz,300+0,VishalLahotivl,tecnotronicx,1660,1679,,,HUMAN_vs_HUMAN,1-0,A00,72
ueBh07yh,Rated Blitz game,Blitz,300+0,MERMOS55,Charlesblast,2077,2023,,,HUMAN_vs_HUMAN,1-0,B40,97
EOmGp2zX,Rated Blitz game,Blitz,300+0,Profjerry,Kouassy,2003,2034,,,HUMAN_vs_HUMAN,0-1,B06,116
u80TqDfK,Rated Blitz game,Blitz,300+0,Spritk,LucasMason,1671,1671,,,HUMAN_vs_HUMAN,1-0,C25,55
Yh3anRVf,Rated Blitz game,Blitz,300+0,ferxd1,Leopard24689,1038,926,,,HUMAN_vs_HUMAN,1-0,C00,19
etY13m4Y,Rated Blitz game,Blitz,300+0,Thyregod,Rafiqui,956,1016,,,HUMAN_vs_HUMAN,0-1,C20,78
fU4rLuQ5,Rated Blitz game,Blitz,300+0,bsay,JuanBCastroR,1528,1542,,,HUMAN_vs_HUMAN,0-1,B00,52
m1uQay2d,Rated Blitz game,Blitz,300+0,Ghexor,DingIrsyad19,1086,1044,,,HUMAN_vs_HUMAN,1-0,A00,17
9TqWKL3O,Rated Blitz game,Blitz,300+0,Aquatico7,jzrndlcrz,2108,1901,,,HUMAN_vs_HUMAN,1-0,A43,91
WZZGY3U2,Rated Blitz game,Blitz,300+0,Tuncay_75,Hilltopper,1734,1713,,,HUMAN_vs_HUMAN,1-0,A40,69
mR0LXzrp,Rated Blitz game,Blitz,300+0,Kauepeixer,dosisi,925,861,,,HUMAN_vs_HUMAN,0-1,C23,34
OoUHtCgT,Rated Blitz game,Blitz,300+0,stankonar,chinchetov,1505,1479,,,HUMAN_vs_HUMAN,0-1,B20,100
TTy8X55i,Rated Blitz game,Blitz,300+3,mc58,Bianca_Huesca,878,993,,,HUMAN_vs_HUMAN,1-0,B07,89
5bvhHGEC,Rated Blitz game,Blitz,300+3,Utaka07,DonRoque,1154,1162,,,HUMAN_vs_HUMAN,0-1,B01,82
MoMvFqxQ,Rated Blitz game,Blitz,300+3,ericblues,maikisae,1293,1178,,,HUMAN_vs_HUMAN,1-0,C50,49
lV4crtZ1,Rated Blitz game,Blitz,300+3,El_Gring,guylou,789,774,,,HUMAN_vs_HUMAN,1-0,D00,91
fjmwCq8U,Rated Blitz game,Blitz,300+3,Vusal_1990,fish233,768,770,,,HUMAN_vs_HUMAN,0-1,C50,14
gALfJAfq,Rated Blitz game,Blitz,300+3,POPITO1234,Gamer13,2035,2008,,,HUMAN_vs_HUMAN,0-1,D00,112
NsB7Plwp,Rated Blitz game,Blitz,300+3,ostionespozochino,paniquiado,1509,1539,,,HUMAN_vs_HUMAN,0-1,B32,59
2hPOqmzy,Rated Blitz game,Blitz,300+3,ivinmax,jilt76,1073,1072,,,HUMAN_vs_HUMAN,1-0,C40,81
CY95acE4,Rated Blitz game,Blitz,300+3,Kamelzzee,rookchaser,1557,1556,,,HUMAN_vs_HUMAN,1-0,B10,59
qqG4mhld,Rated Blitz game,Blitz,300+3,BigBoss17777,kradapar,1037,996,,,HUMAN_vs_HUMAN,0-1,A01,42
nXfvoL1D,Rated Bullet game,Bullet,60+0,ML3k0,frkfgtz,1183,1258,,,HUMAN_vs_HUMAN,1-0,D31,45
yzlgVwrn,Rated Blitz game,Blitz,300+0,Wybowski,cam25999,1541,1529,,,HUMAN_vs_HUMAN,0-1,D00,34
7yKVuJka,Rated Bullet game,Bullet,60+0,trader47dotcom,Samuelufstrike,2027,2051,,,HUMAN_vs_HUMAN,0-1,C34,50
rQPehMP9,Rated Blitz game,Blitz,180+2,Aljechin1921,Eldarzxc,1820,1690,,,HUMAN_vs_HUMAN,1-0,B08,59
6hz58r6z,Rated Blitz game,Blitz,180+0,TurkBey61,Mr_Freddy,1759,1747,,,HUMAN_vs_HUMAN,1-0,D11,43
69nMQp4W,Rated Blitz game,Blitz,180+0,JongXX06,ali_khan88,1858,1817,,,HUMAN_vs_HUMAN,0-1,D50,138
KWf9vQrz,Rated Blitz game,Blitz,180+0,Jurimagic,ArenillasR,1936,1987,,,HUMAN_vs_HUMAN,1-0,B03,117
MSggoWeU,Rated Blitz game,Blitz,180+0,warenator,isaac33702,1272,1180,,,HUMAN_vs_HUMAN,1-0,C23,49
XnWSmRxJ,Rated Blitz game,Blitz,180+0,CarlosVargas199820,milmat,2283,2284,,,HUMAN_vs_HUMAN,0-1,D02,118
snYCLPP3,Rated Blitz game,Blitz,180+0,Luisphotosmadrid,mahoni123,1438,1518,,,HUMAN_vs_HUMAN,0-1,A40,42
1hkQ8y8u,Rated Blitz game,Blitz,180+0,Dandywood,Mainer37,1037,1129,,,HUMAN_vs_HUMAN,0-1,A00,61
ZA2YjKw0,Rated Blitz game,Blitz,180+0,Litas27PL,decapitated_king,1159,1147,,,HUMAN_vs_HUMAN,1-0,B00,36
4JXHvTOC,Rated Blitz game,Blitz,180+0,Lorde_Patyr,Cutrale,851,806,,,HUMAN_vs_HUMAN,1-0,B01,35
ouQAaV0R,Rated Blitz game,Blitz,180+0,Gnemo,Noahcaletrio2,1701,1704,,,HUMAN_vs_HUMAN,1-0,A84,59
GNM5OVUI,Rated Blitz game,Blitz,180+0,Hector_Guantanamo,Estangui,1411,1414,,,HUMAN_vs_HUMAN,0-1,D02,50
Iabt7hie,Rated Blitz game,Blitz,180+0,Barzvange,ahmetoztek,1416,1480,,,HUMAN_vs_HUMAN,0-1,C26,62
bMkzYa2u,Rated Blitz game,Blitz,180+0,Benjaminiii,Sachinmewarguru,1604,1623,,,HUMAN_vs_HUMAN,1-0,A00,69
qxPAngIy,Rated Bullet game,Bullet,120+1,Tadashim,Arcadian_Pietrangelo,1350,1346,,,HUMAN_vs_HUMAN,1-0,C00,7
ROGaIqLg,Rated Blitz game,Blitz,300+3,Serenitymallorca,KalinaSport,1064,787,,,HUMAN_vs_HUMAN,1-0,C23,25
zYEjnLan,Rated Bullet game,Bullet,60+0,ramdomname95,DEATHEMBER,869,811,,,HUMAN_vs_HUMAN,0-1,A40,50
j8hsRD7x,Rated Bullet game,Bullet,60+0,paulobm,faras_el_nahr,1692,1688,,,HUMAN_vs_HUMAN,0-1,A00,82
a3nYQVmY,Rated Bullet game,Bullet,60+0,yourolympicher0,talintorunu,1473,1492,,,HUMAN_vs_HUMAN,1-0,D00,73
pnqeiKuN,Rated Bullet game,Bullet,60+0,es-Seffah,Gio_ayllu,1110,1192,,,HUMAN_vs_HUMAN,1-0,C00,55
OaLDmhIP,Rated Bullet game,Bullet,60+0,CrisstianDamian,Remigio2023,1608,1618,,,HUMAN_vs_HUMAN,1-0,A49,67
KnMojocq,Rated Bullet game,Bullet,60+0,MAMAYOQUIERO,niklasj,2129,2131,FM,,HUMAN_vs_HUMAN,0-1,A18,54
OSmP6qW9,Rated Bullet game,Bullet,60+0,TheeMacerV,antonov44,955,1029,,,HUMAN_vs_HUMAN,1-0,C47,53
8Ov6XD7S,Rated Bullet game,Bullet,60+0,juan_s1,Ahmad31096,1707,1730,,,HUMAN_vs_HUMAN,0-1,D00,76
BHSx1m1m,Rated Bullet game,Bullet,60+0,mordo7,Rosekola,1782,1771,,,HUMAN_vs_HUMAN,1-0,C20,65
3GqLNOYu,Rated Bullet game,Bullet,60+0,johani21,marcostorresarias,1666,1686,,,HUMAN_vs_HUMAN,1-0,B06,79
DnFSCVaw,Rated Bullet game,Bullet,60+0,mmadala,Zephyrus777,1579,1581,,,HUMAN_vs_HUMAN,0-1,A40,76
6z9QPJbt,Rated Bullet game,Bullet,60+0,lascadordecu,roma1302,1639,1663,,,HUMAN_vs_HUMAN,0-1,C22,12
vgW8I5VF,Rated Bullet game,Bullet,60+0,ahmadzalat,kumikualv,2168,2271,,,HUMAN_vs_HUMAN,1-0,A03,71
SWconjFS,Rated Bullet game,Bullet,60+0,haggai666,dnkefua,2134,2109,,,HUMAN_vs_HUMAN,1-0,A43,77
25RhWuAm,Rated Bullet game,Bullet,60+0,McHempett,KingBaez,1802,1854,,,HUMAN_vs_HUMAN,0-1,B12,96
t78DqTPB,Rated Bullet game,Bullet,60+0,SamVC,fanilsabirov,2008,1964,,,HUMAN_vs_HUMAN,0-1,B23,80
aC5M9M8s,Rated Bullet game,Bullet,60+0,Bajanista,WinterVault,2477,2449,,,HUMAN_vs_HUMAN,1/2-1/2,A10,124
sru4CobY,Rated Blitz game,Blitz,300+3,Leroy_1892,vponczek,1305,1248,,,HUMAN_vs_HUMAN,1-0,C47,29
zbz04fUL,Rated Rapid game,Rapid,600+0,tigerAdam,costanza41,1627,1657,,,HUMAN_vs_HUMAN,1-0,B20,37
ZkLUuVXO,Rated Rapid game,Rapid,600+0,gawain93,Strannik004,1540,1520,,,HUMAN_vs_HUMAN,0-1,B40,87
gDd8tF6K,Rated Rapid game,Rapid,600+0,NatureBoyRicFlair,nreznok,1784,1685,,,HUMAN_vs_HUMAN,0-1,D04,68
24IHjPxd,Rated Rapid game,Rapid,600+0,Peter_Salazar,Bigadsz,1811,1916,,,HUMAN_vs_HUMAN,1-0,D00,59
HgDf2xAC,Rated Rapid game,Rapid,600+0,Lichesond0938,Jercan74,1426,1499,,,HUMAN_vs_HUMAN,1-0,C00,63
NYDHHDlw,Rated Bullet game,Bullet,120+1,vi-1946,cofeefee,1565,1518,,,HUMAN_vs_HUMAN,0-1,C20,84
DsQQVzdE,Rated Bullet game,Bullet,120+1,Luchissimo,manoseleni,1996,2066,,,HUMAN_vs_HUMAN,0-1,A01,66
0rheUCEN,Rated Bullet game,Bullet,120+1,hegelianplatypus,Ibdera,1878,1922,,,HUMAN_vs_HUMAN,0-1,A08,36
0kpdLvbw,Rated Bullet game,Bullet,120+1,zeljko15,aarif10,967,922,,,HUMAN_vs_HUMAN,0-1,C23,94
254ikFXt,Rated Bullet game,Bullet,120+1,OTTASROB,FaustoSoaresJunior,1238,1185,,,HUMAN_vs_HUMAN,1-0,A41,63
4b1wrt3F,Rated Bullet game,Bullet,120+1,FarVarDIn34,Iori_Yagami,1854,1822,,,HUMAN_vs_HUMAN,1-0,D00,85
VF78oCdV,Rated Bullet game,Bullet,120+1,falke_b4,HugoCarnifex,1597,1603,,,HUMAN_vs_HUMAN,0-1,D35,68
C20PbXXm,Rated Bullet game,Bullet,120+1,KostyantynCh,SierraChampion,1070,1077,,,HUMAN_vs_HUMAN,0-1,A41,60
HtQShZr8,Rated Bullet game,Bullet,120+1,andresv444,OIIIIIO,1954,1957,,,HUMAN_vs_HUMAN,0-1,B50,140
Mfzs3zpv,Rated Bullet game,Bullet,120+1,Hippy_Phobia,Kayles,1781,1803,,,HUMAN_vs_HUMAN,1-0,B22,73
NshsZm0H,Rated Blitz game,Blitz,180+0,eugenio90,rpm198,2306,2287,,,HUMAN_vs_HUMAN,0-1,A04,68
loBwIGr6,Rated Blitz game,Blitz,180+2,VITCH_1977,MaxTsourov,1689,1760,,,HUMAN_vs_HUMAN,0-1,D06,57
QreC79xP,Rated Blitz game,Blitz,300+0,cerwindhunt,hfvghqphjp,1295,1345,,,HUMAN_vs_HUMAN,1-0,B21,16
Y7dNRTKn,Rated Blitz game,Blitz,300+0,bltzfsck,lewisdk905,1464,1461,,,HUMAN_vs_HUMAN,0-1,C30,46
DRyjv5b9,Rated Blitz game,Blitz,300+0,themachinisst,c-rack,1263,1271,,,HUMAN_vs_HUMAN,0-1,C50,40
hBqPgx1M,Rated Blitz game,Blitz,300+0,vdv72,elcarlos81,1501,1485,,,HUMAN_vs_HUMAN,0-1,C50,86
dnI5Z9Ei,Rated Blitz game,Blitz,300+0,torrefacto,emeskritte,1273,1256,,,HUMAN_vs_HUMAN,1-0,D00,131
ezhAZJTx,Rated Blitz game,Blitz,300+0,AGDAD,ahmed2695,1408,1398,,,HUMAN_vs_HUMAN,0-1,B00,88
jBe9weOb,Rated Blitz game,Blitz,300+0,Germancarlos,Iwillwin123456,1500,2432,,,HUMAN_vs_HUMAN,0-1,B21,22
ouiCcg8Q,Rated Blitz game,Blitz,300+0,geschaftsfuhrer,Tsedenov_08,967,1041,,,HUMAN_vs_HUMAN,1-0,C20,33
r9OjqSD1,Rated Blitz game,Blitz,300+0,sebastian53,TG-23,1555,1555,,,HUMAN_vs_HUMAN,0-1,C44,44
d2XBcegV,Rated Blitz game,Blitz,300+0,kahomi,CrammyClunge,1758,1769,,,HUMAN_vs_HUMAN,1-0,B10,95
4ImIySIl,Rated Blitz game,Blitz,300+0,ikkaiti,Elerbure,1437,1449,,,HUMAN_vs_HUMAN,1-0,C40,69
bP19T9LX,Rated Blitz game,Blitz,300+0,Ym75,andrebori,2262,2231,,,HUMAN_vs_HUMAN,1-0,C00,115
jvOtSOkd,Rated Blitz game,Blitz,300+0,ivanchukvassili,fisherman3,1592,1687,,,HUMAN_vs_HUMAN,0-1,C11,72
C5eGPCSl,Rated Blitz game,Blitz,300+0,TurkeyDano,Zeroruners,1814,1881,,,HUMAN_vs_HUMAN,1-0,B00,27
ZkkbMJWS,Rated Blitz game,Blitz,300+0,frankhee,cemmazibasi,1086,1073,,,HUMAN_vs_HUMAN,1-0,B00,20
LJSM9z4R,Rated Blitz game,Blitz,300+0,Borneot,ivanbj12,1996,2008,,,HUMAN_vs_HUMAN,1-0,C62,43
0QADbonY,Rated Blitz game,Blitz,300+0,Remai,KrustyKrub125,931,930,,,HUMAN_vs_HUMAN,0-1,A00,56
xQ3TJSOW,Rated Bullet game,Bullet,60+0,elliot477,Iwinuwin,1214,1116,,,HUMAN_vs_HUMAN,1-0,D00,41
ZF5wDXXd,Rated Bullet game,Bullet,60+0,lancemanalo77,refresher,2491,2532,,FM,HUMAN_vs_HUMAN,1-0,B23,113
0f0QPtdj,Rated Bullet game,Bullet,60+0,edrocks,TKMan,2125,2139,,,HUMAN_vs_HUMAN,0-1,E12,62
Gg1q3ukR,Rated Bullet game,Bullet,60+0,Summer-Son,Venomxx,2055,2021,,,HUMAN_vs_HUMAN,0-1,A00,64
jTCCE7u9,Rated Bullet game,Bullet,60+0,alev100,semtinpopisi,1728,1725,,,HUMAN_vs_HUMAN,0-1,C55,88
PppbhDV8,Rated Bullet game,Bullet,60+0,Draugodan,iso42,1241,1280,,,HUMAN_vs_HUMAN,1-0,A40,29
XgT6PrEv,Rated Bullet game,Bullet,60+0,ferhadozcan,segslo,1287,1331,,,HUMAN_vs_HUMAN,1-0,D06,39
9X4y9EqS,Rated Bullet game,Bullet,60+0,devstorm,Molot_ua,2656,2521,,,HUMAN_vs_HUMAN,0-1,B12,82
2i070EKy,Rated Bullet game,Bullet,60+0,bearclaw123,DasWinkey,1673,1722,,,HUMAN_vs_HUMAN,1-0,C41,55
wZgodlNf,Rated Bullet game,Bullet,60+0,Jmaquino1,EZ19,1110,1108,,,HUMAN_vs_HUMAN,1-0,A45,55
9koq6oMr,Rated Bullet game,Bullet,60+0,ElialdoJunior,olliven,1601,1607,,,HUMAN_vs_HUMAN,0-1,C44,50
Eo2clUGi,Rated Bullet game,Bullet,60+0,rebis43,BobbyTaL2020,1921,1947,,,HUMAN_vs_HUMAN,1-0,C44,57
M3RApgf4,Rated Bullet game,Bullet,60+0,augieking,sachlord,1468,1441,,,HUMAN_vs_HUMAN,1-0,C47,71
L4icpEVF,Rated Blitz game,Blitz,180+0,ARCANGEL77,TinyPawnWhoLikesBigQ,1462,1579,,,HUMAN_vs_HUMAN,0-1,C00,86
cINiMBYV,Rated Blitz game,Blitz,300+3,TheVileAbyss,StrelMih,1495,1456,,,HUMAN_vs_HUMAN,1-0,C40,9
8IY1ENpb,Rated Blitz game,Blitz,300+3,Yearg,SalvoLag,1530,1498,,,HUMAN_vs_HUMAN,0-1,C42,72
6dyEFMnD,Rated Blitz game,Blitz,300+3,obanta147,Vtram,1757,1752,,,HUMAN_vs_HUMAN,1-0,B50,99
hdo4pubQ,Rated Blitz game,Blitz,300+3,da_jack,majapapayya,953,1019,,,HUMAN_vs_HUMAN,1-0,C44,131
AB0gSKiw,Rated Blitz game,Blitz,300+3,kaltchiley,MurarikTomas,1251,1239,,,HUMAN_vs_HUMAN,0-1,B02,52
kngvqbRU,Rated Blitz game,Blitz,300+3,Manuel_Cambronero,check_to_the_pawn,1542,1500,,,HUMAN_vs_HUMAN,0-1,C14,40
aetTJyvF,Rated Blitz game,Blitz,300+3,MisterJudez,ClevelandFan295,1261,1267,,,HUMAN_vs_HUMAN,1-0,B12,45
4zkoc2AU,Rated Blitz game,Blitz,300+3,Gabrayello,faizalrudi,1965,2009,,,HUMAN_vs_HUMAN,0-1,C31,86
XgntV09e,Rated Blitz game,Blitz,300+3,PawnColdAssassin,Uralekb22,1100,1166,,,HUMAN_vs_HUMAN,1-0,B23,69
ncwrQ9FI,Rated Blitz game,Blitz,300+3,JH002,decebalus,1869,1775,,,HUMAN_vs_HUMAN,1-0,D02,61
Zok2XDh7,Rated Blitz game,Blitz,300+3,aadhawri,Al_filo,1401,1308,,,HUMAN_vs_HUMAN,1-0,E12,79
DZRezBhq,Rated Rapid game,Rapid,600+0,ksenia2514,rezaghafuri,1997,2073,,,HUMAN_vs_HUMAN,0-1,A09,46
y9ihaWbe,Rated Bullet game,Bullet,120+0,Balaor,Shiva-Apollo,1890,2132,,,HUMAN_vs_HUMAN,0-1,D35,44
k1OJwdYr,Rated Bullet game,Bullet,30+0,HansGruber01,ilovetoeat54,2153,2535,,,HUMAN_vs_HUMAN,0-1,A01,82
bc8JFthg,Rated Blitz game,Blitz,300+0,BanjarKpj,staraciotti,1851,1831,,,HUMAN_vs_HUMAN,0-1,B20,60
1o4XxHnb,Rated Blitz game,Blitz,180+0,ilyawinchess,bogema,1574,1590,,,HUMAN_vs_HUMAN,0-1,C23,74
OzM1Wrt1,Rated Blitz game,Blitz,180+0,Shaharazad,Lyubov_338,1884,1888,,,HUMAN_vs_HUMAN,0-1,D02,34
lMFEWxbx,Rated Blitz game,Blitz,180+0,Krasniqi84,nulets,2144,2127,,,HUMAN_vs_HUMAN,0-1,D53,80
a1m2Uoaa,Rated Blitz game,Blitz,180+0,srekjr,gramsey,1629,1638,,,HUMAN_vs_HUMAN,0-1,C51,100
v4mm60qt,Rated Blitz game,Blitz,180+0,dixan1982,Grandpatzer101,1545,1517,,,HUMAN_vs_HUMAN,1-0,B30,89
r6ejvDXR,Rated Blitz game,Blitz,180+0,iampharaoh,Markiyan,1874,1823,,,HUMAN_vs_HUMAN,0-1,C00,60
ODlqgKhQ,Rated Blitz game,Blitz,180+0,BUBA2002,MangoCola,2292,2263,,,HUMAN_vs_HUMAN,0-1,C50,64
z9uxNf95,Rated Blitz game,Blitz,180+0,CodeBrown,greegroot,1038,896,,,HUMAN_vs_HUMAN,0-1,D45,92
GpOjRTOQ,Rated Blitz game,Blitz,180+0,marsito_bae,piezafuerte,2023,2090,,,HUMAN_vs_HUMAN,0-1,D07,74
KgQwtBWa,Rated Blitz game,Blitz,180+0,Leonardobes,sagarns1,1949,1948,,,HUMAN_vs_HUMAN,1-0,A40,79
961nMbZt,Rated Blitz game,Blitz,180+0,tal-e4,marioo3,1222,1227,,,HUMAN_vs_HUMAN,1/2-1/2,D08,114
s6dtdRcQ,Rated Blitz game,Blitz,180+0,tatacuaRey,Tuneco,1495,1481,,,HUMAN_vs_HUMAN,1-0,A46,35
sNKUKASs,Rated Blitz game,Blitz,180+0,minnetonka,PalestineWillBeFree2,1622,1603,,,HUMAN_vs_HUMAN,1-0,B29,71
YcpD1QRA,Rated Blitz game,Blitz,180+0,Mwansa,DarkWolf23,2115,2157,,,HUMAN_vs_HUMAN,1-0,D06,101
FzuPnBW2,Rated Blitz game,Blitz,180+0,remarkableemperor991,Tactiquero95,1993,1962,,,HUMAN_vs_HUMAN,0-1,A52,62
FA7QIHOS,Rated Blitz game,Blitz,180+0,WnoL,Aquino_Ferreira,1477,1471,,,HUMAN_vs_HUMAN,1-0,C23,115
vIFuAyT5,Rated Blitz tournament https://lichess.org/tournament/WYkYnRWN,Blitz,180+0,Parnenzinij,Merlorosso,2197,2223,,,HUMAN_vs_HUMAN,0-1,B24,80
0UeAmHv3,Rated Blitz tournament https://lichess.org/tournament/WYkYnRWN,Blitz,180+0,TTwwTT,SemyonTsybinPhila,1940,1892,,,HUMAN_vs_HUMAN,0-1,B00,50
0yLRUztU,Rated Blitz tournament https://lichess.org/tournament/WYkYnRWN,Blitz,180+0,Patolfo,Badrialpena,1765,1823,,,HUMAN_vs_HUMAN,0-1,A00,28
3WWnj92c,Rated Blitz tournament https://lichess.org/tournament/WYkYnRWN,Blitz,180+0,benflex1,Viby,2005,1967,,,HUMAN_vs_HUMAN,1-0,A02,71
6GKQTauW,Rated Blitz tournament https://lichess.org/tournament/WYkYnRWN,Blitz,180+0,Polok888,NyDream,1758,1740,,,HUMAN_vs_HUMAN,1-0,D00,51
swQzAW6b,Rated Blitz tournament https://lichess.org/tournament/WYkYnRWN,Blitz,180+0,Hutudan,chefimon,1478,1604,,,HUMAN_vs_HUMAN,1-0,B32,55
ISjeuJNn,Rated Blitz tournament https://lichess.org/tournament/WYkYnRWN,Blitz,180+0,yssr,wawi14,1736,1717,,,HUMAN_vs_HUMAN,1-0,C00,25
jIyYZJik,Rated Rapid game,Rapid,600+0,Mr1aban,franz-dmitri,1708,1626,,,HUMAN_vs_HUMAN,0-1,C50,48
xyPbDynZ,Rated Rapid game,Rapid,600+0,Bonne_Mulder,l3arbi,1195,1135,,,HUMAN_vs_HUMAN,1-0,B12,105
ok2GlzeJ,Rated Rapid game,Rapid,600+0,willyblues2324,MilanLukic,1741,1734,,,HUMAN_vs_HUMAN,0-1,C40,50
7xEEMYEd,Rated Rapid game,Rapid,600+0,lestatos,Viktor-Sheremet,1842,1835,,,HUMAN_vs_HUMAN,1-0,B23,81
wBbOLmTO,Rated Rapid game,Rapid,600+0,charlie415,Ali5806,1326,1312,,,HUMAN_vs_HUMAN,1-0,D20,25
Y73mjPXT,Rated Rapid game,Rapid,600+0,Barkoka,dimtriant,1588,1528,,,HUMAN_vs_HUMAN,1/2-1/2,B40,129
xVIj5eyP,Rated Rapid game,Rapid,600+0,JenesisMC,JJOO88,1526,1508,,,HUMAN_vs_HUMAN,0-1,A06,4
FI0loyqo,Rated Rapid game,Rapid,600+0,omid1382,NguyenManhTien2011,2033,1908,,,HUMAN_vs_HUMAN,0-1,C47,47
kJDW6IcK,Rated Rapid game,Rapid,600+0,looperlord,massiou,1785,1781,,,HUMAN_vs_HUMAN,1-0,D20,42
A5qjgtuZ,Rated Rapid game,Rapid,600+0,Markoleg,FENNEC85,1826,1811,,,HUMAN_vs_HUMAN,0-1,D06,77
Z2qROcUA,Rated Rapid game,Rapid,600+0,WriteSongsInTheDark,ahadmg,1415,1452,,,HUMAN_vs_HUMAN,1-0,C44,35
nc0XMcIG,Rated Rapid game,Rapid,600+0,Watzmann2714,zabulonz,1887,1851,,,HUMAN_vs_HUMAN,0-1,A40,56
1uHMX1J3,Rated Blitz game,Blitz,300+0,vaqueropower,Raysel,1528,1521,,,HUMAN_vs_HUMAN,0-1,D00,88
Wd5GUHTB,Rated Blitz game,Blitz,180+2,eighth,pittipai,885,902,,,HUMAN_vs_HUMAN,1-0,A05,107
VJDICre5,Rated Blitz game,Blitz,180+2,oneastheothers,Eddieikaw,1385,1356,,,HUMAN_vs_HUMAN,0-1,A40,74
KkeXRxxC,Rated Blitz game,Blitz,180+2,CantEscF8,sofasrami,1071,1068,,,HUMAN_vs_HUMAN,1-0,C20,31
btONfiEp,Rated Blitz game,Blitz,180+2,flec14,ammar_siddig,1726,1703,,,HUMAN_vs_HUMAN,0-1,C00,38
ggMa5RuL,Rated Blitz game,Blitz,180+2,robertlo,HampterMain,1189,1192,,,HUMAN_vs_HUMAN,0-1,C25,50
54i7VPcF,Rated Blitz game,Blitz,180+2,Vasaturbo,laith_diab33,1609,1587,,,HUMAN_vs_HUMAN,0-1,B00,72
Jo4ZgAy8,Rated Blitz game,Blitz,180+2,Lucjusz1976,NickMurphy,1757,1881,,,HUMAN_vs_HUMAN,1-0,C42,41
DB664gGT,Rated Blitz game,Blitz,180+2,hhhhhhhhhu,better_call_nepo,955,974,,,HUMAN_vs_HUMAN,1-0,C44,27
LweNNgic,Rated Blitz game,Blitz,180+2,Artur-Ishakov,sbelgeri91,1524,1585,,,HUMAN_vs_HUMAN,1-0,B22,57
YfnXl2Sa,Rated Blitz game,Blitz,180+2,WAJDI_SHBAITA,hunter031,2128,2077,,,HUMAN_vs_HUMAN,1-0,A16,81
Mm8J6WVX,Rated Blitz game,Blitz,180+2,Dante4,once720,1166,1166,,,HUMAN_vs_HUMAN,0-1,C00,47
dzGCJLeW,Rated Blitz game,Blitz,180+2,Exuvia2022,BoyDecoy,1941,1972,,,HUMAN_vs_HUMAN,0-1,A50,70
Wifga6Hu,Rated Blitz game,Blitz,180+2,Grzybica,newpo,2099,2135,,,HUMAN_vs_HUMAN,0-1,A05,70
URoIl0BN,Rated Blitz game,Blitz,180+2,Dr_Rin,sombra_cafre,1259,1238,,,HUMAN_vs_HUMAN,0-1,B00,78
fXq0wjiU,Rated Blitz game,Blitz,300+3,sanny73,pipita20,2152,2225,,,HUMAN_vs_HUMAN,0-1,B22,178
GA9AKf9M,Rated Blitz game,Blitz,300+3,Weehfhi_Plays,abd19781978,1764,1721,,,HUMAN_vs_HUMAN,0-1,C23,93
ynTq40cl,Rated Bullet game,Bullet,60+0,KorkmaZ_Zya0,HAMZA-HOUMMANE,1594,1584,,,HUMAN_vs_HUMAN,1-0,B40,49
gdXRdtyi,Rated Bullet game,Bullet,60+0,fannivanpelt,kanon20,2446,2421,,,HUMAN_vs_HUMAN,0-1,E94,60
PZxylRp3,Rated Bullet game,Bullet,60+0,tentacular,badbishop22,1887,1880,,,HUMAN_vs_HUMAN,1-0,A06,63
ZmeaS4aE,Rated Bullet game,Bullet,60+0,msapdachessguy,D1023C,1500,1535,,,HUMAN_vs_HUMAN,0-1,A02,16
IcWvA8sh,Rated Bullet game,Bullet,60+0,Inoa0,vasykor,2029,1970,,,HUMAN_vs_HUMAN,1-0,A00,85
n4B4SqBk,Rated Bullet game,Bullet,60+0,incognito-mister,Jlrog-75,2092,1003,,,HUMAN_vs_HUMAN,1-0,A02,55
21TScjg5,Rated Bullet game,Bullet,60+0,Skibbydy,Gabboroti,1289,1353,,,HUMAN_vs_HUMAN,1/2-1/2,B23,81
jR2CwBR7,Rated Bullet game,Bullet,60+0,ya30kgofrage,coryphe,1124,1119,,,HUMAN_vs_HUMAN,1-0,A00,41
tJokAt3Q,Rated Bullet game,Bullet,60+0,Sintetic0,Chrisbee,976,955,,,HUMAN_vs_HUMAN,1-0,B00,53
ihrXOweL,Rated Bullet game,Bullet,60+0,nicoprosazo,alex1420,1466,1447,,,HUMAN_vs_HUMAN,0-1,A10,66
WmDVBoBo,Rated Bullet game,Bullet,60+0,alkelaun,AS-IN,1635,1729,,,HUMAN_vs_HUMAN,1-0,B02,45
CjTQ0XxN,Rated Bullet game,Bullet,60+0,pratik005,ArdaBltlii,1940,1885,,,HUMAN_vs_HUMAN,0-1,C50,64
2i3rKxuf,Rated Bullet game,Bullet,60+0,PlyshkaJr,AngelGarcia19,2039,2049,,,HUMAN_vs_HUMAN,1-0,B06,95
A8VLYSkI,Rated Bullet game,Bullet,60+0,TrafLgarLaw,dsosahaby,1181,1158,,,HUMAN_vs_HUMAN,1-0,D02,71
XJ2D9PY3,Rated Bullet game,Bullet,60+0,Mfetoforlife,victofv1,2147,2135,,,HUMAN_vs_HUMAN,1-0,B47,31
NIZbZnPC,Rated Bullet game,Bullet,60+0,br50kab,Vishwa108,2008,1988,,,HUMAN_vs_HUMAN,1-0,D10,79
M720qC65,Rated Bullet game,Bullet,60+0,CrudeMonteCarlo,cellplayO9,1861,1822,,,HUMAN_vs_HUMAN,1-0,C00,93
Phz3frUo,Rated Bullet game,Bullet,60+0,Newonfav,PomaG12,2104,2105,,,HUMAN_vs_HUMAN,1-0,C01,73
fFNK0n4E,Rated Bullet game,Bullet,60+0,Guitarfreak331,Julyanaimarettim,1350,900,,,HUMAN_vs_HUMAN,1-0,A43,69
4aVwhh3f,Rated Bullet game,Bullet,60+0,Blackman26,cfdticom,2208,2149,,,HUMAN_vs_HUMAN,1-0,C46,85
4DVC8Jff,Rated Rapid game,Rapid,300+10,rrgartuz,Ata1959,1804,1850,,,HUMAN_vs_HUMAN,1/2-1/2,A02,112
FDbXkA7i,Rated Blitz game,Blitz,300+3,Kuddel57,BertB,1970,1866,,,HUMAN_vs_HUMAN,1-0,D00,81
8IKqGDE9,Rated Blitz game,Blitz,300+3,tower9696,Oleg25051967,2116,2003,,,HUMAN_vs_HUMAN,1-0,B06,53
gzldaXZr,Rated Blitz game,Blitz,300+3,BuxgalterS,Mik51,1647,1673,,,HUMAN_vs_HUMAN,0-1,B00,114
73viVTGE,Rated Blitz game,Blitz,300+3,pingojd,Victorg55,1500,1009,,,HUMAN_vs_HUMAN,1-0,A43,63
p3O6eVVY,Rated Blitz game,Blitz,300+3,FabioZanni,MVLalmasry,1414,1428,,,HUMAN_vs_HUMAN,0-1,A00,33
8YkpUDdn,Rated Blitz game,Blitz,300+3,solertal,Bagpuss1969,2030,2021,,,HUMAN_vs_HUMAN,0-1,B10,38
oLd4R5CO,Rated Blitz game,Blitz,300+3,kapelo333,Benjiel8,1237,1278,,,HUMAN_vs_HUMAN,0-1,C20,2
RDxR1NDV,Rated Blitz game,Blitz,300+3,farhad-1340,GASTEIA,1352,1383,,,HUMAN_vs_HUMAN,1-0,A04,43
9i6wlFwi,Rated Blitz game,Blitz,300+3,Slump49,byassar,1128,1113,,,HUMAN_vs_HUMAN,1/2-1/2,C44,93
WCSjdVee,Rated Blitz game,Blitz,300+3,mv333,AmirSullen,1451,1467,,,HUMAN_vs_HUMAN,1-0,C44,53
rV0ZhneZ,Rated Blitz game,Blitz,300+3,danbauJr,Quant0n,1610,1568,,,HUMAN_vs_HUMAN,0-1,B12,92
nGuuRQKq,Rated Blitz game,Blitz,180+3,sportginger,sergineto,2198,1971,,,HUMAN_vs_HUMAN,1-0,B06,67
I2Qihvtd,Rated Blitz game,Blitz,300+0,cubaton,Afqan-AZE,2288,2220,,,HUMAN_vs_HUMAN,0-1,D00,68
vCqSfaUu,Rated Blitz game,Blitz,300+0,MAbdulhady,amiralen,1940,1979,,,HUMAN_vs_HUMAN,0-1,B32,50
ZVC3tmIk,Rated Blitz game,Blitz,300+0,gabrielrojas,mmx-mmx,1301,1304,,,HUMAN_vs_HUMAN,0-1,C47,26
RMM1axOg,Rated Blitz game,Blitz,300+0,Sampalito,Sloan2001,1527,1578,,,HUMAN_vs_HUMAN,0-1,C24,152
xwcdoucW,Rated Blitz game,Blitz,300+0,demn,F0RKY0U,1140,1128,,,HUMAN_vs_HUMAN,1-0,C57,19
hx6k5uOH,Rated Blitz game,Blitz,300+0,Niklas112,octa6,1083,1049,,,HUMAN_vs_HUMAN,0-1,B53,110
gZLpTsZT,Rated Blitz game,Blitz,300+0,C72178997ERNESTO,wisky29,1983,2013,,,HUMAN_vs_HUMAN,1-0,C50,79
iDGr9NOS,Rated Blitz game,Blitz,300+0,NXA17634,PerfO,2089,2127,,,HUMAN_vs_HUMAN,1-0,A40,43
oukZoLcV,Rated Blitz game,Blitz,300+0,VanceRentis,Abdallah_Barakat,1642,1685,,,HUMAN_vs_HUMAN,1-0,A80,99
w5B29MRI,Rated Blitz game,Blitz,300+0,EFritsch,karatruva,1593,1619,,,HUMAN_vs_HUMAN,1-0,A40,49
8U8FgUbU,Rated Blitz game,Blitz,300+0,JUANKA1951,Hunagvera,1442,1441,,,HUMAN_vs_HUMAN,0-1,C20,72
x5MCIRKI,Rated Blitz game,Blitz,300+0,HoofHeadGoal,bacre,2305,2403,,,HUMAN_vs_HUMAN,0-1,C42,36
GIcDEP0c,Rated Blitz game,Blitz,300+0,aton1234,Titipan2,952,1020,,,HUMAN_vs_HUMAN,0-1,C20,96
efWDsSpD,Rated Blitz game,Blitz,300+0,melvin3107,yvonvites,1905,1875,,,HUMAN_vs_HUMAN,0-1,B12,72
FmOgga3m,Rated Blitz game,Blitz,300+0,Cap-Noham,caroleandrea,827,923,,,HUMAN_vs_HUMAN,1-0,B08,127
2YugPDf0,Rated Blitz game,Blitz,300+0,TuniYuseinov,jayto008,1838,1731,,,HUMAN_vs_HUMAN,1-0,B00,57
BooZWb3T,Rated Blitz game,Blitz,300+0,nguyenlt11,Kastus_1971,1349,1333,,,HUMAN_vs_HUMAN,1-0,C00,97
qbv0sxF9,Rated Blitz game,Blitz,300+0,middlegame1972,Youssefsayedafify,2053,2042,,,HUMAN_vs_HUMAN,0-1,A00,62
7UmcpdGp,Rated Bullet game,Bullet,60+0,JaadurBobava,salinasja8086,2118,2241,,,HUMAN_vs_HUMAN,0-1,B23,96
bg9IlzBe,Rated Bullet game,Bullet,60+0,ajedrez220,subskybox,1465,1507,,,HUMAN_vs_HUMAN,0-1,C40,54
3Ga43chp,Rated Bullet game,Bullet,60+0,MarkMaged99,KayChess_Official,1228,1266,,,HUMAN_vs_HUMAN,1-0,C25,69
le33eRks,Rated Bullet game,Bullet,60+0,Jojobr99,peartastic,1981,1920,,,HUMAN_vs_HUMAN,1/2-1/2,B12,122
O36gLpLo,Rated Bullet game,Bullet,60+0,Vizmap,CaminanteRojo,1655,1663,,,HUMAN_vs_HUMAN,0-1,B21,52
fWutAf0f,Rated Bullet game,Bullet,60+0,mnbnvc,aneeshikmat,1772,1781,,,HUMAN_vs_HUMAN,0-1,A40,14
cO5Szvbn,Rated Bullet game,Bullet,60+0,DrunkenDuncan,Sofianeee,1507,1535,,,HUMAN_vs_HUMAN,0-1,A40,70
Q8yxhGcp,Rated Bullet game,Bullet,60+0,manucontab,Joo_123,1543,1554,,,HUMAN_vs_HUMAN,0-1,A01,22
Yr4T3uOt,Rated Bullet game,Bullet,60+0,kacimi,ingrid1277,946,844,,,HUMAN_vs_HUMAN,1-0,C44,47
BTuR84Ln,Rated Bullet game,Bullet,60+0,Dextral0,TheHiddenmove87,1187,1186,,,HUMAN_vs_HUMAN,1-0,C25,47
9fumHRH8,Rated Bullet game,Bullet,60+0,prmiskin,Razieh,1988,1989,,,HUMAN_vs_HUMAN,0-1,B01,90
Tf5DDnBm,Rated Bullet game,Bullet,60+0,JayNotAverage,TickTock-TickTock,1145,1084,,,HUMAN_vs_HUMAN,1-0,A40,49
WlpGKpCA,Rated Bullet game,Bullet,60+0,P_032688,BlackChaos,1559,1649,,,HUMAN_vs_HUMAN,0-1,A40,50
7RGe4ba7,Rated Bullet game,Bullet,60+0,PremiumScotch,Eliot_Robbins,1810,1838,,,HUMAN_vs_HUMAN,0-1,B33,28
pgxsMAue,Rated Bullet game,Bullet,60+0,PeiKha86,ExpresoNocturno,2289,2462,,,HUMAN_vs_HUMAN,0-1,A01,58
BFB9bGbm,Rated Bullet game,Bullet,60+0,honkidontliky,piskunow,1869,1849,,,HUMAN_vs_HUMAN,1-0,C00,47
I2wj4SRN,Rated Bullet game,Bullet,60+0,MindGaemes,O0S,967,1013,,,HUMAN_vs_HUMAN,1-0,D00,53
qSxypGp8,Rated Bullet game,Bullet,60+0,inanaydin,Pryzless,1392,1292,,,HUMAN_vs_HUMAN,1-0,C42,57
WxrmpE7i,Rated Bullet game,Bullet,60+1,marcosman,vadim1964,1629,1531,,,HUMAN_vs_HUMAN,0-1,A16,36
xZTB6Ptx,Rated Blitz game,Blitz,180+0,Oscar1085249363,SergeyS108,1490,1594,,,HUMAN_vs_HUMAN,0-1,C46,52
4hwT6qvB,Rated Rapid game,Rapid,600+5,Amro_Feckry87,vanoger,1496,1527,,,HUMAN_vs_HUMAN,0-1,C25,70
fr9JPGXD,Rated Rapid game,Rapid,600+5,AlertSardine,noambitton23,1622,1584,,,HUMAN_vs_HUMAN,1-0,C50,31
47owv6jU,Rated Rapid game,Rapid,600+5,virginio,Vitaliy-Drevov777,1530,1528,,,HUMAN_vs_HUMAN,1-0,D06,63
BmjTOkVh,Rated Rapid game,Rapid,600+5,greerviau,RedStone_X,847,744,,,HUMAN_vs_HUMAN,1-0,A80,109
h70k0HbU,Rated Rapid game,Rapid,600+5,Knighting01,sadegh101bhz,1402,1496,,,HUMAN_vs_HUMAN,0-1,C48,40
6Rh2gcfn,Rated Rapid game,Rapid,600+5,old_twisty,p1aragraph,1271,1260,,,HUMAN_vs_HUMAN,1-0,B01,81
2VbKAMOl,Rated Rapid game,Rapid,600+5,Lorry145,ShifterKart,1129,1023,,,HUMAN_vs_HUMAN,0-1,A40,16
mtylRXz1,Rated Rapid game,Rapid,600+5,PabloOrostica,Za123hr22,2016,1981,,,HUMAN_vs_HUMAN,1-0,B50,85
EN3Jepad,Rated Bullet game,Bullet,60+0,mvargas,harryssuperman,1961,2009,,,HUMAN_vs_HUMAN,1-0,A00,63
uvxLIUUT,Rated Bullet game,Bullet,120+1,Rubens_10,Try2x,1736,1752,,,HUMAN_vs_HUMAN,1-0,D05,69
6bdc2LsJ,Rated Blitz game,Blitz,180+0,willmer1010,Nestormol78,2039,2031,,,HUMAN_vs_HUMAN,0-1,A40,72
jwapfwTh,Rated Blitz game,Blitz,180+0,glivechess,nioccor,1813,1816,,,HUMAN_vs_HUMAN,1-0,B06,87
LR2Wjnvw,Rated Blitz game,Blitz,180+2,duca-di-lota,BeeeH,1704,1757,,,HUMAN_vs_HUMAN,1-0,D32,49
FTCLdNbh,Rated Bullet game,Bullet,60+1,SanjoaSupertramp,homenteca,1617,1710,,,HUMAN_vs_HUMAN,0-1,A00,110
yOtcIYm5,Rated Rapid game,Rapid,600+0,availablenamepls,starsaroundme,1321,1311,,,HUMAN_vs_HUMAN,0-1,B00,43
kaIv8MLR,Rated Rapid game,Rapid,600+0,thezenkillerqueen,Dbozz55,1789,1923,,,HUMAN_vs_HUMAN,0-1,B30,76
en5K5uDf,Rated Rapid game,Rapid,600+0,BishopMbappe,Charlypi,1464,1448,,,HUMAN_vs_HUMAN,1-0,B01,35
83pgJpHU,Rated Rapid game,Rapid,600+0,semihgnr,mudshark1,1067,1122,,,HUMAN_vs_HUMAN,0-1,C20,64
8o3GhfSp,Rated Rapid game,Rapid,600+0,Hrast1,OsmanTaskin13,1339,1420,,,HUMAN_vs_HUMAN,1/2-1/2,A06,68
ut7QuHVv,Rated Rapid game,Rapid,600+0,Nonacs19Obgayuc900,Emiliannnnnnnn,1709,1662,,,HUMAN_vs_HUMAN,1-0,C41,21
qpYValqL,Rated Rapid game,Rapid,600+0,syropyatov95,Clorofilo,1798,1905,,,HUMAN_vs_HUMAN,1/2-1/2,C00,251
xma8x7Ud,Rated Rapid game,Rapid,600+0,smsattack,Art-Vega,2440,2473,,,HUMAN_vs_HUMAN,0-1,E62,64
HYK8RxQT,Rated Rapid game,Rapid,600+0,sousadanyel,halk8787,1555,1568,,,HUMAN_vs_HUMAN,1-0,D20,79
AHWr51pX,Rated Rapid game,Rapid,600+0,Carloecarla19,freetochoose,1328,1432,,,HUMAN_vs_HUMAN,1-0,B01,79
urJuSfwQ,Rated Blitz game,Blitz,180+2,thedrfeelgood,mamonm,1995,2009,,,HUMAN_vs_HUMAN,1-0,B00,79
4SUZwu7j,Rated Bullet game,Bullet,120+1,Amine-mimo,BernsUnicon,1352,1401,,,HUMAN_vs_HUMAN,1-0,A40,59
WIMsyqFS,Rated Bullet game,Bullet,60+0,FNAChess_is_Life,DrGrogovich,2271,2271,,,HUMAN_vs_HUMAN,0-1,B20,86
wP0buBf6,Rated Bullet game,Bullet,60+0,krunchi,Bolrug,1763,1728,,,HUMAN_vs_HUMAN,0-1,A11,54
H87ekFZg,Rated Bullet game,Bullet,60+0,bobmaschine,Commissioner_of_war,1638,1608,,,HUMAN_vs_HUMAN,1-0,D00,73
pcThtF3W,Rated Bullet game,Bullet,60+0,vangogeek,Michal_Ratka,983,864,,,HUMAN_vs_HUMAN,1-0,C56,41
jZykPSDT,Rated Bullet game,Bullet,60+0,Frine97,mauro1235,2115,2224,,,HUMAN_vs_HUMAN,0-1,B50,82
9J2cBW25,Rated Bullet game,Bullet,60+0,fanudoc7,paulanatol,1926,1873,,,HUMAN_vs_HUMAN,1-0,B20,113
DkQ1hTSQ,Rated Bullet game,Bullet,60+0,tunisianmachine,CounterSacrifice1996,2243,2230,,,HUMAN_vs_HUMAN,0-1,A00,26
LUEUUyKC,Rated Bullet game,Bullet,60+0,N-zero,abgo,1708,1692,,,HUMAN_vs_HUMAN,0-1,A01,32
JOmgzDeJ,Rated Bullet game,Bullet,60+0,sipasoop,sabry1118,1235,1218,,,HUMAN_vs_HUMAN,1-0,C50,73
SpR4lMih,Rated Bullet game,Bullet,60+0,jwest89,palaciosr5,1366,1375,,,HUMAN_vs_HUMAN,1-0,A40,71
mZ7zrhFV,Rated Bullet game,Bullet,60+0,williamharvey,Kareem-B,1435,1500,,,HUMAN_vs_HUMAN,0-1,C25,8
qUUHOzEc,Rated Bullet game,Bullet,60+0,Halesam,Billy_Talent,1688,1687,,,HUMAN_vs_HUMAN,0-1,C50,80
0Y4Xtn8e,Rated Bullet game,Bullet,60+0,Recife-Chess-Player,jerome-morrow,1798,1828,,,HUMAN_vs_HUMAN,1-0,D10,47
YBGzvc5R,Rated Bullet game,Bullet,60+0,serhii_makukha,doublespicedaddy,1546,1578,,,HUMAN_vs_HUMAN,0-1,B20,80
e3OLWmpq,Rated Bullet game,Bullet,60+0,yordano_frank,ANTHONY_17_08,2096,2082,,,HUMAN_vs_HUMAN,0-1,B10,40
5Pft1ACb,Rated Bullet game,Bullet,60+0,babaco87,Cl-m,1172,1173,,,HUMAN_vs_HUMAN,0-1,B13,70
m2mgVn0u,Rated Bullet game,Bullet,60+0,alisan-k,chrisohyeah,1986,1939,,,HUMAN_vs_HUMAN,1-0,C23,77
RJBCl0C7,Rated Blitz game,Blitz,180+0,King_dDavid,Cadis02,1617,1558,,,HUMAN_vs_HUMAN,1-0,B23,57
sLI0YoWK,Rated Bullet game,Bullet,60+0,NoneFieldMex,dilarat_ilki,1204,1231,,,HUMAN_vs_HUMAN,0-1,C46,68
EivcI6Y9,Rated Blitz tournament https://lichess.org/tournament/uqLHovX4,Blitz,300+0,danisss1mo,Karrapatov,881,1606,,,HUMAN_vs_HUMAN,0-1,B23,58
a09j73Nv,Rated Blitz tournament https://lichess.org/tournament/uqLHovX4,Blitz,300+0,LP1987,ck15d4,1681,1676,,,HUMAN_vs_HUMAN,1-0,C20,85
20SCeMl2,Rated Blitz tournament https://lichess.org/tournament/uqLHovX4,Blitz,300+0,Melo08-SA,zimbabwe24,1592,1630,,,HUMAN_vs_HUMAN,0-1,B00,136
UPBCGc5R,Rated Blitz tournament https://lichess.org/tournament/uqLHovX4,Blitz,300+0,Carlos_Vel,gumalcan,1587,1591,,,HUMAN_vs_HUMAN,1-0,A10,85
IOmBdSL7,Rated Blitz tournament https://lichess.org/tournament/uqLHovX4,Blitz,300+0,Saveysk,msandless316,1527,1524,,,HUMAN_vs_HUMAN,1-0,C00,61
R9QaYQcg,Rated Blitz tournament https://lichess.org/tournament/uqLHovX4,Blitz,300+0,sirjohndoe29,urano7,1205,1204,,,HUMAN_vs_HUMAN,1-0,C54,47
CSnPMSIV,Rated Blitz tournament https://lichess.org/tournament/uqLHovX4,Blitz,300+0,GeinerBeita,bichomalo,1533,1417,,,HUMAN_vs_HUMAN,1-0,C23,93
beX73emc,Rated Blitz tournament https://lichess.org/tournament/zsVl5oqJ,Blitz,180+0,supremelock999,Lutho,2239,2113,,,HUMAN_vs_HUMAN,0-1,B20,72
fNxlVb6w,Rated Blitz tournament https://lichess.org/tournament/zsVl5oqJ,Blitz,180+0,thengerevic,ehtaMinabohT,2276,1944,,,HUMAN_vs_HUMAN,1-0,D41,83
VzWGIQq3,Rated Blitz tournament https://lichess.org/tournament/zsVl5oqJ,Blitz,180+0,thenextmagnuscarlsen,BotlhaleModisaotsile,1911,1941,,,HUMAN_vs_HUMAN,0-1,D11,66
VPtUYZya,Rated Blitz tournament https://lichess.org/tournament/zsVl5oqJ,Blitz,180+0,Nyanakathixo,southafricantal,2136,1919,,,HUMAN_vs_HUMAN,1-0,C40,111
Wvgv9eKA,Rated Blitz tournament https://lichess.org/tournament/zsVl5oqJ,Blitz,180+0,spassky2022,MunhangaRepson,2013,1513,,,HUMAN_vs_HUMAN,0-1,C00,42
9HaffSuF,Rated Bullet game,Bullet,120+0,britech,patrickAGAIN,1785,1736,,,HUMAN_vs_HUMAN,1-0,C00,119
J9KzzoY8,Rated Bullet game,Bullet,120+1,abdokhaled105,victordantzzz,1448,2019,,,HUMAN_vs_HUMAN,0-1,B12,54
E1BNDwh5,Rated Blitz game,Blitz,300+0,Ozgur38,trabzonbosna,996,955,,,HUMAN_vs_HUMAN,1-0,C02,69
jKASc2US,Rated Blitz game,Blitz,300+0,Alexandr_Kokunin,x_ray7,1892,1904,,,HUMAN_vs_HUMAN,1-0,B10,101
BuAdHQaC,Rated Blitz game,Blitz,300+0,loup7,Mauriciodaher,1074,1161,,,HUMAN_vs_HUMAN,1-0,D02,85
FOiX9l0s,Rated Blitz game,Blitz,300+0,Absolute6969,Mohamed47ta,1349,1414,,,HUMAN_vs_HUMAN,0-1,C26,42
VomWVC6P,Rated Blitz game,Blitz,300+0,linsbic1,MiraSnopek,1228,1179,,,HUMAN_vs_HUMAN,0-1,C23,62
PTfxgMqA,Rated Blitz game,Blitz,300+0,martcoantonio,teleforum,976,955,,,HUMAN_vs_HUMAN,1-0,C47,159
x5TdJFFh,Rated Blitz game,Blitz,300+0,Redvi4,AleksTO22,1468,1422,,,HUMAN_vs_HUMAN,1-0,A40,27
gAK0ja6R,Rated Blitz game,Blitz,300+0,queenofdarkness1,bearmate,1256,1229,,,HUMAN_vs_HUMAN,0-1,C20,122
Ui06L7Gd,Rated Blitz game,Blitz,300+0,raulvd69,rog9lik,1488,1472,,,HUMAN_vs_HUMAN,0-1,D00,48
vncbIpKM,Rated Blitz game,Blitz,300+0,odzaci,broog,2142,2184,,,HUMAN_vs_HUMAN,1-0,B03,63
QSKCqImg,Rated Blitz game,Blitz,300+0,ismetsener,muddog12,1629,1744,,,HUMAN_vs_HUMAN,1-0,A53,77
krGPqVa9,Rated Blitz game,Blitz,300+0,tio_mario,sigmaalfa,1519,1527,,,HUMAN_vs_HUMAN,0-1,B13,38
ImU91xre,Rated Blitz game,Blitz,300+0,HarambeMcFly,Saftech,1340,1342,,,HUMAN_vs_HUMAN,1-0,B30,53
hYWWgsKB,Rated Blitz game,Blitz,300+0,jdm16,AlbiK,2212,2246,,,HUMAN_vs_HUMAN,0-1,E69,104
jrVBezu7,Rated Blitz game,Blitz,300+0,Kikzbro,maci1,1750,1746,,,HUMAN_vs_HUMAN,1-0,B06,63
Nf6tQhds,Rated Blitz game,Blitz,300+0,Olivia19,Daniloafricano,1414,1417,,,HUMAN_vs_HUMAN,0-1,D02,142
jAiTGVp0,Rated Bullet game,Bullet,60+0,HdezSolos,RonGutman,2417,2396,,,HUMAN_vs_HUMAN,0-1,B20,50
i14q3dNn,Rated Bullet game,Bullet,60+0,JajoSPB,Piquinya,1746,1738,,,HUMAN_vs_HUMAN,1-0,C25,47
E8pHYxkL,Rated Bullet game,Bullet,60+0,Trc_litoral,jarcmaster,1388,1377,,,HUMAN_vs_HUMAN,1-0,B06,59
5rToCiY5,Rated Bullet game,Bullet,60+0,mihrovkl,T_L_R,2120,2107,,,HUMAN_vs_HUMAN,0-1,B20,70
ISwTLBWu,Rated Bullet game,Bullet,60+0,MaRoZa04,Froopsie,1982,2009,,,HUMAN_vs_HUMAN,0-1,B06,72
BnY0sNm3,Rated Bullet game,Bullet,60+0,deep1983,TheRutter,1748,1749,,,HUMAN_vs_HUMAN,0-1,A06,64
WMaUKQGI,Rated Bullet game,Bullet,60+0,muffiess,SJDestroys,1608,1500,,,HUMAN_vs_HUMAN,1-0,C65,99
HpT4vOfl,Rated Bullet game,Bullet,120+1,bosniachesser,TroubledMuppet,1129,1118,,,HUMAN_vs_HUMAN,1-0,B01,35
sJuGa1b9,Rated Bullet game,Bullet,120+1,Aryan_George,FacuDover,1735,1693,,,HUMAN_vs_HUMAN,0-1,B33,116
CNWbmCk6,Rated Bullet game,Bullet,120+1,vianalucas,MagnusNZ,1543,1528,,,HUMAN_vs_HUMAN,1-0,C54,71
GwsvFeE3,Rated Bullet game,Bullet,120+1,tosluu,zsegaz,1631,1688,,,HUMAN_vs_HUMAN,1-0,C26,95
Qg0dUcLg,Rated Bullet game,Bullet,120+1,HoosierKnights,cshl,1869,1883,,,HUMAN_vs_HUMAN,1-0,C29,41
xh7gRMzc,Rated Bullet game,Bullet,120+1,RalfRolen,MesmerizeMe,954,879,,,HUMAN_vs_HUMAN,1-0,A40,9
ea3fuCqz,Rated Bullet game,Bullet,120+1,Kike73,aiz82,1372,1369,,,HUMAN_vs_HUMAN,1-0,B12,53
QuJrNEFf,Rated Bullet game,Bullet,120+1,Raju7863,Reinaldo-Toledo,1943,1901,,,HUMAN_vs_HUMAN,1-0,C44,97
OdrWReb8,Rated Bullet game,Bullet,120+1,KuzmenkoYan,fadibe78,1324,1352,,,HUMAN_vs_HUMAN,1-0,D02,81
QhNSQiyO,Rated Bullet game,Bullet,120+1,GloryMike,Lotfi_riahi,1219,1224,,,HUMAN_vs_HUMAN,0-1,D20,88
mf9ptWzJ,Rated Bullet game,Bullet,120+1,cieloblu,H-Tor6,1546,1592,,,HUMAN_vs_HUMAN,0-1,B21,24
QueVrV6v,Rated Bullet game,Bullet,120+1,kucher-new,Jamali22,1005,1068,,,HUMAN_vs_HUMAN,0-1,C00,64
T4sT4I0c,Rated Bullet game,Bullet,120+1,Romanchev,GVRamana55,1479,1453,,,HUMAN_vs_HUMAN,0-1,B01,60
Awj4mykv,Rated Bullet game,Bullet,60+0,christ41-EOL,wilfv100,1830,1924,,,HUMAN_vs_HUMAN,0-1,A00,76
ngV3TDeO,Rated Blitz tournament https://lichess.org/tournament/iNp7Kpxe,Blitz,180+0,YsakDzh,tamirciata,2139,2237,,,HUMAN_vs_HUMAN,1-0,A40,33
r53jg2wR,Rated Blitz tournament https://lichess.org/tournament/SDM9pNGW,Blitz,180+2,M_elhrbawy84,Yasser1983chess,1901,1635,,,HUMAN_vs_HUMAN,1-0,C00,73
aO5tsFfP,Rated Bullet game,Bullet,60+0,Tilting,KnightBee,1834,1824,,,HUMAN_vs_HUMAN,0-1,C00,74
x0IhJeMO,Rated Blitz game,Blitz,180+0,Stenzow,FISMATERO,2040,2075,,,HUMAN_vs_HUMAN,0-1,B10,36
9ejf62nb,Rated Bullet game,Bullet,60+0,Maq11,Umar636319,1333,1350,,,HUMAN_vs_HUMAN,0-1,A00,70
MKLlr3ei,Rated Bullet game,Bullet,60+0,ThathsaraSMK,ROGF,1035,1053,,,HUMAN_vs_HUMAN,0-1,C40,46
4iUIRsJH,Rated Bullet game,Bullet,60+0,Dr_Hik,HasanAwata,1943,2013,,,HUMAN_vs_HUMAN,1-0,B20,77
aseXPzRN,Rated Bullet game,Bullet,60+0,Naim_Ezzina,AngryPotato2,1703,1727,,,HUMAN_vs_HUMAN,0-1,A13,82
CTYdeXS0,Rated Bullet game,Bullet,60+0,Cristof_rp,HS91,2113,2081,,,HUMAN_vs_HUMAN,1-0,D02,55
AFyDxmBc,Rated Bullet game,Bullet,60+0,Latlaz,Matheo-L,2075,2073,,,HUMAN_vs_HUMAN,1-0,D02,89
1CD2CUFe,Rated Bullet game,Bullet,60+0,Johannesclimacus,gacavara,1600,1588,,,HUMAN_vs_HUMAN,1-0,C00,65
lT5CkDth,Rated Bullet game,Bullet,60+0,deatv,Andres2947,2147,2140,,,HUMAN_vs_HUMAN,1-0,C42,75
ZOUl6gCs,Rated Bullet game,Bullet,60+0,londia01,Activisionados,1704,1744,,,HUMAN_vs_HUMAN,0-1,C00,54
z4oFQwXF,Rated Bullet game,Bullet,60+0,pokelmom,Denisdervierte,1837,1865,,,HUMAN_vs_HUMAN,1-0,C42,61
eWtd6xiJ,Rated Bullet game,Bullet,60+0,kingslaver,bhfdd77,2187,2208,,,HUMAN_vs_HUMAN,0-1,B10,72
2yJaJOTe,Rated Bullet game,Bullet,60+0,syri4,ariesarchitects,1581,1570,,,HUMAN_vs_HUMAN,1-0,C30,45
akI05Syf,Rated Bullet game,Bullet,60+0,sconnor23,RuslanNom,1674,1675,,,HUMAN_vs_HUMAN,1-0,C41,15
kyzV9Zwd,Rated Bullet game,Bullet,60+0,The_Muffinman,franesco,1810,1780,,,HUMAN_vs_HUMAN,0-1,C00,82
YCJMze7w,Rated Bullet game,Bullet,60+0,LuizKonst,NinjaXXL,915,959,,,HUMAN_vs_HUMAN,0-1,C00,48
xGP69n2l,Rated Bullet game,Bullet,60+0,Manu_pompeya,maynetsamaaa,634,763,,,HUMAN_vs_HUMAN,1-0,C20,30
rIssTO2T,Rated Bullet game,Bullet,60+0,kia_jammer,SBK70,1467,1054,,,HUMAN_vs_HUMAN,0-1,C42,62
Cr9C28T1,Rated Rapid game,Rapid,600+0,Ben_Netecht,Maximov1982,1961,2051,,,HUMAN_vs_HUMAN,1/2-1/2,B10,115
GNsfF4Sg,Rated Blitz game,Blitz,180+2,Karar96,mirkol,1213,1216,,,HUMAN_vs_HUMAN,0-1,B01,132
UfPdxPbZ,Rated Blitz game,Blitz,180+2,amirmmdd,RagnarJ7,1371,1382,,,HUMAN_vs_HUMAN,0-1,C44,44
ka1xtZ55,Rated Blitz game,Blitz,180+2,Joasevi,Tasin51,1899,1924,,,HUMAN_vs_HUMAN,1-0,A31,39
PQqSt3Gc,Rated Blitz game,Blitz,180+2,Sami2024,Sebasaz,1304,1231,,,HUMAN_vs_HUMAN,0-1,C50,48
5sU16wMb,Rated Blitz game,Blitz,180+2,iq_superior,Pomsky,2010,2077,,,HUMAN_vs_HUMAN,1-0,C55,35
KPpnem71,Rated Blitz game,Blitz,180+2,clasterj,marik785,1405,1449,,,HUMAN_vs_HUMAN,0-1,B01,30
xd1GGpca,Rated Blitz game,Blitz,180+2,alrik66,mohamedhakeem,1319,1306,,,HUMAN_vs_HUMAN,1-0,C41,45
LyD4Q9Hz,Rated Blitz game,Blitz,180+2,drugking,Esyoun_00,1118,1169,,,HUMAN_vs_HUMAN,0-1,C44,54
w1fdNsGG,Rated Blitz game,Blitz,180+2,Viniiboyyy,ShikiRyoougi,1501,1587,,,HUMAN_vs_HUMAN,0-1,D11,56
Z8ZW8Vpe,Rated Blitz game,Blitz,180+2,Warriorp21,Slothik,1765,1713,,,HUMAN_vs_HUMAN,0-1,B27,56
iaJxt1Hd,Rated Blitz game,Blitz,180+2,race_to_FideMaster,SenseiCobraKai,2195,2172,,,HUMAN_vs_HUMAN,0-1,B78,60
bQ1xubHF,Rated Blitz game,Blitz,180+2,magocapi111,smashpoint,1629,1667,,,HUMAN_vs_HUMAN,1-0,B50,57
H24xcI8Z,Rated Blitz game,Blitz,180+2,musachiMiyamoto,Fedalo,796,926,,,HUMAN_vs_HUMAN,1-0,C48,83
1VWcz2ru,Rated Blitz game,Blitz,180+2,bigdog12ave,SeniorAspro,1028,1028,,,HUMAN_vs_HUMAN,0-1,D00,56
mtnsBd3m,Rated Bullet game,Bullet,120+1,Dr_ahmed4,corjujo,1600,1612,,,HUMAN_vs_HUMAN,1-0,C64,55
VvDq2KKe,Rated Rapid game,Rapid,600+0,Avi_00,Lixle,1302,1311,,,HUMAN_vs_HUMAN,1-0,A01,49
032Aw2F8,Rated Rapid game,Rapid,600+0,popilchai,asuranceturix550,2161,2115,,,HUMAN_vs_HUMAN,0-1,C47,25
kXcVL8yL,Rated Rapid game,Rapid,600+0,ben4ll4h,Schachlaus1,845,749,,,HUMAN_vs_HUMAN,1/2-1/2,C24,40
hBnzsTut,Rated Rapid game,Rapid,600+0,TiagoMLeite,rookcrash,1451,1506,,,HUMAN_vs_HUMAN,0-1,C21,50
TlfZXZ0r,Rated Rapid game,Rapid,600+0,aparacha,dandonian,1817,1738,,,HUMAN_vs_HUMAN,1/2-1/2,B00,123
6F4osZZc,Rated Rapid game,Rapid,600+0,iamveeksha,kar123pov,976,1022,,,HUMAN_vs_HUMAN,0-1,C41,46
kYjnxeeT,Rated Blitz game,Blitz,300+0,NaLogisch,patsii,1646,1751,,,HUMAN_vs_HUMAN,1-0,A45,117
uFoRlMfs,Rated Blitz game,Blitz,300+0,Palese,malvoxa,1041,1082,,,HUMAN_vs_HUMAN,0-1,C25,88
PH1zBulD,Rated Blitz game,Blitz,300+0,freebird0,ct28976,1524,1575,,,HUMAN_vs_HUMAN,0-1,B13,78
owjVe81t,Rated Blitz game,Blitz,300+0,fishstickgator,Jasspa,1812,1890,,,HUMAN_vs_HUMAN,1-0,B20,77
yB6G3GsY,Rated Blitz game,Blitz,300+0,Malachi_calleigh,carlitu,901,880,,,HUMAN_vs_HUMAN,1-0,D00,22
Ha5o9rYl,Rated Blitz game,Blitz,300+0,JLeWhite,Keywin,1384,1340,,,HUMAN_vs_HUMAN,0-1,B10,36
gddIDNKU,Rated Blitz game,Blitz,300+0,JLYI,GloomyNow,1414,1407,,,HUMAN_vs_HUMAN,0-1,B01,84
SSK9Jmjc,Rated Blitz game,Blitz,300+0,Jvaillant57,Alekhine_Amazonense,1997,1996,,,HUMAN_vs_HUMAN,0-1,C42,14
MLRjoifB,Rated Blitz game,Blitz,300+0,www3w,bolade_osayokun,1254,1207,,,HUMAN_vs_HUMAN,0-1,C44,66
16q4kutF,Rated Blitz game,Blitz,300+0,NHSK,Ntera,1137,1121,,,HUMAN_vs_HUMAN,1-0,A50,125
HDXVKoUX,Rated Blitz game,Blitz,300+0,Narvachess,Zhostko,2061,2006,,,HUMAN_vs_HUMAN,1-0,E12,38
YxhEqHhm,Rated Blitz game,Blitz,300+0,madax1,oliverap,1084,952,,,HUMAN_vs_HUMAN,1-0,B20,25
4ymaZMpV,Rated Blitz game,Blitz,300+0,BrianM02,NightHawk60rus,1658,1647,,,HUMAN_vs_HUMAN,1-0,C55,57
iV62dOUF,Rated Blitz game,Blitz,300+0,Couver,Ilderpujymuy,1740,1701,,,HUMAN_vs_HUMAN,1/2-1/2,A40,212
WmIwKGiB,Rated Bullet game,Bullet,60+0,Ragibyasar,GreygermanI,1865,1892,,,HUMAN_vs_HUMAN,1-0,A02,85
ZHQokK50,Rated Bullet game,Bullet,60+0,johnivanov928,Galdino_Win,1531,1529,,,HUMAN_vs_HUMAN,1-0,C00,45
d9HxeVc6,Rated Bullet game,Bullet,60+0,netzumi,ueeiwuwhwhwb,1857,1815,,,HUMAN_vs_HUMAN,1-0,A43,51
paTumgRw,Rated Bullet game,Bullet,60+0,Loigerot,ShinraTensei46,1697,1666,,,HUMAN_vs_HUMAN,0-1,C00,72
gABiWpVE,Rated Bullet game,Bullet,60+0,pharaohfaraon,jsulst,1755,1706,,,HUMAN_vs_HUMAN,1-0,A00,67
7eoPVn4C,Rated Bullet game,Bullet,60+0,Kelvita,arya1377,1846,1765,,,HUMAN_vs_HUMAN,1/2-1/2,C00,93
VVsSeOW0,Rated Bullet game,Bullet,60+0,wainainak,deadbraincell,1134,1093,,,HUMAN_vs_HUMAN,1-0,B02,37
SBOjAjaU,Rated Bullet game,Bullet,60+0,Anonymous_MF,dorc,2096,2111,,,HUMAN_vs_HUMAN,0-1,A00,52
10WhSSnk,Rated Bullet game,Bullet,60+0,Ronnyman,Rodrigrrr,1584,1601,,,HUMAN_vs_HUMAN,1-0,B01,59
Z8D9cKeN,Rated Bullet game,Bullet,60+0,franciscojose72,Chrisknight24,1142,1164,,,HUMAN_vs_HUMAN,1-0,C23,6
Rgc0TsnJ,Rated Bullet game,Bullet,60+0,MrZwN,LiOCD,2006,1983,,,HUMAN_vs_HUMAN,0-1,C46,50
ObD4MZMb,Rated Bullet game,Bullet,60+0,Gerwaziusz,iancu_marius,1948,1974,,,HUMAN_vs_HUMAN,0-1,A04,90
SwevUaIg,Rated Bullet game,Bullet,60+0,Kastigador,capivaraburro,2414,2356,,,HUMAN_vs_HUMAN,0-1,C05,40
eHuQyyIe,Rated Bullet game,Bullet,60+0,winner4ever81,drnothingstein,1480,1380,,,HUMAN_vs_HUMAN,1-0,A00,43
md0QtTzd,Rated Bullet game,Bullet,60+0,ragabnn,olmosk,1605,1659,,,HUMAN_vs_HUMAN,1-0,C48,51
1HZBA14G,Rated Bullet game,Bullet,60+0,POOLNARRO1,Rerereggie,2195,2120,,,HUMAN_vs_HUMAN,0-1,D70,120
5o9cmPs4,Rated Bullet game,Bullet,120+1,sampaiobernardopb22,msd047,1482,1557,,,HUMAN_vs_HUMAN,1-0,C02,81
CzpbhPk2,Rated Bullet game,Bullet,60+0,MrThomasD,MascielDiaz,1800,1802,,,HUMAN_vs_HUMAN,0-1,A00,100
UIZORe4A,Rated Blitz game,Blitz,300+0,jmmj,anonymous909,1817,1827,,,HUMAN_vs_HUMAN,1-0,C36,71
IQ5vTv9X,Rated Bullet game,Bullet,60+0,AAArmstark,dabee,2451,2533,,FM,HUMAN_vs_HUMAN,1/2-1/2,A36,125
2HWdZJhj,Rated Bullet game,Bullet,60+0,gera_08_78,pscarg,1527,1538,,,HUMAN_vs_HUMAN,0-1,D02,76
faQ78rrP,Rated Bullet game,Bullet,60+0,machorv,romualdinyo,1267,1277,,,HUMAN_vs_HUMAN,0-1,A13,40
LaHvBe5Z,Rated Bullet game,Bullet,60+0,EdgardoCochesumare,Creedaventus777,2133,2094,,,HUMAN_vs_HUMAN,1-0,A43,65
QbOt2rUc,Rated Bullet game,Bullet,60+0,sevensamurailizard,C-EROZBEK,2127,2127,,,HUMAN_vs_HUMAN,1-0,B22,59
iGPt1VPB,Rated Bullet game,Bullet,60+0,Mesfinwold,Creme25,1366,1500,,,HUMAN_vs_HUMAN,1-0,C20,31
Wrom729M,Rated Bullet game,Bullet,60+0,albuhisi,Brko67,1445,1464,,,HUMAN_vs_HUMAN,0-1,A00,64
sKzB64w8,Rated Bullet game,Bullet,60+0,Enigma41,JasonRpar29,2265,2299,,,HUMAN_vs_HUMAN,0-1,A00,50
k1VpYhcw,Rated Bullet game,Bullet,60+0,Willianbrpr,adriagc,1500,1635,,,HUMAN_vs_HUMAN,0-1,A45,70
zPQrnTZH,Rated Bullet game,Bullet,60+0,Gambito-Guzman,Chaly,1934,1925,,,HUMAN_vs_HUMAN,1-0,B01,53
tLNYdFDH,Rated Bullet game,Bullet,60+0,StephanEduardoh,rodionlatypov,1171,1214,,,HUMAN_vs_HUMAN,0-1,C55,74
Nd5H3R8x,Rated Bullet game,Bullet,60+0,pepepito,Streakwing,1858,1838,,,HUMAN_vs_HUMAN,0-1,B10,88
O871z9wE,Rated Bullet game,Bullet,60+0,blezg,Thestinger29,1780,1793,,,HUMAN_vs_HUMAN,1-0,A17,27
N1Iiyjs6,Rated Bullet game,Bullet,60+0,Pharaoness,Vanco62,1860,1870,,,HUMAN_vs_HUMAN,0-1,A40,26
XSeUDGyd,Rated Bullet game,Bullet,60+0,MateIN83,arjunpandavath,996,915,,,HUMAN_vs_HUMAN,1-0,C00,63
vqBRul3B,Rated Bullet game,Bullet,60+0,Heavillano,Panno1954,1070,1117,,,HUMAN_vs_HUMAN,1-0,C54,43
ZzvgBZpO,Rated Bullet game,Bullet,60+0,Felipe-dos-Anjos,Nosaurus,1487,1515,,,HUMAN_vs_HUMAN,0-1,A00,58
7QxLN0X5,Rated Bullet game,Bullet,60+0,kayctins,nylesiddiqui,1908,1942,,,HUMAN_vs_HUMAN,1-0,A40,101
D8QmaSMJ,Rated Blitz game,Blitz,180+2,thanos66,wwrrcc,1891,1901,,,HUMAN_vs_HUMAN,1/2-1/2,B50,76
eeeUhJx8,Rated Blitz game,Blitz,180+2,Amuntai_BKD,Condorito35,2177,2219,,,HUMAN_vs_HUMAN,1-0,D50,87
jyhDL7ej,Rated Blitz game,Blitz,180+2,dukeshark,paludis-res,1798,1795,,,HUMAN_vs_HUMAN,1-0,B22,40
5wGbl6Rk,Rated Blitz game,Blitz,180+2,kannarocks,Aut0poi3sis,1794,1783,,,HUMAN_vs_HUMAN,0-1,B21,88
X5WgLVQq,Rated Blitz game,Blitz,180+2,Pirmais,blackbaron1975,1587,1649,,,HUMAN_vs_HUMAN,0-1,C00,38
RIpO2Xq0,Rated Blitz game,Blitz,180+2,cambiototal,Charly34,1810,1809,,,HUMAN_vs_HUMAN,1-0,A50,65
eu3FOlFJ,Rated Blitz game,Blitz,180+2,Geliosa,mazenwalker,1722,1660,,,HUMAN_vs_HUMAN,1-0,C61,43
lKV6muDw,Rated Blitz game,Blitz,180+2,babyccino,Jfw14,1245,1353,,,HUMAN_vs_HUMAN,0-1,B18,28
A0oWTmSq,Rated Blitz game,Blitz,180+2,Joe1iTo,siegfried2020,1959,1904,,,HUMAN_vs_HUMAN,0-1,E38,24
rrIvyMId,Rated Blitz game,Blitz,180+2,kravtsov777,Legend7Abdou,931,1057,,,HUMAN_vs_HUMAN,0-1,C49,42
8jqlPdQP,Rated Blitz game,Blitz,180+2,Travis060212,Magicuz,1145,1133,,,HUMAN_vs_HUMAN,0-1,B40,28
k4mNZFos,Rated Blitz game,Blitz,180+2,Luka50,Garmanov83,1429,1471,,,HUMAN_vs_HUMAN,1-0,C25,116
Mp418TUH,Rated Blitz game,Blitz,180+2,kaak0,reza13491122,1554,1559,,,HUMAN_vs_HUMAN,0-1,B50,69
CZLs2QHr,Rated Blitz game,Blitz,300+0,akas86,daviderr,1829,1793,,,HUMAN_vs_HUMAN,1-0,B40,89
P99k9TFp,Rated Blitz game,Blitz,300+0,asilb,jjdox,1627,1587,,,HUMAN_vs_HUMAN,0-1,D05,80
y2S0qbzJ,Rated Bullet game,Bullet,30+0,sternengucker,Caio_cso,1396,1399,,,HUMAN_vs_HUMAN,1-0,C00,29
Li5aZuuE,Rated Bullet game,Bullet,60+0,uralinho,HungryW,1665,1667,,,HUMAN_vs_HUMAN,1-0,A53,55
cdFa659o,Rated Blitz game,Blitz,180+2,bengenovia,drachen52,1632,1588,,,HUMAN_vs_HUMAN,1-0,B00,67
7lfVZPD5,Rated Blitz game,Blitz,180+2,Feanec,hilarius-bookbinder,1570,1576,,,HUMAN_vs_HUMAN,0-1,A00,46
PebOteVZ,Rated Blitz game,Blitz,180+2,FidelComandante,OmarAbdelaleem,1032,1095,,,HUMAN_vs_HUMAN,1-0,C21,39
HahwoaFf,Rated Blitz game,Blitz,180+2,CrisFried,preyz86,1846,1844,,,HUMAN_vs_HUMAN,0-1,A10,74
82B0AhvO,Rated Blitz game,Blitz,180+2,mikkelp,pesopluma69,1496,1491,,,HUMAN_vs_HUMAN,1-0,A40,27
EVNadXCo,Rated Blitz game,Blitz,180+2,turcosami,josemat,1536,1529,,,HUMAN_vs_HUMAN,0-1,C30,40
Sy72m0oJ,Rated Blitz game,Blitz,180+2,adrian_trandafir,AlexSa61,1821,1831,,,HUMAN_vs_HUMAN,0-1,D35,66
yp6F7gVS,Rated Blitz game,Blitz,180+2,tasduvar,gsts55,1884,1904,,,HUMAN_vs_HUMAN,0-1,C44,86
DxxwNISf,Rated Blitz game,Blitz,180+2,Marcus2344,Felipecavila,1117,1168,,,HUMAN_vs_HUMAN,0-1,C41,90
SiyYcozt,Rated Blitz game,Blitz,180+2,ANROK6,Dolov_Albert00,2333,2369,,,HUMAN_vs_HUMAN,1-0,B10,55
i8UEN0cW,Rated Blitz game,Blitz,180+2,sergej-v,Pirre,2064,1934,,,HUMAN_vs_HUMAN,1-0,B44,21
pn9Ion7T,Rated Blitz game,Blitz,180+2,manuel43,badran51,1931,1917,,,HUMAN_vs_HUMAN,1-0,A50,55
283ncAOp,Rated Blitz game,Blitz,180+2,Carloscelta,amneto,1773,1703,,,HUMAN_vs_HUMAN,1-0,A43,71
Mp2s8akR,Rated Blitz game,Blitz,180+2,itsyagoatbilly,kantrarian,1259,1196,,,HUMAN_vs_HUMAN,1-0,A00,59
zTiLZnWq,Rated Blitz game,Blitz,180+2,gurkha-gamefowl,JJcross8,1937,2064,,,HUMAN_vs_HUMAN,0-1,C00,94
BVx8eE1X,Rated Bullet game,Bullet,60+0,Dagoberto_und_Ich,AQPAQP,2476,2438,,,HUMAN_vs_HUMAN,1-0,B23,53
Q5s45TGz,Rated Bullet game,Bullet,60+0,LaowaiLiubei,Ebeid33,706,767,,,HUMAN_vs_HUMAN,0-1,A00,30
isZQCvvD,Rated Bullet game,Bullet,60+0,kenleycharles1,spectre_x47,1193,1164,,,HUMAN_vs_HUMAN,1-0,C24,81
JuMfBJbm,Rated Bullet game,Bullet,60+0,silverry,supressioii,1850,1840,,,HUMAN_vs_HUMAN,0-1,B06,50
oT2IDzDj,Rated Bullet game,Bullet,60+0,mhtsm,MouadhMessaoudi,1278,1222,,,HUMAN_vs_HUMAN,1-0,C00,39
Mhve6TNx,Rated Bullet game,Bullet,60+0,oi_ai,JojiS,1608,1610,,,HUMAN_vs_HUMAN,0-1,A45,72
TeAMuExk,Rated Bullet game,Bullet,60+0,J_Miller_GEGLW,benkanstein,1776,1736,,,HUMAN_vs_HUMAN,1-0,A41,19
pQIsryt0,Rated Bullet game,Bullet,60+0,N00b4s1g,galibwyn,2096,2094,,,HUMAN_vs_HUMAN,1-0,B12,43
Aq4ijL8p,Rated Bullet game,Bullet,60+0,bbustin,JLO21,1910,1913,,,HUMAN_vs_HUMAN,1-0,A06,59
jMIC8bT6,Rated Bullet game,Bullet,60+0,Fleecybottom,Bemlalane,1646,1643,,,HUMAN_vs_HUMAN,0-1,D00,60
JTzXA3kN,Rated Bullet game,Bullet,60+0,savedyb,seneca01,1585,1561,,,HUMAN_vs_HUMAN,0-1,B13,58
BSDmljZi,Rated Bullet game,Bullet,60+0,PAUL_MORPHY_GENIUS,EZZELDEEN,2059,2093,,,HUMAN_vs_HUMAN,1-0,A85,89
J7hWuuwo,Rated Bullet game,Bullet,60+0,borgchess9,MH1363MH,1648,1647,,,HUMAN_vs_HUMAN,0-1,D02,96
qTvhFAwu,Rated Bullet game,Bullet,60+0,Ahmed289,nelson1880,1401,1312,,,HUMAN_vs_HUMAN,0-1,B40,60
PP7wElV5,Rated Bullet game,Bullet,60+0,squanch,zlatzahid,1974,1981,,,HUMAN_vs_HUMAN,1/2-1/2,B00,101
gaZwQim1,Rated Bullet game,Bullet,60+0,calvarado2123,Natarov,1876,1865,,,HUMAN_vs_HUMAN,1-0,B00,103
8LzkPJ4W,Rated UltraBullet game,UltraBullet,15+0,xander9,FF_23bersek,1529,1638,,,HUMAN_vs_HUMAN,0-1,C41,62
J8ykkTOm,Rated Blitz game,Blitz,300+3,vladimir_ace,svetpavloff,1831,1867,,,HUMAN_vs_HUMAN,0-1,C02,43
FMjxL6Do,Rated Blitz game,Blitz,300+3,tjaronee,ANNAGR2,1544,1488,,,HUMAN_vs_HUMAN,1-0,B30,83
xEWZ22TZ,Rated Blitz game,Blitz,300+3,dmtg2,Dmitrik2014,921,788,,,HUMAN_vs_HUMAN,0-1,C50,108
xyOBuP8r,Rated Blitz game,Blitz,300+3,johndon96,sergiy102030,1382,1384,,,HUMAN_vs_HUMAN,1-0,B20,55
BVBK1QHs,Rated Blitz game,Blitz,300+3,spartanlopez,zaidirak,1665,1774,,,HUMAN_vs_HUMAN,1-0,A13,83
yCWGPyTg,Rated Blitz game,Blitz,300+3,mamamuranska,random_eyes,1039,1022,,,HUMAN_vs_HUMAN,1-0,C62,31
laLXRHpw,Rated Blitz game,Blitz,300+3,neywagner29,liutsko81,1340,1260,,,HUMAN_vs_HUMAN,0-1,A40,28
FYVD2HL2,Rated Blitz game,Blitz,300+3,the_tsar,rengaobrabissimovish,1512,1464,,,HUMAN_vs_HUMAN,1-0,D51,47
Rq9jUa5K,Rated Blitz game,Blitz,300+3,Hassan8282,JuanPabloOviedo,1515,1524,,,HUMAN_vs_HUMAN,1-0,A46,69
aNYyhodv,Rated Blitz game,Blitz,300+3,Busketz,Mamannonna,1051,1053,,,HUMAN_vs_HUMAN,0-1,C23,12
lelZBhZR,Rated Blitz game,Blitz,300+3,ididntcome2chatbuddy,Mozes003,1629,1581,,,HUMAN_vs_HUMAN,1-0,B06,69
FF5keLkO,Rated Blitz game,Blitz,180+0,Mehrdad1350,diabodastaquaras,1700,1553,,,HUMAN_vs_HUMAN,1-0,B13,75
y93g0acT,Rated Blitz game,Blitz,180+0,Crizelle,nwardak,1044,995,,,HUMAN_vs_HUMAN,0-1,C00,78
rkflYK7L,Rated Blitz game,Blitz,180+0,Jolaca,Miguelpaulobluefirem,1685,1689,,,HUMAN_vs_HUMAN,0-1,A41,62
oPnPoy54,Rated Blitz game,Blitz,180+0,ez4chess,pinkupenXD,2091,2057,,,HUMAN_vs_HUMAN,1-0,B10,43
VkJYdCZ6,Rated Blitz game,Blitz,180+0,agusnoopy,CobraYounes,1444,1440,,,HUMAN_vs_HUMAN,0-1,B20,28
dtex4hTO,Rated Blitz game,Blitz,180+0,mhfo13,akilthedeal,1564,1538,,,HUMAN_vs_HUMAN,1-0,C25,71
7undenZu,Rated Blitz game,Blitz,180+0,boulziboulz,Ludox75,1876,1975,,,HUMAN_vs_HUMAN,0-1,B02,40
Yn0IU7Q0,Rated Blitz game,Blitz,180+0,casillaroja,nunak2,2325,2248,,,HUMAN_vs_HUMAN,1-0,E11,53
XXDDoIE6,Rated Blitz game,Blitz,180+0,balen_eh,FI123581321,1637,1614,,,HUMAN_vs_HUMAN,0-1,A04,17
VF2CVZlO,Rated Blitz game,Blitz,180+0,AlbatrosEF,tonako_sith,882,635,,,HUMAN_vs_HUMAN,1-0,C42,29
U84E2raA,Rated Blitz game,Blitz,180+0,ismailcay,samuraipizzacat08,1452,1451,,,HUMAN_vs_HUMAN,1-0,B06,87
DDqdHbWz,Rated Blitz game,Blitz,180+0,lucky_lukeofchess,Mormonenrique,2325,2460,,,HUMAN_vs_HUMAN,1-0,D00,181
Azqm9R3X,Rated Blitz game,Blitz,180+0,simurg43,Micahdm,1839,1804,,,HUMAN_vs_HUMAN,0-1,D31,74
g0pyA6Z3,Rated Blitz game,Blitz,180+0,arichess87,unmugglemas,2156,2292,,,HUMAN_vs_HUMAN,0-1,B23,78
H9964yrL,Rated Blitz game,Blitz,180+0,Malykotek,CitrineOnMyNeck,1481,1481,,,HUMAN_vs_HUMAN,0-1,E40,38
hvdX4PMM,Rated Blitz game,Blitz,180+0,shackelford,happyhome,2035,1980,,,HUMAN_vs_HUMAN,0-1,A40,54
J0C3K7d8,Rated Blitz game,Blitz,180+0,softmover,ISRAEL06,1638,1670,,,HUMAN_vs_HUMAN,0-1,B10,50
BChqduBR,Rated Blitz game,Blitz,180+0,boulechfar,arestides,1743,1735,,,HUMAN_vs_HUMAN,1-0,A00,81
VCFWb5IM,Rated Bullet game,Bullet,120+1,SoltBaspo,bsp763,1990,2003,,,HUMAN_vs_HUMAN,0-1,C02,80
vLkvuxpc,Rated Bullet game,Bullet,120+1,Bobbyland,Gerios_EA,1781,1784,,,HUMAN_vs_HUMAN,0-1,B92,70
yGSuYi8D,Rated Bullet game,Bullet,120+1,thejasonbrown,Vezir5,1054,1051,,,HUMAN_vs_HUMAN,1-0,C23,91
Zz1RSqlq,Rated Bullet game,Bullet,120+1,Repeldo,Leillo,2122,2264,,,HUMAN_vs_HUMAN,0-1,A31,92
g1isZMOS,Rated Bullet game,Bullet,120+1,Darplenty,Vikek,1298,1293,,,HUMAN_vs_HUMAN,0-1,C20,92
oX68i39b,Rated Bullet game,Bullet,120+1,havf88,pepa87,2065,2165,,,HUMAN_vs_HUMAN,1-0,C30,57
4S6BZo0e,Rated Bullet game,Bullet,120+1,sasiralla,bamolar,1618,1640,,,HUMAN_vs_HUMAN,1-0,A45,41
P1MOExnm,Rated Bullet game,Bullet,120+1,pdragon,Tavares152,1754,1683,,,HUMAN_vs_HUMAN,0-1,A03,54
b9AMKFVz,Rated Bullet game,Bullet,120+1,Yodel1,cathairnamart,2349,2275,,,HUMAN_vs_HUMAN,1-0,C10,81
7jePNed3,Rated Bullet game,Bullet,120+1,ulum008,wachlaw,651,798,,,HUMAN_vs_HUMAN,1-0,D01,53
dQVDwFTX,Rated Bullet game,Bullet,120+1,martinolano,nyquilholic21,1712,1734,,,HUMAN_vs_HUMAN,1-0,D30,63
hVjZQBNv,Rated Bullet game,Bullet,120+1,Trystoune,jujubilation,1279,1263,,,HUMAN_vs_HUMAN,1-0,C21,41
4SmaBEyx,Rated Bullet game,Bullet,120+1,Hooked_Rooks,essernoah,1387,1368,,,HUMAN_vs_HUMAN,1-0,A40,83
PJj00MAH,Rated Blitz game,Blitz,180+0,Mr_Senior,SordxLucifer,1701,1742,,,HUMAN_vs_HUMAN,0-1,B23,60
6OaAlVTk,Rated Bullet game,Bullet,30+0,tairon41,jpayero,2223,2189,,,HUMAN_vs_HUMAN,1-0,A04,101
xTJi0umk,Rated Bullet game,Bullet,60+0,staunton0302,AslanMidiev,1908,1894,,,HUMAN_vs_HUMAN,0-1,B01,56
di0VBQmv,Rated Bullet game,Bullet,60+0,cankirsoy,Challengetactics,1646,1715,,,HUMAN_vs_HUMAN,1/2-1/2,B00,99
TMNQaW4N,Rated Bullet game,Bullet,60+0,Orsanchez,VovanDeMort3000,2526,2566,IM,,HUMAN_vs_HUMAN,0-1,B01,58
Ssbhfo7C,Rated Bullet game,Bullet,60+0,Ban97,superslyfox,937,821,,,HUMAN_vs_HUMAN,1-0,A00,115
HVGTNaj2,Rated Bullet game,Bullet,60+0,Odumsky,rodenas1,2169,2234,,,HUMAN_vs_HUMAN,0-1,A11,42
n8eX8qVj,Rated Bullet game,Bullet,60+0,bluwhale,AlexIvanovich,1975,1997,,,HUMAN_vs_HUMAN,0-1,C50,64
UcuscAnR,Rated Bullet game,Bullet,60+0,aqb,blacky284,2087,2051,,,HUMAN_vs_HUMAN,0-1,D00,64
FZX0L3GB,Rated Bullet game,Bullet,60+0,Seya4,caneca,1206,1202,,,HUMAN_vs_HUMAN,1-0,D11,85
vBiJ4vNL,Rated Bullet game,Bullet,60+0,ZB_RH,Alberike,1515,1532,,,HUMAN_vs_HUMAN,0-1,D00,78
LDcOEkom,Rated Bullet game,Bullet,60+0,Dime_J4v13r,potatobananasmoothie,1847,1840,,,HUMAN_vs_HUMAN,1-0,D00,71
gOJoJcLr,Rated Bullet game,Bullet,60+0,avodroc,AakashWani,1925,1939,,,HUMAN_vs_HUMAN,0-1,D02,62
6UR5qkdB,Rated Bullet game,Bullet,60+0,Iceybones,nusfe,1087,1039,,,HUMAN_vs_HUMAN,0-1,C41,18
dlqG3SRF,Rated Bullet game,Bullet,60+0,Idritiano,CaptainDada,1627,1621,,,HUMAN_vs_HUMAN,1-0,C00,23
eXssRwwc,Rated Bullet game,Bullet,60+0,DanteTheStrange,Van_Gogh11,1956,1946,,,HUMAN_vs_HUMAN,1-0,A00,47
GEARhZEm,Rated Bullet game,Bullet,60+0,plameni,louisrobert,2041,2038,,,HUMAN_vs_HUMAN,1-0,A02,77
bXJkbcLP,Rated Bullet game,Bullet,60+0,manolinux,Rumezico,1817,1835,,,HUMAN_vs_HUMAN,1-0,A06,83
pIHXWpmz,Rated Rapid game,Rapid,600+0,Jokisiscool,Vejxsn,1694,1737,,,HUMAN_vs_HUMAN,0-1,C58,46
bhGD1QCM,Rated Bullet game,Bullet,60+0,shegap,paschalaliozor,1977,2043,,,HUMAN_vs_HUMAN,1-0,C00,59
oFQypD3W,Rated Blitz game,Blitz,300+0,AhmedElhfney,AlboAlbo,1778,1868,,,HUMAN_vs_HUMAN,0-1,B00,78
7npPP34c,Rated Blitz game,Blitz,180+0,Jmac0802,copur1,1270,1257,,,HUMAN_vs_HUMAN,1-0,C46,27
W3wZbEyy,Rated Blitz game,Blitz,180+0,smaskaras,JosNelitz,2124,2173,,,HUMAN_vs_HUMAN,0-1,B12,52
O9QC1Q5m,Rated Blitz game,Blitz,180+0,KhusnutDudajanMag,O-Almeida,2558,2685,,GM,HUMAN_vs_HUMAN,1-0,A00,137
xZlA0tfj,Rated Blitz game,Blitz,180+0,BilbonSacquet,youmatedme,2007,1948,,,HUMAN_vs_HUMAN,1-0,B23,41
itqHpgie,Rated Blitz game,Blitz,180+0,PoisoningPigeons,Merochessmaster,1685,1691,,,HUMAN_vs_HUMAN,0-1,C62,65
lxwlG5Xw,Rated Blitz game,Blitz,180+0,Abuwasdenn,gifmafia,1201,1248,,,HUMAN_vs_HUMAN,1-0,A10,55
3dTDPOXO,Rated Blitz game,Blitz,180+0,pilosu71,dan77777,1951,1980,,,HUMAN_vs_HUMAN,1-0,D06,29
ZBxzzBun,Rated Blitz game,Blitz,180+0,Armanger82,SanRebel2004,1914,1925,,,HUMAN_vs_HUMAN,1-0,C30,19
milwKpgH,Rated Blitz game,Blitz,180+0,kenydelrey,leonhard1301,1864,1830,,,HUMAN_vs_HUMAN,0-1,B06,18
RDeNYlnI,Rated Blitz game,Blitz,180+0,itapiri,olusola85,1771,1782,,,HUMAN_vs_HUMAN,0-1,A01,92
bZrgMBLQ,Rated Blitz game,Blitz,180+0,piobaroja,NetZer0,1812,1806,,,HUMAN_vs_HUMAN,1-0,B21,59
ev1tKHLz,Rated Blitz game,Blitz,180+0,hako_k2,Mohammed_Salih,2023,2045,,,HUMAN_vs_HUMAN,0-1,B01,108
cQVbaG3p,Rated Blitz game,Blitz,180+0,JhonErnesto,mtvmvnoz,1465,1522,,,HUMAN_vs_HUMAN,0-1,B27,32
SA7TpjV6,Rated Blitz game,Blitz,180+0,grast9,Kyr_387,1425,1365,,,HUMAN_vs_HUMAN,1-0,D00,65
oc1x2AAn,Rated Blitz game,Blitz,180+0,Loncho70,blerpis,1032,1123,,,HUMAN_vs_HUMAN,0-1,D00,72
QHlRHQgI,Rated Blitz game,Blitz,180+0,EvilDarkSide-404,carlos_canedo,2079,2104,,,HUMAN_vs_HUMAN,0-1,B50,70
xSrRRtIC,Rated Blitz game,Blitz,180+0,bamser123,JuanRgalarza1990,1386,1500,,,HUMAN_vs_HUMAN,1-0,D00,89
tH1YC28t,Rated Rapid game,Rapid,600+0,EugeneBS,gokhanpelit,1515,1551,,,HUMAN_vs_HUMAN,1-0,C41,53
n6j1zRy3,Rated Rapid game,Rapid,600+0,veteranrookie,Yoellevano,1278,1232,,,HUMAN_vs_HUMAN,1-0,A06,39
PSTodPml,Rated Rapid game,Rapid,600+0,mpearson53031,shto_s,1445,1422,,,HUMAN_vs_HUMAN,1/2-1/2,D02,144
jEGYX4B2,Rated Rapid game,Rapid,600+0,Viktor610124,gumbystorm,1431,1397,,,HUMAN_vs_HUMAN,0-1,C21,68
9XWKZJSF,Rated Rapid game,Rapid,600+0,KurtMatthew07,moon999,1913,1819,,,HUMAN_vs_HUMAN,1-0,B30,123
yXFk3Cz2,Rated Rapid game,Rapid,600+0,DaRealDixon,GodReignsOverAll,992,944,,,HUMAN_vs_HUMAN,0-1,C20,106
SkaO9VDi,Rated Rapid game,Rapid,600+0,Betofabpuhl_1970,BAG4Ever,1769,1764,,,HUMAN_vs_HUMAN,0-1,C00,48
iUHXuFh9,Rated Rapid game,Rapid,600+0,faisalctr,hatemeldeeb,1964,1934,,,HUMAN_vs_HUMAN,1/2-1/2,A22,165
5c0HAoWp,Rated Rapid game,Rapid,600+0,bhram1345,LeeKnow25,2220,2182,,,HUMAN_vs_HUMAN,0-1,C38,68
L0DmRp0H,Rated Blitz game,Blitz,180+0,enzo1900,ALEXISVELASQUEZU,1248,1500,,,HUMAN_vs_HUMAN,0-1,B50,154
P2eX7BFg,Rated UltraBullet game,UltraBullet,15+0,clipkin3,ChesseyBeast,1942,1998,,,HUMAN_vs_HUMAN,1-0,A04,85
yNePaa3S,Rated Blitz game,Blitz,300+3,Kasmorr,rtpc,1566,1507,,,HUMAN_vs_HUMAN,0-1,A40,72
7AsXweP8,Rated Rapid game,Rapid,600+5,juliescorpion,La0de_Syahril,1849,1841,,,HUMAN_vs_HUMAN,0-1,C40,62
XoEZKHKI,Rated Bullet tournament https://lichess.org/tournament/JywpPPLX,Bullet,60+0,AdNelson,overshamy,1848,2015,,,HUMAN_vs_HUMAN,0-1,C40,100
vEJLlOsb,Rated Bullet tournament https://lichess.org/tournament/JywpPPLX,Bullet,60+0,warrior5263,CaptainSteveMorgan,1945,1948,,,HUMAN_vs_HUMAN,1-0,C66,81
CkyKrAB8,Rated Bullet tournament https://lichess.org/tournament/JywpPPLX,Bullet,60+0,Cabedenaras,KatyaSid,1704,1906,,,HUMAN_vs_HUMAN,0-1,A45,20
zVgVVdmN,Rated Bullet tournament https://lichess.org/tournament/JywpPPLX,Bullet,60+0,ChupaCuDeKiev,Graygoyl,1639,2002,,,HUMAN_vs_HUMAN,0-1,A46,72
K1kenBnV,Rated Blitz tournament https://lichess.org/tournament/g50G9ffx,Blitz,180+0,IGorHR,evgeniy_p78,1826,1719,,,HUMAN_vs_HUMAN,1-0,D20,127
kRpLHG6g,Rated Bullet tournament https://lichess.org/tournament/JywpPPLX,Bullet,60+0,deneb7,Chernoukhov_I,1674,1823,,,HUMAN_vs_HUMAN,0-1,C50,44
j4ct2pUI,Rated Blitz tournament https://lichess.org/tournament/g50G9ffx,Blitz,180+0,Eka_Silatama,mohara1,1841,1819,,,HUMAN_vs_HUMAN,1-0,B30,83
6X825nga,Rated Blitz tournament https://lichess.org/tournament/g50G9ffx,Blitz,180+0,Aleximperial,cesar-kam,1851,1951,,,HUMAN_vs_HUMAN,1-0,B01,93
G8X9NgGE,Rated Blitz tournament https://lichess.org/tournament/g50G9ffx,Blitz,180+0,jackofthecats,miguelantzo58,1709,1702,,,HUMAN_vs_HUMAN,1-0,D00,71
KSvmSScA,Rated Blitz tournament https://lichess.org/tournament/g50G9ffx,Blitz,180+0,king1264,isidroestudia,1582,1502,,,HUMAN_vs_HUMAN,0-1,C68,102
IziXc7LD,Rated Blitz tournament https://lichess.org/tournament/g50G9ffx,Blitz,180+0,soufiane1212,JaviPapi,1902,1369,,,HUMAN_vs_HUMAN,1-0,C44,51
3qVlagYu,Rated Bullet game,Bullet,60+0,Dani_platano,xwedaye_mezin,1956,1917,,,HUMAN_vs_HUMAN,1-0,B01,119
pA93Ip0O,Rated Blitz game,Blitz,300+0,patufet,rsa_dusano,2232,2101,,,HUMAN_vs_HUMAN,1-0,C02,93
NuGa8Va9,Rated Bullet game,Bullet,60+0,dimak24,Artur_Kamaldinov,2349,2325,,,HUMAN_vs_HUMAN,1-0,A40,71
Mk3jAMP6,Rated Blitz game,Blitz,180+2,capogali,animur336,2099,2033,,,HUMAN_vs_HUMAN,1-0,A40,95
XFc9KgFe,Rated Blitz game,Blitz,300+0,lanrexoxo,doisdainos,1021,1103,,,HUMAN_vs_HUMAN,0-1,B00,60
H5vBN0Xl,Rated Blitz game,Blitz,300+0,Akis77,Mopso1,1313,1351,,,HUMAN_vs_HUMAN,0-1,B10,76
j7xIB5gn,Rated Blitz game,Blitz,300+0,Abd_27_09,bshopred,2020,2028,,,HUMAN_vs_HUMAN,1-0,B20,83
WA95ZJ5A,Rated Blitz game,Blitz,300+0,penquista,Elembis,2034,2035,,,HUMAN_vs_HUMAN,1-0,C50,129
afi9PAeW,Rated Blitz game,Blitz,300+0,CarlosNavarro,Lion-Hell,1226,1227,,,HUMAN_vs_HUMAN,0-1,C20,34
6QMs9DWq,Rated Blitz game,Blitz,300+0,halak2,yosdan_23,1837,1838,,,HUMAN_vs_HUMAN,1-0,C47,43
zv9DWD3B,Rated Blitz game,Blitz,300+0,chichimeca,KlausPu,1648,1683,,,HUMAN_vs_HUMAN,0-1,D10,132
CIKCp3rZ,Rated Blitz game,Blitz,300+0,JEGYTJG1602,nantek1955,1508,1503,,,HUMAN_vs_HUMAN,0-1,B00,82
MPo0v53B,Rated Blitz game,Blitz,300+0,bakircius,Edwinra,1514,1565,,,HUMAN_vs_HUMAN,0-1,A00,52
TDnXo6fU,Rated Blitz game,Blitz,300+0,AAABDULHADI,mohamadwisswam,2181,2108,,,HUMAN_vs_HUMAN,0-1,B07,92
HaeAOXcv,Rated Blitz game,Blitz,300+0,seation,segdan,1336,1381,,,HUMAN_vs_HUMAN,0-1,C40,60
IP0pWeeb,Rated Blitz game,Blitz,300+0,Marcos0911,udaltsovandrew,1274,1294,,,HUMAN_vs_HUMAN,0-1,C20,114
x9KwXXso,Rated Blitz game,Blitz,300+0,subchessxxx,Cipee,1479,1408,,,HUMAN_vs_HUMAN,1-0,A40,71
xJYmPNwL,Rated Blitz game,Blitz,300+0,Erntegutallesgut,kobicallie,1701,1723,,,HUMAN_vs_HUMAN,0-1,B12,58
sXZTBxYh,Rated Blitz game,Blitz,300+0,wsrauff,yslxdumbganggang69,1627,1616,,,HUMAN_vs_HUMAN,1-0,A43,50
lvRcZQJq,Rated Blitz game,Blitz,300+0,Dr3awe,Mickrus,1382,1388,,,HUMAN_vs_HUMAN,0-1,B00,136
VS1LWMLb,Rated Bullet tournament https://lichess.org/tournament/OsVArPha,Bullet,60+0,JuandeLaCruz64,axeldavalos888chess,2093,1404,,,HUMAN_vs_HUMAN,1-0,C41,41
rKqh0vc8,Rated Rapid tournament https://lichess.org/tournament/sWwv0erL,Rapid,600+0,styleelshad,octatonic,1445,1408,,,HUMAN_vs_HUMAN,1-0,A00,46
9m30Vg9K,Rated Rapid tournament https://lichess.org/tournament/sWwv0erL,Rapid,600+0,krulpodwura,nIDJo69,1387,1360,,,HUMAN_vs_HUMAN,1-0,D02,33
lqmoN2Pw,Rated Rapid tournament https://lichess.org/tournament/sWwv0erL,Rapid,600+0,Cabra_Safado,Mihailaflorin,1352,1223,,,HUMAN_vs_HUMAN,1-0,B08,131
wI5M7zEQ,Rated Rapid tournament https://lichess.org/tournament/sWwv0erL,Rapid,600+0,qwertyyy_83,flavio1,1107,1178,,,HUMAN_vs_HUMAN,0-1,A40,43
bfmbIblI,Rated Bullet tournament https://lichess.org/tournament/BrK0zZ17,Bullet,30+0,MrQuote24,koyot87,2169,2213,,,HUMAN_vs_HUMAN,0-1,A13,68
31w0KKsF,Rated Bullet tournament https://lichess.org/tournament/BrK0zZ17,Bullet,30+0,cristiann34,senohe,1987,1496,,,HUMAN_vs_HUMAN,1-0,A06,83
QfMzMhFL,Rated Bullet tournament https://lichess.org/tournament/BrK0zZ17,Bullet,30+0,KansePranav,NOTFAIRBM,1344,2250,,,HUMAN_vs_HUMAN,0-1,A00,56
wW4mapcT,Rated Bullet tournament https://lichess.org/tournament/BrK0zZ17,Bullet,30+0,zugzwang911,strwwall,2279,2133,,,HUMAN_vs_HUMAN,1-0,A40,61
eL8yR07K,Rated Bullet tournament https://lichess.org/tournament/BrK0zZ17,Bullet,30+0,loathableyetlovable,superboy16,1771,2133,,,HUMAN_vs_HUMAN,0-1,C20,64
GTPxKCqg,Rated Bullet tournament https://lichess.org/tournament/BrK0zZ17,Bullet,30+0,KarKasov777,EleanorRigby2,1684,1281,,,HUMAN_vs_HUMAN,1-0,D03,33
aG8lfpIt,Rated Bullet tournament https://lichess.org/tournament/d2hdY4mw,Bullet,60+0,Gjelen,Gabito_02,1061,1266,,,HUMAN_vs_HUMAN,0-1,C20,54
QLWO5zuI,Rated Rapid tournament https://lichess.org/tournament/1Fbo1K58,Rapid,600+3,topwrinkleddinner,Nickthesheep,1430,1051,,,HUMAN_vs_HUMAN,1-0,C40,25
a0UwV8Wn,Rated Rapid tournament https://lichess.org/tournament/1Fbo1K58,Rapid,600+3,kaigo14,MARCUS-LIN,879,1442,,,HUMAN_vs_HUMAN,0-1,A45,52
jk3Ohy2g,Rated Blitz tournament https://lichess.org/tournament/6bD6H59B,Blitz,300+0,aazzouz91,boubker1969,1409,1869,,,HUMAN_vs_HUMAN,0-1,A04,58
SGHXoySJ,Rated Blitz tournament https://lichess.org/tournament/6bD6H59B,Blitz,300+0,Khalilo2011,yassinejskskajja,1787,2096,,,HUMAN_vs_HUMAN,0-1,B30,58
XYsBlxYO,Rated Blitz tournament https://lichess.org/tournament/6bD6H59B,Blitz,300+0,ELDbaba,HASSAN63,2049,1808,,,HUMAN_vs_HUMAN,1-0,C68,77
OOKINdRz,Rated Blitz tournament https://lichess.org/tournament/6bD6H59B,Blitz,300+0,akzwn,redouane_zerktouni,1599,1617,,,HUMAN_vs_HUMAN,1-0,C44,45
Bepp7gEn,Rated Blitz tournament https://lichess.org/tournament/GM8La9Ho,Blitz,360+2,sranu2013,mbhavanya,713,638,,,HUMAN_vs_HUMAN,1/2-1/2,A00,13
UQVKVHas,Rated Bullet tournament https://lichess.org/tournament/PGhLFVdQ,Bullet,60+0,KingLuna,Lunanidio,1942,2206,,,HUMAN_vs_HUMAN,0-1,D00,60
U9gxUp8Y,Rated Blitz tournament https://lichess.org/tournament/Ns2w7TIY,Blitz,180+0,vedic419,ebenezar,1810,2066,,,HUMAN_vs_HUMAN,0-1,D02,62
TLvVvADT,Rated Blitz tournament https://lichess.org/tournament/Ns2w7TIY,Blitz,180+0,B-O_T23,maxhimself,1804,1766,,,HUMAN_vs_HUMAN,1-0,B23,65
sKC6qOF6,Rated Bullet game,Bullet,120+1,pwkd,DyadyaAaron,1616,1622,,,HUMAN_vs_HUMAN,1-0,B20,55
qj8DbEmS,Rated Bullet game,Bullet,120+1,ludus_bellicus,chesspro99,1816,1863,,,HUMAN_vs_HUMAN,0-1,A00,44
na5lcfyz,Rated Blitz game,Blitz,300+0,KRUTYSH,kudriniv,1424,1803,,,HUMAN_vs_HUMAN,0-1,D51,20
aUEkRZkF,Rated Blitz game,Blitz,180+0,OgaNaMaster,Luis_Chavez_M,2166,2186,,,HUMAN_vs_HUMAN,0-1,B90,78
s3egLyeq,Rated Blitz game,Blitz,180+0,unajugadabrillante,mati44,2165,2159,,,HUMAN_vs_HUMAN,1-0,D37,67
VqvirCo5,Rated Blitz game,Blitz,180+0,Arzidns,Braingamez,1750,1825,,,HUMAN_vs_HUMAN,1-0,A40,67
q9I2IxMP,Rated Blitz game,Blitz,180+0,fluid995,kasparovgenoa,2132,2113,,,HUMAN_vs_HUMAN,0-1,A41,84
u6Fn5gOG,Rated Blitz game,Blitz,180+0,MarcioAndrade,GuillermoAlexGatica,1581,1585,,,HUMAN_vs_HUMAN,0-1,B06,82
qJyfaV1m,Rated Bullet game,Bullet,60+0,roadtoaim77,Darhan99,2668,2760,,,HUMAN_vs_HUMAN,0-1,A04,82
DcaTCkQa,Rated Bullet game,Bullet,30+0,AugustJacks,royalops,2222,2072,,,HUMAN_vs_HUMAN,1-0,C23,93
GZD57RgW,Rated Blitz game,Blitz,300+0,Badetissen,Lloydeene,514,488,,,HUMAN_vs_HUMAN,1-0,C26,9
a1dukSx2,Rated Blitz game,Blitz,300+0,Calendula1820,ksivany,1843,1834,,,HUMAN_vs_HUMAN,1-0,A04,65
6LM4uQqb,Rated Blitz game,Blitz,300+0,Nasrullah_AlAli,sadovnik28,1502,1519,,,HUMAN_vs_HUMAN,1-0,C41,61
sf1LB3hu,Rated Blitz game,Blitz,300+0,yellowstone2021,Alekhine2024,2210,2122,,,HUMAN_vs_HUMAN,1-0,A40,21
n6gEO4KM,Rated Blitz game,Blitz,300+0,New2chessXD,Lucas-El-Tennisman,1158,1144,,,HUMAN_vs_HUMAN,0-1,C44,46
uj1baBrj,Rated Blitz game,Blitz,300+0,teraw,KBA0008_SYAFI,1026,881,,,HUMAN_vs_HUMAN,1-0,C41,7
r3BK45VS,Rated Blitz game,Blitz,300+0,kombin_chees,AlfredoSaenz,2059,2030,,,HUMAN_vs_HUMAN,1-0,D03,25
jjkLNJ0x,Rated Blitz game,Blitz,300+0,JedSok,dbachler,1475,1483,,,HUMAN_vs_HUMAN,1-0,D00,63
y374xH3z,Rated Blitz game,Blitz,300+0,ErdunMert_Em_Tofas,ddd1967,1941,1885,,,HUMAN_vs_HUMAN,0-1,C57,38
2HCvzaRi,Rated Blitz game,Blitz,300+0,shisui13,DAMIANES,1612,1623,,,HUMAN_vs_HUMAN,0-1,A22,66
XJtsPuky,Rated Blitz game,Blitz,300+0,dimonv,Cleidivan,1343,1343,,,HUMAN_vs_HUMAN,1-0,B32,67
hlkpItbK,Rated Blitz game,Blitz,300+0,Kapanga,ayanbak,1277,1287,,,HUMAN_vs_HUMAN,1-0,C20,79
VSghwt0o,Rated Blitz game,Blitz,300+0,sikander12,Game4Ukraine,2024,2021,,,HUMAN_vs_HUMAN,0-1,B15,60
iiXfyFru,Rated Blitz game,Blitz,300+0,vikinglemmon,Kenneth-belobo,1323,1307,,,HUMAN_vs_HUMAN,1-0,C40,79
MvTp9S2a,Rated Blitz game,Blitz,300+0,knutsplace,CheckCheckGo,1415,1403,,,HUMAN_vs_HUMAN,1-0,D00,23
GzpJi3Do,Rated Blitz game,Blitz,300+0,vidaltn,Nebojisa,1943,1957,,,HUMAN_vs_HUMAN,1-0,D02,55
MKGNezID,Rated Bullet game,Bullet,60+1,gologram,greedandfear,1735,1633,,,HUMAN_vs_HUMAN,1-0,B52,37
a2j6mMvg,Rated Bullet game,Bullet,60+0,ONGAROV,Abekete,2348,2332,,,HUMAN_vs_HUMAN,0-1,A00,122
iGPR3yQx,Rated Blitz game,Blitz,300+3,Mrfrog5k,sizco1,1432,1447,,,HUMAN_vs_HUMAN,1-0,D02,25
DS77Fp5E,Rated Blitz game,Blitz,300+3,martinmichel,Ramisua,1321,1317,,,HUMAN_vs_HUMAN,1-0,C45,28
XnTkuF0Y,Rated Blitz game,Blitz,300+3,Ayeisha2015,AztecSungod,1752,1717,,,HUMAN_vs_HUMAN,0-1,B00,42
mf9UybMN,Rated Blitz game,Blitz,300+3,yuri64,sobeit5,2247,2221,,,HUMAN_vs_HUMAN,1-0,B20,65
K8DSltSk,Rated Blitz game,Blitz,300+3,Poxujgek,winandtbagu,1244,1252,,,HUMAN_vs_HUMAN,1-0,C41,37
eylBKYBh,Rated Blitz game,Blitz,300+3,wexfordpawn,Fluoxine,1146,1185,,,HUMAN_vs_HUMAN,1/2-1/2,D00,133
0RpfbPcX,Rated Blitz game,Blitz,300+3,malisuhr,Doubleinfinity,1210,1202,,,HUMAN_vs_HUMAN,1-0,C40,98
5PmISPjB,Rated Blitz game,Blitz,300+3,ygspasov,AN63,1951,1962,,,HUMAN_vs_HUMAN,0-1,A45,90
P3sjQPg4,Rated Classical game,Classical,1800+0,Firelink120,ivan397,1903,1842,,,HUMAN_vs_HUMAN,1-0,D02,77
N5rCwdYP,Rated Classical game,Classical,1800+0,ChaplainPete,nypel012,1698,1688,,,HUMAN_vs_HUMAN,0-1,B30,32
12IO45UN,Rated Classical game,Classical,1800+0,tomass47,shanvig,1201,1166,,,HUMAN_vs_HUMAN,1-0,D00,62
ZnlAF0Rl,Rated Blitz tournament https://lichess.org/tournament/7CZHK4jE,Blitz,180+0,Eugenious,iarias,1925,1934,,,HUMAN_vs_HUMAN,0-1,A84,70
D5uN91Bz,Rated Blitz tournament https://lichess.org/tournament/7CZHK4jE,Blitz,180+0,epaleepale,Jeyck1129,2222,2161,,,HUMAN_vs_HUMAN,1-0,B30,59
hh3oY8pP,Rated Blitz tournament https://lichess.org/tournament/7CZHK4jE,Blitz,180+0,Iron37,polloBaruc,2128,1952,,,HUMAN_vs_HUMAN,1-0,A40,99
GajO6xyj,Rated Blitz tournament https://lichess.org/tournament/7CZHK4jE,Blitz,180+0,socrateshuamanic_utp,LDelavalle,1896,1793,,,HUMAN_vs_HUMAN,0-1,C26,36
A0TVaBw8,Rated Blitz game,Blitz,180+0,jeyakoroll,Joro83,1709,1733,,,HUMAN_vs_HUMAN,1-0,A00,75
YbmCqBil,Rated Blitz game,Blitz,180+0,venirs88,osamaista,1079,965,,,HUMAN_vs_HUMAN,0-1,C23,56
zxhzwXKx,Rated Blitz game,Blitz,180+0,alsxx,spitznagel,1546,1518,,,HUMAN_vs_HUMAN,1-0,B06,43
IbSGktUI,Rated Blitz game,Blitz,180+0,un-ss,noSla01,1292,1267,,,HUMAN_vs_HUMAN,0-1,B13,40
h6L2mNa2,Rated Blitz game,Blitz,180+0,Nicky_Domondon55,Maximator,1951,2004,,,HUMAN_vs_HUMAN,1-0,B50,71
F29QJ1j9,Rated Blitz game,Blitz,180+0,snarkypop,pkmdjkc,1721,1745,,,HUMAN_vs_HUMAN,1-0,B00,35
wO5xO91G,Rated Blitz game,Blitz,180+0,bravevermin,kjc129,1777,1755,,,HUMAN_vs_HUMAN,0-1,C16,58
kSlpi93C,Rated Blitz game,Blitz,180+0,albertp074,recvx,1562,1624,,,HUMAN_vs_HUMAN,1-0,C02,53
x41fQsVq,Rated Blitz game,Blitz,180+0,jerryotton,Adriano_El_Leopaldo,1851,1906,,,HUMAN_vs_HUMAN,1-0,C02,57
3cUxxuKb,Rated Blitz game,Blitz,180+0,b1rd_tv_ru,nacegh,1345,1362,,,HUMAN_vs_HUMAN,0-1,B20,122
bsGsNGP3,Rated Blitz game,Blitz,180+0,usta_60,Musau22,1679,1676,,,HUMAN_vs_HUMAN,0-1,C02,64
OCA0Dk6P,Rated Blitz game,Blitz,180+0,reaggaesux,uncledougie,2227,2248,,,HUMAN_vs_HUMAN,0-1,B20,48
ppoQYEN9,Rated Blitz game,Blitz,180+0,AuAgBug,buldogrj,1501,1403,,,HUMAN_vs_HUMAN,1-0,D00,47
QABmVg09,Rated Blitz game,Blitz,180+0,MSkywalker,godrej,2193,2148,,,HUMAN_vs_HUMAN,1-0,A10,65
k4Wpgpv8,Rated Blitz game,Blitz,180+0,Corocarri,Luzenburgo85,2114,2080,,,HUMAN_vs_HUMAN,1-0,A06,83
ccPWRaZi,Rated Blitz game,Blitz,180+0,sparkymarky,dj12,2386,2328,,,HUMAN_vs_HUMAN,0-1,D37,40
OZOFRrHM,Rated Blitz game,Blitz,180+0,Nueve11,AssetHoarder,1236,1218,,,HUMAN_vs_HUMAN,0-1,C00,40
M8MXmOJX,Rated Blitz game,Blitz,180+0,RearkarnatciyaR2023,AlfaZero22,2183,2218,,,HUMAN_vs_HUMAN,1/2-1/2,D00,123
xNuw4UOX,Rated Blitz game,Blitz,300+3,fetxeironyons,AlfonsoTe,918,961,,,HUMAN_vs_HUMAN,1-0,C44,63
8qxmx0Oo,Rated Blitz game,Blitz,300+3,aryaaaaaaaaaaaaaa,rayotuctokelin2,1246,1313,,,HUMAN_vs_HUMAN,1-0,E61,53
MhBf1YXH,Rated Bullet game,Bullet,60+0,gf_jimmy,stan_97,1953,1937,,,HUMAN_vs_HUMAN,1-0,D31,63
ifhqyB7M,Rated Bullet game,Bullet,60+0,csakmakk,mo57,2192,2198,,,HUMAN_vs_HUMAN,1/2-1/2,C43,99
F2SUNNBu,Rated Bullet game,Bullet,60+0,es_maquiavelico,la_bestia_negra,1432,1405,,,HUMAN_vs_HUMAN,1-0,A40,115
WvfKby3r,Rated Bullet game,Bullet,60+0,kostamoto,ibauu,1270,1315,,,HUMAN_vs_HUMAN,0-1,B10,70
s7qFjBwy,Rated Bullet game,Bullet,60+0,abraschild,rogelio_ortiz,2026,2052,,,HUMAN_vs_HUMAN,1-0,C31,32
INJMg2yd,Rated Bullet game,Bullet,60+0,lucaspit,FrederickdeWit,1855,1859,,,HUMAN_vs_HUMAN,1-0,A01,79
tgoniySO,Rated Bullet game,Bullet,60+0,Minuchin00,elwahsh2,1777,1810,,,HUMAN_vs_HUMAN,0-1,B06,52
UbGAzUvK,Rated Bullet game,Bullet,60+0,Remontando,emrah_kilickara91,1642,1648,,,HUMAN_vs_HUMAN,1-0,B01,55
hGkUIFmP,Rated Bullet game,Bullet,60+0,JAXFL,Lyon89,1762,1774,,,HUMAN_vs_HUMAN,0-1,C00,52
U01CXklp,Rated Rapid game,Rapid,600+0,panas1972,Butanzura,1275,1207,,,HUMAN_vs_HUMAN,0-1,C10,26
g0WtZWSu,Rated Rapid game,Rapid,600+0,JayatriBalaji,Mohammed99qr,1098,1032,,,HUMAN_vs_HUMAN,1-0,B01,33
2wZtDIVW,Rated Rapid game,Rapid,600+0,Kenaj9,terra02,1203,1150,,,HUMAN_vs_HUMAN,0-1,B10,38
YPJapL3p,Rated Rapid game,Rapid,600+0,Ahmad-Najm,Lukman_123,1405,1367,,,HUMAN_vs_HUMAN,1-0,B06,135
YQFZSIap,Rated Rapid game,Rapid,600+0,jesus_97,theelegend45,1348,1478,,,HUMAN_vs_HUMAN,0-1,C22,60
OKNt26vP,Rated Blitz game,Blitz,180+0,LeonPE,Marbi212912111,1829,1803,,,HUMAN_vs_HUMAN,0-1,D00,64
oBX8rdI6,Rated Bullet game,Bullet,60+0,Many-Faced,amahmad8420,2040,1996,,,HUMAN_vs_HUMAN,0-1,C00,42
OzjIi2p0,Rated Bullet game,Bullet,60+0,Lither,tolete33,2096,2068,,,HUMAN_vs_HUMAN,0-1,C01,108
HecSAgVO,Rated Bullet game,Bullet,60+0,ElPedro2000,itachiamaterasu13,1784,1849,,,HUMAN_vs_HUMAN,0-1,A00,80
szLRriSe,Rated Bullet game,Bullet,60+0,Momovivi,chesslooover,2203,2329,,,HUMAN_vs_HUMAN,0-1,A05,22
QgYGgD8H,Rated Bullet game,Bullet,60+0,pilsnerhell,PersiangulfII,1901,1975,,,HUMAN_vs_HUMAN,0-1,A45,56
JMPjkDCO,Rated Bullet game,Bullet,60+0,David4_13,AlaliSalim,1014,1034,,,HUMAN_vs_HUMAN,1-0,A40,51
x89veoZT,Rated Bullet game,Bullet,60+0,holaholita,Kosmokat123456789,1534,1634,,,HUMAN_vs_HUMAN,0-1,A40,44
KIEOYZns,Rated Bullet game,Bullet,60+0,starazagora,uncertain_2,2512,2550,,,HUMAN_vs_HUMAN,1-0,B94,103
ADJNvqiY,Rated Bullet game,Bullet,60+0,cele60,Ombrello,1217,1168,,,HUMAN_vs_HUMAN,1-0,C43,45
uFR8pNmu,Rated Bullet game,Bullet,60+0,cas579,CristianoSilva,1072,1047,,,HUMAN_vs_HUMAN,0-1,A40,64
HQs1H10v,Rated Bullet game,Bullet,60+0,Diegochess79,ultimaspiaggia,2492,2332,,,HUMAN_vs_HUMAN,1-0,A01,115
W5hzwQth,Rated Bullet game,Bullet,60+0,sylllwiaa,Hectorcerros2000,2155,2276,,,HUMAN_vs_HUMAN,1-0,D10,111
G6gWx95d,Rated Bullet game,Bullet,60+0,husneguldemirci,slenderaccident,1754,1773,,,HUMAN_vs_HUMAN,0-1,B54,72
122rPGJc,Rated Bullet game,Bullet,60+0,Reddevilfan,superlaza,1485,1438,,,HUMAN_vs_HUMAN,1-0,D02,61
euPRQLUG,Rated Bullet game,Bullet,60+0,zsakr,lukekul12,1236,1228,,,HUMAN_vs_HUMAN,0-1,D07,66
py87IOzR,Rated Bullet game,Bullet,60+0,Megasuperwin666,No2ka,1123,1108,,,HUMAN_vs_HUMAN,1-0,C20,45
AReEw1UV,Rated Bullet game,Bullet,60+0,esoterickemalism,regis_2012,1638,1701,,,HUMAN_vs_HUMAN,1-0,B20,69
p5rnXp9c,Rated Bullet game,Bullet,60+0,vikings00,pozdrawiam_gg,1973,2035,,,HUMAN_vs_HUMAN,1-0,D02,49
G0JLNNOg,Rated Blitz game,Blitz,300+0,ASIFMAHMOODNADIR,aloneman01,1323,1338,,,HUMAN_vs_HUMAN,1-0,B21,63
6nAxNrxI,Rated Rapid game,Rapid,600+5,franjih,NNN1234,1363,1340,,,HUMAN_vs_HUMAN,0-1,C40,72
HRXNSxna,Rated Rapid game,Rapid,600+5,drunkpanda59,Repson,1884,1762,,,HUMAN_vs_HUMAN,1-0,C30,37
qeeG3Qkz,Rated Rapid game,Rapid,600+5,alirazaramzani,roc007,1136,1256,,,HUMAN_vs_HUMAN,0-1,C20,61
2xaPeMmd,Rated Rapid game,Rapid,600+5,noelohellhere,Priscilla-Gayan,777,742,,,HUMAN_vs_HUMAN,1/2-1/2,B20,106
LIwBIaDd,Rated Blitz game,Blitz,180+0,JuanGtz28,yoparis,1315,1329,,,HUMAN_vs_HUMAN,1/2-1/2,C41,108
ceaSjke9,Rated Blitz game,Blitz,180+0,ynumany,rohrkrepierer-777,1901,1897,,,HUMAN_vs_HUMAN,0-1,B20,46
aEXtag3M,Rated Blitz game,Blitz,180+0,PICKERFINDER15,MSalehN,1109,1159,,,HUMAN_vs_HUMAN,1-0,B01,69
AC7WPs4Y,Rated Blitz game,Blitz,180+0,ksr16,casawi13,1588,1637,,,HUMAN_vs_HUMAN,0-1,C00,74
kAIqLH7l,Rated Blitz game,Blitz,180+0,Loscaballosazules,Bakai_z,1491,1510,,,HUMAN_vs_HUMAN,1-0,C44,23
6tafJHug,Rated Blitz game,Blitz,180+0,zynx23,tigr_king,1399,1406,,,HUMAN_vs_HUMAN,0-1,A01,96
1E5Os8jE,Rated Blitz game,Blitz,180+0,jazzman802,Antoine_nordiens,1918,1916,,,HUMAN_vs_HUMAN,1-0,D00,31
cz5qHAmY,Rated Blitz game,Blitz,180+0,algomas,GabibGabib,1862,1795,,,HUMAN_vs_HUMAN,1/2-1/2,C00,116
S7n32tk8,Rated Blitz game,Blitz,180+0,the_hunter_1,jacobbg,1582,1566,,,HUMAN_vs_HUMAN,0-1,A04,54
nMq3ocgp,Rated Blitz game,Blitz,180+0,kapirovisky,Lakis99,2107,2178,,,HUMAN_vs_HUMAN,0-1,A04,84
7HUl7oQd,Rated Blitz game,Blitz,180+0,bAgraphy,pemocli,1220,1302,,,HUMAN_vs_HUMAN,0-1,C47,50
K9sxJOXY,Rated Blitz game,Blitz,180+0,Lancaster68,Dl86,1979,2004,,,HUMAN_vs_HUMAN,0-1,B35,46
fGMpo2bS,Rated Blitz game,Blitz,180+0,filmosaurus,PabloMinda,2254,2189,,,HUMAN_vs_HUMAN,1-0,B53,59
gkmcsp1U,Rated Blitz game,Blitz,180+0,Ramiz1111,ukrnoob,1762,1714,,,HUMAN_vs_HUMAN,1-0,D31,59
cCVSyzMc,Rated Blitz game,Blitz,180+0,fire-eater,GiveMeYourQ,1703,1649,,,HUMAN_vs_HUMAN,0-1,B13,62
vqNO0HbL,Rated Blitz game,Blitz,180+0,Juan214020,Keksemonster85,1540,1524,,,HUMAN_vs_HUMAN,1-0,B07,67
vFsHR9fD,Rated Blitz game,Blitz,180+0,HADDONY,alfrelex,1348,1358,,,HUMAN_vs_HUMAN,1-0,B32,45
WqoJDfV1,Rated Blitz game,Blitz,180+0,shikovsky,Patogeors,2215,2073,,,HUMAN_vs_HUMAN,0-1,B07,56
Sl8NMqyO,Rated Blitz game,Blitz,300+0,AtlarveFiller,ErysJavierRodrigue,1479,1487,,,HUMAN_vs_HUMAN,0-1,C23,76
7zRzXC2P,Rated Blitz game,Blitz,300+0,love2playnow,NyquilZa,1647,1675,,,HUMAN_vs_HUMAN,1-0,A00,95
8zNE3KPg,Rated Blitz game,Blitz,300+0,blackstarforever,salk2,1499,1500,,,HUMAN_vs_HUMAN,0-1,C44,58
AMBQO5qJ,Rated Blitz game,Blitz,300+0,ChessAggie21,Kruisers,1554,1584,,,HUMAN_vs_HUMAN,0-1,C50,52
Qquf4azC,Rated Blitz game,Blitz,300+0,norawantstowin,Ahmettakil,760,748,,,HUMAN_vs_HUMAN,1-0,D00,91
7u9rRmhB,Rated Blitz game,Blitz,300+0,Ecomagchess,sentient-automata,1836,1837,,,HUMAN_vs_HUMAN,0-1,C41,22
VTAJkOJm,Rated Blitz game,Blitz,300+0,justchecking1,tricksterchess,2038,2071,,,HUMAN_vs_HUMAN,1-0,A15,71
0nONl9Kl,Rated Blitz game,Blitz,300+0,Darkfabris,alchaimer,1910,1904,,,HUMAN_vs_HUMAN,1-0,D11,101
tl9CtGYa,Rated Blitz game,Blitz,300+0,FPfreitas,war-1,1865,1860,,,HUMAN_vs_HUMAN,1-0,D10,53
LHlFZGqj,Rated Blitz game,Blitz,300+0,FouLaufer,AROLPO,1642,1587,,,HUMAN_vs_HUMAN,0-1,B13,50
nctSC6nX,Rated Blitz game,Blitz,300+0,JustFatTony,hung_george_costanza,1218,1250,,,HUMAN_vs_HUMAN,1-0,C00,25
e54FzanM,Rated Blitz game,Blitz,300+0,ervili,ABCDFKA,1881,1888,,,HUMAN_vs_HUMAN,0-1,B00,47
AlRckr7R,Rated Blitz game,Blitz,300+0,mehmetrasitsoydas,shahin83,887,914,,,HUMAN_vs_HUMAN,0-1,A40,22
LP42y21X,Rated Blitz game,Blitz,300+0,Moonran,thiagof12kl900k,1167,1202,,,HUMAN_vs_HUMAN,1-0,D02,71
bkxSXwax,Rated Blitz game,Blitz,300+0,anggaraksa,carlosguevaraajedrez,1784,1827,,,HUMAN_vs_HUMAN,0-1,C46,22
j6oh5UCi,Rated Blitz game,Blitz,300+0,DenisMac,staafje100,1432,1439,,,HUMAN_vs_HUMAN,0-1,C02,108
qaO4hwCt,Rated Blitz game,Blitz,300+0,BharathKakashi,alaa_2277,1335,1369,,,HUMAN_vs_HUMAN,0-1,B06,18
NTWPlisa,Rated Blitz game,Blitz,300+0,tornillo90,gofigure1998,1324,1330,,,HUMAN_vs_HUMAN,1-0,A40,45
cvYui8uL,Rated Bullet game,Bullet,30+0,HejDu,Azice,2096,2098,,,HUMAN_vs_HUMAN,1-0,B21,89
XlhSuLAr,Rated Rapid game,Rapid,900+3,DONKSonlyplaywhite,Mandre1967,1617,1688,,,HUMAN_vs_HUMAN,0-1,C00,104
3Q3ekUij,Rated Blitz game,Blitz,300+3,TORRE7,Franciscojose_1976,1490,1613,,,HUMAN_vs_HUMAN,0-1,D20,36
BkgjkWIV,Rated Blitz game,Blitz,300+3,Lordvoldemort08,MathewGu,787,877,,,HUMAN_vs_HUMAN,1-0,D20,75
lg0X6Auv,Rated Blitz game,Blitz,300+3,Zeos7000,dudellino,1315,1255,,,HUMAN_vs_HUMAN,0-1,D02,10
E4Mtql31,Rated Blitz game,Blitz,300+3,ccg001,Papiysss,1876,1870,,,HUMAN_vs_HUMAN,1-0,B00,40
aaThE57t,Rated Blitz game,Blitz,300+3,nupa3,AydinBek,1056,934,,,HUMAN_vs_HUMAN,1-0,A40,55
HBKRtiig,Rated Blitz game,Blitz,300+3,Ciro_persa,marcogori,1677,1685,,,HUMAN_vs_HUMAN,1-0,B12,101
8aA6NXKe,Rated Blitz game,Blitz,300+3,garotodealuguel,DomesticWarlord,1079,1180,,,HUMAN_vs_HUMAN,0-1,B20,56
EhwDLusO,Rated Blitz game,Blitz,300+3,amir_ismail01,Gatosalvajehenry,1203,1265,,,HUMAN_vs_HUMAN,1-0,C41,47
rm6QUsEK,Rated Blitz game,Blitz,300+3,Hasanyeldaderya,OlegKom1965,810,818,,,HUMAN_vs_HUMAN,1-0,D00,73
LuCnyXfx,Rated Blitz game,Blitz,300+3,luizmaga,SvanteW,1475,1574,,,HUMAN_vs_HUMAN,0-1,D02,66
Sk2gyDBl,Rated Blitz game,Blitz,300+3,berkaycobnn,boxyl,1242,1261,,,HUMAN_vs_HUMAN,1-0,C00,81
eCE0dzMl,Rated Blitz game,Blitz,180+2,zuckerschach,TaquitoGamer18,1956,1858,,,HUMAN_vs_HUMAN,0-1,B25,68
6BZPxcuR,Rated Bullet tournament https://lichess.org/tournament/JywpPPLX,Bullet,60+0,bkan80,Maxiragazzon,2014,2069,,,HUMAN_vs_HUMAN,1-0,E73,51
7kAJUY3k,Rated Bullet tournament https://lichess.org/tournament/JywpPPLX,Bullet,60+0,Unyeli_Geri_Dondu,nelson0711,2288,1619,,,HUMAN_vs_HUMAN,1-0,C44,49
H8Xu3nRp,Rated Bullet tournament https://lichess.org/tournament/JywpPPLX,Bullet,60+0,zodiac1997,bbc100,2044,2162,,,HUMAN_vs_HUMAN,1-0,A00,91
yd7M1UPB,Rated Bullet tournament https://lichess.org/tournament/JywpPPLX,Bullet,60+0,goxzy,Jupiter78,1745,2000,,,HUMAN_vs_HUMAN,0-1,A08,60
3w9YzCcI,Rated Bullet tournament https://lichess.org/tournament/JywpPPLX,Bullet,60+0,PawnCollection,PShab,1654,1728,,,HUMAN_vs_HUMAN,1-0,A40,65
EHmuPJK9,Rated Bullet tournament https://lichess.org/tournament/JywpPPLX,Bullet,60+0,epwew,veneteanuc,1612,2060,,FM,HUMAN_vs_HUMAN,0-1,B33,104
rBtDNjjY,Rated Bullet game,Bullet,60+0,PuzzlesBar,elisak43,3010,2744,,,HUMAN_vs_HUMAN,1-0,B02,27
oQ5FxvjT,Rated Rapid game,Rapid,120+10,tornade,Torritos40,1641,1556,,,HUMAN_vs_HUMAN,0-1,C50,14
mrByf4eV,Rated Blitz game,Blitz,180+2,Philidor_EOL,Salim7979,1570,1576,,,HUMAN_vs_HUMAN,0-1,C00,72
XVD1M9Sh,Rated Blitz game,Blitz,300+0,Oblom2,wiyyoarias,1655,1568,,,HUMAN_vs_HUMAN,1-0,C23,79
rskzVLeK,Rated Blitz game,Blitz,180+0,DarnellkenoGordon,Ced_sasalice81,1905,1915,,,HUMAN_vs_HUMAN,0-1,A00,86
G8uuQ7TJ,Rated Blitz game,Blitz,180+0,KRALJIGRE2,rontwigger,2003,1979,,,HUMAN_vs_HUMAN,1-0,B00,101
yqBQqIUD,Rated Blitz game,Blitz,300+0,AndyMan,SoloWingPixy,1160,1244,,,HUMAN_vs_HUMAN,0-1,A40,60
ZuHTo8U6,Rated Blitz game,Blitz,180+0,chessboss21,KORYO75,1095,1101,,,HUMAN_vs_HUMAN,0-1,D00,84
hn3JBsll,Rated Blitz game,Blitz,300+0,Sidney14,delensi,1321,1341,,,HUMAN_vs_HUMAN,1-0,C47,99
n9PJVh2f,Rated Bullet game,Bullet,60+0,Dtharunkaplan,rato23,2295,2370,,,HUMAN_vs_HUMAN,1-0,A40,97
eXwV0CaL,Rated Bullet game,Bullet,60+0,slitheractivate,neset_2014,1378,1444,,,HUMAN_vs_HUMAN,1-0,B00,47
w4HRftHd,Rated Bullet game,Bullet,60+0,lgmonezi,nicknamenick,1603,1654,,,HUMAN_vs_HUMAN,0-1,D35,86
QivywjBj,Rated Bullet game,Bullet,60+0,EmberDev,alltime,2068,2068,,,HUMAN_vs_HUMAN,0-1,A46,112
B0NfouAx,Rated Bullet game,Bullet,60+0,Ravanello1N,hlv_chesstactics,2308,2314,,,HUMAN_vs_HUMAN,1-0,B90,87
uupMti2y,Rated Bullet game,Bullet,60+0,ThomasShelby76,sfa22,1242,1192,,,HUMAN_vs_HUMAN,0-1,A00,26
49GOBMA6,Rated Bullet game,Bullet,60+0,paparodriguez2023,Creature_of_Habit,2094,1966,,,HUMAN_vs_HUMAN,0-1,A46,48
1KYactdH,Rated Bullet game,Bullet,60+0,blayz3r,pavlos2,1716,1830,,,HUMAN_vs_HUMAN,1-0,B10,53
W8xR67yu,Rated Bullet game,Bullet,60+0,EvilGarT,lagavulin_16,2136,2290,,,HUMAN_vs_HUMAN,0-1,D13,98
lIPDA5Qu,Rated Bullet game,Bullet,60+0,HellofromCanada,joel1607ec,2095,2107,,,HUMAN_vs_HUMAN,1-0,B00,89
bXCzgSEi,Rated Bullet game,Bullet,60+0,Habanero_Pepper,kolanilates,977,1011,,,HUMAN_vs_HUMAN,1-0,C21,33
2yGTLn5M,Rated Bullet game,Bullet,60+0,riversfan17,KARMAISTHETOP,1291,1274,,,HUMAN_vs_HUMAN,1-0,B20,9
pIHBwUci,Rated Bullet game,Bullet,60+0,supercaspi99,theysn,1839,1904,,,HUMAN_vs_HUMAN,1-0,C02,49
txDv3Lsy,Rated Bullet game,Bullet,60+0,GuaxinimGamer,matin97531,1369,1341,,,HUMAN_vs_HUMAN,0-1,B30,60
AIVkGDns,Rated Bullet game,Bullet,60+0,justin5T,Kitty-uwu,1031,1127,,,HUMAN_vs_HUMAN,0-1,B01,64
IAbr2uyP,Rated Bullet game,Bullet,60+0,TrOsK1,Carlid,1506,1619,,,HUMAN_vs_HUMAN,1-0,B30,39
f32qx27R,Rated Bullet game,Bullet,60+0,ha22y,Profdu,1705,1697,,,HUMAN_vs_HUMAN,1-0,B23,69
cSnhh04p,Rated Bullet game,Bullet,60+0,pacacob,DrNightKing,1966,1928,,,HUMAN_vs_HUMAN,1-0,A40,65
UWFTtuir,Rated Blitz game,Blitz,180+0,SexyMannnnnn,Socotroco22,2096,2046,,,HUMAN_vs_HUMAN,1-0,C20,17
doo5tsgB,Rated Blitz game,Blitz,180+0,Boxer45,prokPRG,1020,969,,,HUMAN_vs_HUMAN,0-1,A00,26
ZfXkyfiu,Rated Blitz game,Blitz,180+0,Ashraf7038,pablolopezalm,1452,1462,,,HUMAN_vs_HUMAN,0-1,C50,92
CXx4J3nU,Rated Blitz game,Blitz,180+0,sarajevski_gambit,sequor_kairos,1857,1903,,,HUMAN_vs_HUMAN,0-1,A03,32
d5hsTktc,Rated Blitz game,Blitz,180+0,denigahsk,Abrio,921,1046,,,HUMAN_vs_HUMAN,1-0,B01,10
F0ydl7oR,Rated Blitz game,Blitz,180+0,Mario_raguine,ChessZard,1638,1667,,,HUMAN_vs_HUMAN,1-0,B13,61
xSP9i3x9,Rated Blitz game,Blitz,180+0,InGravitty,Zov_Hax,2024,2028,,,HUMAN_vs_HUMAN,1-0,B07,123
VxLIAUZb,Rated Blitz game,Blitz,180+0,abdul_6323,Harold_Toro,1301,1298,,,HUMAN_vs_HUMAN,1-0,A00,79
2mbswJCF,Rated Blitz game,Blitz,180+0,PapaDylDyl,Merlyanne,1490,1454,,,HUMAN_vs_HUMAN,1-0,B00,19
Ui7KQi6A,Rated Blitz game,Blitz,180+0,Applikatuer,xexebov,1526,1529,,,HUMAN_vs_HUMAN,0-1,A20,24
RMf3tPkD,Rated Blitz game,Blitz,180+0,ogcfoles13,Geolamouk,1157,1201,,,HUMAN_vs_HUMAN,1-0,B00,31
3dsHezxJ,Rated Blitz game,Blitz,180+0,dah_viber,edgarluna91041504,1733,1686,,,HUMAN_vs_HUMAN,0-1,A00,70
rYQoN21k,Rated Blitz game,Blitz,180+0,palerno,Roberto_Muller,1765,1810,,,HUMAN_vs_HUMAN,1-0,C34,53
7Pu3edCs,Rated Blitz game,Blitz,180+0,Ma7m0uds,BlueStar88,1413,1411,,,HUMAN_vs_HUMAN,1-0,B00,33
hvwbakRj,Rated Blitz game,Blitz,180+0,xslaughter,CantgiveIn_2U,1929,1932,,,HUMAN_vs_HUMAN,0-1,B01,24
gOdrUJEQ,Rated Blitz game,Blitz,180+0,MrNiyco1,BeerMeBruh,1554,1533,,,HUMAN_vs_HUMAN,1-0,B50,55
UURxZXOX,Rated Bullet game,Bullet,60+0,faeae2308,nibatbib,1691,1682,,,HUMAN_vs_HUMAN,1-0,A04,75
xxXl1rt1,Rated Blitz game,Blitz,180+2,salasa,bejovsky,1766,1780,,,HUMAN_vs_HUMAN,1-0,C00,53
jP5JhACy,Rated Blitz game,Blitz,180+0,LeeVanLee,luxempig,1305,1320,,,HUMAN_vs_HUMAN,0-1,B50,34
ZUKrkF7x,Rated UltraBullet game,UltraBullet,15+0,arqcap,lichinut,1657,1648,,,HUMAN_vs_HUMAN,0-1,A00,54
ldamW1wR,Rated UltraBullet game,UltraBullet,15+0,Luquida1,RenatoPiperno,1284,1263,,,HUMAN_vs_HUMAN,1-0,C00,47
1ddmpGtK,Rated Blitz game,Blitz,300+3,vitrus_67,bitmagier,1783,1763,,,HUMAN_vs_HUMAN,0-1,A00,92
BEp2xOFE,Rated Blitz game,Blitz,300+0,xazail,vvsval,2106,2113,,,HUMAN_vs_HUMAN,1-0,B01,115
erkeavvD,Rated Rapid game,Rapid,600+3,g1-j03,SS-500,1424,1382,,,HUMAN_vs_HUMAN,1-0,B00,41
XRFDmGrM,Rated Blitz tournament https://lichess.org/tournament/WYkYnRWN,Blitz,180+0,Serbin_AM,Acsie_Linog,1934,1998,,,HUMAN_vs_HUMAN,1-0,D15,29
uMoHW3Ao,Rated Blitz tournament https://lichess.org/tournament/WYkYnRWN,Blitz,180+0,miro1611,Foxfly,1896,1911,,,HUMAN_vs_HUMAN,1-0,B10,123
rzrzZjmC,Rated Blitz tournament https://lichess.org/tournament/WYkYnRWN,Blitz,180+0,Delmjo,DMTMATRIX,1834,1772,,,HUMAN_vs_HUMAN,0-1,B00,114
bRMKaSX6,Rated Blitz tournament https://lichess.org/tournament/WYkYnRWN,Blitz,180+0,Benja_gp,MachaditoconMalbec,2065,2002,,,HUMAN_vs_HUMAN,0-1,C17,78
hBoFPBbc,Rated Blitz tournament https://lichess.org/tournament/WYkYnRWN,Blitz,180+0,Andabarian,soryal2000,1824,1719,,,HUMAN_vs_HUMAN,1-0,C42,63
xIgZsjLw,Rated Blitz tournament https://lichess.org/tournament/WYkYnRWN,Blitz,180+0,andi1234,elro3b,1816,1867,,,HUMAN_vs_HUMAN,0-1,C00,76
JfbTdBvp,Rated UltraBullet game,UltraBullet,15+0,BrutalBishop31,Cat_in_hat,2055,2535,,,HUMAN_vs_HUMAN,0-1,A00,62
QPnn0oyV,Rated Blitz game,Blitz,300+0,Loni1984,Shetside,743,797,,,HUMAN_vs_HUMAN,1-0,C40,85
wFP8Jxz9,Rated Blitz game,Blitz,300+0,Viktys,carbo2000,1259,1259,,,HUMAN_vs_HUMAN,0-1,D45,34
0j3rmMHr,Rated Blitz game,Blitz,300+0,Sonnenkopp_TR,Bufan,2230,2199,,,HUMAN_vs_HUMAN,0-1,B12,62
HFbsvIvj,Rated Blitz game,Blitz,300+0,vov1s,DenisDurand,1324,1274,,,HUMAN_vs_HUMAN,1-0,C25,65
ZoHPAEj1,Rated Blitz game,Blitz,300+0,Nicolas_3535,alexthompson,1363,1374,,,HUMAN_vs_HUMAN,1-0,C50,45
QmZUcDfV,Rated Blitz game,Blitz,300+0,dartrogpep,sulkin60,1863,1854,,,HUMAN_vs_HUMAN,1-0,A21,99
ZRAUMo8A,Rated Blitz game,Blitz,300+0,johan7,Sergey1972,1783,1791,,,HUMAN_vs_HUMAN,1-0,D00,47
QGYq6tPx,Rated Blitz game,Blitz,300+0,mohamed22nabil22,Tengen67,2035,2021,,,HUMAN_vs_HUMAN,1-0,D00,77
WCoVxcE5,Rated Blitz game,Blitz,300+0,Christian59,cheto77,1724,1767,,,HUMAN_vs_HUMAN,0-1,D02,52
saPBW0dj,Rated Blitz game,Blitz,300+0,ijajr,WanderVeloso,1458,1408,,,HUMAN_vs_HUMAN,0-1,B30,102
lyfyc3l4,Rated Blitz game,Blitz,300+0,ryomivasalama3,Ibar99,1713,1719,,,HUMAN_vs_HUMAN,1-0,A40,59
uGqb4EBE,Rated Blitz game,Blitz,300+0,guru-11a,tripce66,1660,1663,,,HUMAN_vs_HUMAN,0-1,A20,58
g6bFzYrI,Rated Blitz game,Blitz,300+0,Fregantonio,Stegosaur,1489,1526,,,HUMAN_vs_HUMAN,0-1,C50,56
qzhzf2Dw,Rated Blitz game,Blitz,300+0,zwischenzuck,Thorsty,1962,2016,,,HUMAN_vs_HUMAN,0-1,B02,42
LEoG8Zfp,Rated Blitz game,Blitz,300+0,jadmahayni,fenixrising,1250,1183,,,HUMAN_vs_HUMAN,0-1,B06,54
OqEakYWo,Rated Blitz game,Blitz,300+0,pawnStar_takes_Queen,faruk5534,1101,1032,,,HUMAN_vs_HUMAN,0-1,A04,110
5vu8Zx6R,Rated Blitz game,Blitz,300+0,ThomasHardouin,KantianExegesis,1158,1158,,,HUMAN_vs_HUMAN,0-1,D00,68
iJuV5CE1,Rated Blitz game,Blitz,180+2,tede98,PauloJJ,1280,1265,,,HUMAN_vs_HUMAN,0-1,C60,28
qHMWDGLO,Rated Blitz game,Blitz,180+2,PeanutHouse,Tenisowy_szachista,1623,1556,,,HUMAN_vs_HUMAN,1-0,D00,29
6zPAHYz2,Rated Blitz game,Blitz,180+2,pacogarm,brocktane,1725,1694,,,HUMAN_vs_HUMAN,1-0,C43,191
dCrkm8oo,Rated Blitz game,Blitz,180+2,HZBilgi,Kamil65,1650,1637,,,HUMAN_vs_HUMAN,0-1,A41,40
ADoOyJYA,Rated Blitz game,Blitz,180+2,chris0001,Y_L228,1770,1774,,,HUMAN_vs_HUMAN,0-1,B18,60
TdxwyFAn,Rated Blitz game,Blitz,180+2,omarrustom12,Piklo05,1285,1231,,,HUMAN_vs_HUMAN,1-0,C77,11
kiA5Cr9n,Rated Blitz game,Blitz,180+2,VijayRaghava,MateSeguroo,1839,1824,,,HUMAN_vs_HUMAN,1-0,A45,87
RrCYdHp4,Rated Blitz game,Blitz,180+2,AjayRajput,asburunov,1495,1502,,,HUMAN_vs_HUMAN,0-1,B30,128
qYCUmwjD,Rated Blitz game,Blitz,180+2,discombobulated_esq,Stefannsn,1865,1864,,,HUMAN_vs_HUMAN,1-0,A01,65
h43C2n8r,Rated Blitz game,Blitz,180+2,Vavoulas,Shishkin_Misha,796,948,,,HUMAN_vs_HUMAN,1-0,C20,11
WAwrNK6P,Rated Blitz game,Blitz,180+2,honey_boo_boo,romeosGR,1399,1442,,,HUMAN_vs_HUMAN,0-1,C21,72
71GbYUAp,Rated Blitz game,Blitz,300+0,e_5k6,ClanMcRae,1125,1094,,,HUMAN_vs_HUMAN,1-0,C50,72
8iYUUGtr,Rated UltraBullet game,UltraBullet,15+0,EatThemAlive,TommyGunnnn,1877,1891,,,HUMAN_vs_HUMAN,1-0,A00,61
XeRyiQHi,Rated Bullet game,Bullet,60+0,cipocipo,Sailer900,2042,2061,,,HUMAN_vs_HUMAN,1-0,C48,57
doyoHkv5,Rated Bullet game,Bullet,60+0,Naanox,potatoes1234,1957,1954,,,HUMAN_vs_HUMAN,1-0,A00,33
D0MnNrzN,Rated Bullet game,Bullet,60+0,Info_HPE,stanfor,1530,1533,,,HUMAN_vs_HUMAN,0-1,A00,38
yDWy3vUn,Rated Bullet game,Bullet,60+0,kanarast,JuanPini,1605,1555,,,HUMAN_vs_HUMAN,0-1,C20,76
zPHIC37N,Rated Bullet game,Bullet,60+0,cxrloz2000,Elsanjuanino,1716,1662,,,HUMAN_vs_HUMAN,1-0,B01,61
UB4XBKpq,Rated Bullet game,Bullet,60+0,aaaChess_Salud,Ayar-27,1300,1310,,,HUMAN_vs_HUMAN,0-1,C55,66
UanZSSFr,Rated Bullet game,Bullet,60+0,elrikmelcom,Marco24117,1983,1976,,,HUMAN_vs_HUMAN,0-1,C20,62
ifFgURhl,Rated Bullet game,Bullet,60+0,MAT_B_F,speedymouse,2344,2346,,,HUMAN_vs_HUMAN,1-0,D00,61
1GqXlYBR,Rated Bullet game,Bullet,60+0,Cuerdas,Esteban06,2272,2306,,,HUMAN_vs_HUMAN,1-0,A48,55
6JTRaHwf,Rated Bullet game,Bullet,60+0,R_irrepressible,aliouuuw,1794,1922,,,HUMAN_vs_HUMAN,1-0,A10,59
uWtmefhu,Rated Bullet game,Bullet,60+0,jacksligma,J_Miller_GEGLW,1780,1781,,,HUMAN_vs_HUMAN,1-0,B10,39
NzFcJZ54,Rated Bullet game,Bullet,60+0,BrunoPsFoz,eltigre2000,1756,1778,,,HUMAN_vs_HUMAN,1-0,A40,59
KwrJ09mG,Rated Bullet game,Bullet,60+0,Nisaarge,Sebclaudius,1345,1366,,,HUMAN_vs_HUMAN,0-1,B01,46
jgzbjDbb,Rated Bullet game,Bullet,60+0,gruenesmonster,DmitryKhramov,1395,1384,,,HUMAN_vs_HUMAN,1-0,D02,85
mNhfk1St,Rated Bullet game,Bullet,60+0,plusminus13,Espresso777,1488,1494,,,HUMAN_vs_HUMAN,0-1,D32,40
gYmZ6iaw,Rated Bullet game,Bullet,60+0,Marcthon,RAVASA,1479,1464,,,HUMAN_vs_HUMAN,1-0,C25,59
zBdXhX1c,Rated Bullet game,Bullet,60+0,DownsParadox,OGMarlon,1547,1547,,,HUMAN_vs_HUMAN,0-1,D26,88
tXNLWjEZ,Rated Bullet game,Bullet,60+1,stenitz9,XeimarraDimas,1989,1892,,,HUMAN_vs_HUMAN,1-0,B34,73
YZUFccHW,Rated Bullet game,Bullet,60+0,KumarAMR33,houssemPX1,1606,1653,,,HUMAN_vs_HUMAN,0-1,A40,90
IQgWdWzm,Rated Blitz game,Blitz,300+3,Wolff818,RuppertHeim,761,896,,,HUMAN_vs_HUMAN,1-0,B00,47
4cmWPxVr,Rated Rapid game,Rapid,600+0,CaptainBishop,ojitosdemiel,1987,2019,,,HUMAN_vs_HUMAN,1-0,A40,44
ttMypH5z,Rated Rapid game,Rapid,600+0,Bloody_Wave,granddaddio,1198,1240,,,HUMAN_vs_HUMAN,0-1,C60,86
XbIcCHrt,Rated Rapid game,Rapid,600+0,Isaiah_Z,Aaymaan450,1278,1282,,,HUMAN_vs_HUMAN,1/2-1/2,C62,118
IjHFaaUE,Rated Rapid game,Rapid,600+0,Milman00,DeBiiSantoscoy20,1081,1020,,,HUMAN_vs_HUMAN,1-0,C44,79
CPrCJF23,Rated Rapid game,Rapid,600+0,Sutibun,Ivnmvd,1821,1930,,,HUMAN_vs_HUMAN,0-1,B08,52
isujgW8h,Rated Rapid game,Rapid,600+0,MauValad,Duszek87,1113,1149,,,HUMAN_vs_HUMAN,0-1,B01,96
LtiAMSp0,Rated Rapid game,Rapid,600+0,dmnsgb,Zopedago,1474,1364,,,HUMAN_vs_HUMAN,1-0,C11,30
w6xXeuFq,Rated Rapid game,Rapid,600+0,wu-mlng00,Zhamlai,871,796,,,HUMAN_vs_HUMAN,1-0,A40,71
6Xxnb3yf,Rated Rapid game,Rapid,600+0,muldaka,Roberto_Sarolo,1532,1571,,,HUMAN_vs_HUMAN,0-1,A40,68
AHDzHcyc,Rated Rapid game,Rapid,600+0,aasvayuj,ultrainstinct007,1603,1623,,,HUMAN_vs_HUMAN,1/2-1/2,B00,127
S2oKaByq,Rated Rapid game,Rapid,600+0,heinmir,Ville64,2067,2031,,,HUMAN_vs_HUMAN,0-1,A00,76
qo4ktfiE,Rated Rapid game,Rapid,600+0,cookienpc,nezooo,1521,1478,,,HUMAN_vs_HUMAN,0-1,D00,41
VIWM1k7y,Rated Rapid game,Rapid,600+0,ml1060,Gerwazy1000000,1500,1302,,,HUMAN_vs_HUMAN,0-1,A46,18
8eZzYECl,Rated Rapid game,Rapid,600+0,Denverbros,Puzzel123123,1705,1685,,,HUMAN_vs_HUMAN,0-1,C40,80
baVl6o2d,Rated Bullet game,Bullet,60+0,ElchapuCuba,rP9I3HbIe_TpycbI,2354,2349,,,HUMAN_vs_HUMAN,0-1,A85,60
SJX3tRP9,Rated Blitz game,Blitz,300+3,atkarpen,Bitenka,1633,1709,,,HUMAN_vs_HUMAN,0-1,C01,38
K7Dbff2C,Rated Blitz game,Blitz,300+3,JJALV,Sanchezfrq,1731,1748,,,HUMAN_vs_HUMAN,0-1,D02,36
5j69uLcR,Rated Blitz game,Blitz,300+3,Qwerty9876,Yos_Pons,1105,1126,,,HUMAN_vs_HUMAN,1-0,A45,25
O9UwXNIO,Rated Blitz game,Blitz,300+3,SandyCapivara,Ice97,1318,1324,,,HUMAN_vs_HUMAN,1-0,C25,103
ZLtdGAIc,Rated Blitz game,Blitz,300+3,Musanguri,malthe1234,1162,1253,,,HUMAN_vs_HUMAN,1-0,C50,87
sNbSM5vm,Rated Blitz game,Blitz,300+3,ejerciciosdetactica1,Rashadiks,1524,1514,,,HUMAN_vs_HUMAN,1-0,C42,56
J7ECDCzJ,Rated Blitz game,Blitz,300+3,Raftc,RedHeadHanamichi,1358,1340,,,HUMAN_vs_HUMAN,1-0,D02,77
7yjbY3LH,Rated Blitz game,Blitz,300+3,boomboomer,cfries,1504,1497,,,HUMAN_vs_HUMAN,1-0,C24,48
Wu9hE4lf,Rated Blitz game,Blitz,300+3,Murz1Kq,kxvmo,969,1021,,,HUMAN_vs_HUMAN,1-0,C41,53
ur9YcpOw,Rated Blitz game,Blitz,300+3,Rolandi,Sombrilla,1790,1923,,,HUMAN_vs_HUMAN,0-1,C48,72
9QbU7Rz4,Rated Blitz game,Blitz,300+3,Tschucklo,florenn,1309,1318,,,HUMAN_vs_HUMAN,1-0,C50,31
1ZvZQLLz,Rated Blitz game,Blitz,180+0,panplof,amohamed1,1658,1626,,,HUMAN_vs_HUMAN,0-1,B31,112
EzyNKcYG,Rated Bullet game,Bullet,120+1,Ayomipe,Dzuks45,836,846,,,HUMAN_vs_HUMAN,0-1,B01,72
Y3jKeSwA,Rated Bullet game,Bullet,120+1,Fantomass57,jkleebone,2042,1911,,,HUMAN_vs_HUMAN,0-1,A03,108
9yCqLZzE,Rated Bullet game,Bullet,120+1,balochok,berbs9,1400,1402,,,HUMAN_vs_HUMAN,0-1,C50,66
zcGQyVKB,Rated Bullet game,Bullet,120+1,dka42,xystic,1473,1490,,,HUMAN_vs_HUMAN,1-0,D37,32
R07IERWC,Rated Bullet game,Bullet,120+1,lodHad,IV23,1210,1194,,,HUMAN_vs_HUMAN,1-0,A40,81
hyJSzUnm,Rated Bullet game,Bullet,120+1,AhmedTanger,carcu777,1861,1807,,,HUMAN_vs_HUMAN,0-1,C50,66
80xOa9CG,Rated Bullet game,Bullet,120+1,BIG_BAMMER,Lucy-667-1,882,902,,,HUMAN_vs_HUMAN,1-0,A04,63
mbECOj4T,Rated Bullet game,Bullet,120+1,MartinAlbamonte,hkankhrmn,1469,1461,,,HUMAN_vs_HUMAN,1-0,A02,49
4mSuXT2H,Rated Bullet game,Bullet,120+1,ANI70,Fernandojb,1409,1454,,,HUMAN_vs_HUMAN,0-1,B30,58
i210xIBM,Rated Bullet game,Bullet,120+1,BobLam,Memso1981,1507,1531,,,HUMAN_vs_HUMAN,1-0,D53,55
axJNl4Bb,Rated Bullet game,Bullet,120+1,belayaliniya04,MuhaPoCentru,2081,1937,,,HUMAN_vs_HUMAN,1-0,D03,83
reBimjCl,Rated Bullet game,Bullet,120+1,salzhering,byqqu,1783,1723,,,HUMAN_vs_HUMAN,0-1,D04,26
n6dwmYys,Rated Bullet game,Bullet,120+1,Artem1978,Herr_Keuner,1553,1621,,,HUMAN_vs_HUMAN,1-0,C00,69
cRKvhNfz,Rated Blitz game,Blitz,180+2,eltawab,Cafuringa,1833,1884,,,HUMAN_vs_HUMAN,0-1,C23,74
juMKekDn,Rated UltraBullet game,UltraBullet,15+0,JohnGolt,biqshaq,1848,1752,,,HUMAN_vs_HUMAN,1-0,A51,97
QDDFJeZQ,Rated Blitz game,Blitz,180+0,mrymdg,Teikiribati,1684,1740,,,HUMAN_vs_HUMAN,0-1,D02,42
tBxYk2dr,Rated Blitz game,Blitz,180+0,RichardKimRediang,IndianArmyFam,1593,1573,,,HUMAN_vs_HUMAN,1-0,B30,23
lS39J99m,Rated Blitz game,Blitz,180+0,hussam20,texwiller70,1559,1571,,,HUMAN_vs_HUMAN,0-1,A05,65
LygEkd8h,Rated Blitz game,Blitz,180+0,diabbakro,sova777sv,1285,1308,,,HUMAN_vs_HUMAN,0-1,C20,6
kmgc3RJ1,Rated Blitz game,Blitz,180+0,Panasonic92,georgiadisale,2139,2105,,,HUMAN_vs_HUMAN,1-0,D52,51
IskS3Cux,Rated Blitz game,Blitz,180+0,izov,NECRO-7,2011,2038,,,HUMAN_vs_HUMAN,0-1,D08,56
BAy1NFc0,Rated Blitz game,Blitz,180+0,MNettoo,WinMeAndRun,1895,1793,,,HUMAN_vs_HUMAN,1-0,B50,117
BjTiCl1N,Rated Blitz game,Blitz,180+0,Mouseslip101,DDF-22,2233,2192,,,HUMAN_vs_HUMAN,0-1,B93,110
DsqJNKjc,Rated Blitz game,Blitz,180+0,Lasker84,TheCrazyGambit,1984,1969,,,HUMAN_vs_HUMAN,1-0,D06,67
JTcu6icy,Rated Blitz game,Blitz,180+0,JLRHei,Evgeny760127,2379,2331,NM,,HUMAN_vs_HUMAN,1-0,D77,109
UpvPAqrt,Rated Blitz game,Blitz,180+0,loreleitos,TrueNimzoblitz,2067,2078,,,HUMAN_vs_HUMAN,1-0,B02,101
Y3l13hLz,Rated Blitz game,Blitz,180+0,Originalgd05,drestevan,1847,1874,,,HUMAN_vs_HUMAN,1-0,B10,39
kCZgeyYm,Rated Blitz game,Blitz,180+0,jaquetedoy,the_masterinvencible,2083,2085,,,HUMAN_vs_HUMAN,0-1,C29,100
td5Sn51k,Rated Blitz game,Blitz,180+0,meminfil,Aghzal,1081,1009,,,HUMAN_vs_HUMAN,0-1,C23,78
gYCttISq,Rated Blitz game,Blitz,180+0,Barry_Allen1,Nundhaki,1926,1920,,,HUMAN_vs_HUMAN,0-1,D00,52
NOaSmzbY,Rated Rapid game,Rapid,900+0,Shavokh,mamikr,1492,1474,,,HUMAN_vs_HUMAN,1-0,C57,17
uWd8TvIF,Rated Bullet game,Bullet,60+0,Ronianian,salapur,1464,1396,,,HUMAN_vs_HUMAN,0-1,A40,56
FDAmSSmR,Rated Bullet game,Bullet,60+0,benkanstein,AdrianCotirta,1731,1755,,,HUMAN_vs_HUMAN,0-1,B30,36
Ve4vsFyk,Rated Bullet game,Bullet,60+0,andrew65666,EberhardtITC,1513,1529,,,HUMAN_vs_HUMAN,1-0,A00,73
LBLhyEGM,Rated Bullet game,Bullet,60+0,generalistsam,bop66,1928,1944,,,HUMAN_vs_HUMAN,0-1,D06,102
fhE9AcTH,Rated Blitz game,Blitz,180+0,sematunc,filo_osama,1581,1580,,,HUMAN_vs_HUMAN,0-1,D02,46
mYNm4XmA,Rated Blitz game,Blitz,180+0,xxxxx325,aleatoriochess,1545,1579,,,HUMAN_vs_HUMAN,0-1,B01,70
hSmgwdlX,Rated Blitz game,Blitz,180+0,knightsteven,DavidCarreon,1874,1796,,,HUMAN_vs_HUMAN,1-0,A80,57
EWZGC0w6,Rated Blitz game,Blitz,180+0,zteam,kirsha333,2051,2042,,,HUMAN_vs_HUMAN,1/2-1/2,A03,90
dq2Yh3ML,Rated Blitz game,Blitz,180+0,ACXORUM,Blackk-knight,1714,1730,,,HUMAN_vs_HUMAN,0-1,B06,96
q7PvVz1M,Rated Blitz game,Blitz,180+0,son_of_daniel,R3puLsiv3,1914,1921,,,HUMAN_vs_HUMAN,0-1,D32,102
1lI4qbb4,Rated Blitz game,Blitz,180+0,suffocate_legend,Dralsaadi,1924,1985,,,HUMAN_vs_HUMAN,1-0,B20,68
S0XmSBDG,Rated Blitz game,Blitz,180+0,bennyspal,sir_medievil,1214,1204,,,HUMAN_vs_HUMAN,1/2-1/2,C41,109
aruDifae,Rated Blitz game,Blitz,180+0,movesofnorway,tmarti1,1414,1382,,,HUMAN_vs_HUMAN,0-1,B30,62
6pNQSoba,Rated Blitz game,Blitz,180+0,ServoStar,Kilroy2018,1840,1854,,,HUMAN_vs_HUMAN,0-1,A40,92
qGVEWPdX,Rated Blitz game,Blitz,180+0,victorpg6489,Heleatunda,1710,1662,,,HUMAN_vs_HUMAN,1-0,B32,141
OIMnil5D,Rated Blitz game,Blitz,180+0,Chesareo,duliomarcio,1236,1302,,,HUMAN_vs_HUMAN,0-1,A40,12
yMNGUk4O,Rated Blitz game,Blitz,180+0,highjimi,Dixon1213,1589,1592,,,HUMAN_vs_HUMAN,1-0,C25,43
8n33NrVP,Rated Blitz game,Blitz,180+0,wilfredologo,BurningWinds,1811,1804,,,HUMAN_vs_HUMAN,1-0,D06,90
BkbHN2jD,Rated Blitz game,Blitz,180+0,AhmedElboghdady,Gatt_o,903,905,,,HUMAN_vs_HUMAN,1-0,B00,93
gMOAPnbC,Rated Blitz game,Blitz,180+0,simbavip,MQVDAVID,2039,2026,,,HUMAN_vs_HUMAN,1-0,D00,15
py0Ql0jQ,Rated Blitz game,Blitz,180+0,davidp1995,zoroastru,1889,1877,,,HUMAN_vs_HUMAN,0-1,A02,88
c9z0c3Jj,Rated Bullet game,Bullet,60+0,shabayan,xkraltr123,2280,2351,,,HUMAN_vs_HUMAN,1-0,B01,45
xO5Mvtmk,Rated Rapid game,Rapid,900+0,RogerioTavares,vwleon,1935,1634,,,HUMAN_vs_HUMAN,1-0,D20,45
uxeEEzw6,Rated Rapid tournament https://lichess.org/tournament/PFv7obel,Rapid,600+0,An_mary84,tata111,1473,1626,,,HUMAN_vs_HUMAN,1-0,D00,121
NskLe9RW,Rated Blitz tournament https://lichess.org/tournament/DAthlqDF,Blitz,180+1,Cruzeiro5,AlekhineFicher,1679,2075,,,HUMAN_vs_HUMAN,0-1,B12,84
Go8Rxy1h,Rated Blitz tournament https://lichess.org/tournament/dnXACD3Z,Blitz,300+0,Alfred28,H_Amin,2046,2127,,,HUMAN_vs_HUMAN,0-1,C46,86
Cym71Zuj,Rated Blitz tournament https://lichess.org/tournament/dnXACD3Z,Blitz,300+0,OneTyredDownhiller,z52,1984,1994,,,HUMAN_vs_HUMAN,0-1,A43,44
NNlF2dbo,Rated Blitz tournament https://lichess.org/tournament/dnXACD3Z,Blitz,300+0,Ampliy,JLasker75,1904,1891,,,HUMAN_vs_HUMAN,0-1,B06,60
urR4fDNx,Rated Blitz tournament https://lichess.org/tournament/dnXACD3Z,Blitz,300+0,PopovVN,Murlinus,1730,1809,,,HUMAN_vs_HUMAN,1-0,B00,77
5HzZi3Mp,Rated Blitz tournament https://lichess.org/tournament/dnXACD3Z,Blitz,300+0,Csoldier,thebuckers,1525,1463,,,HUMAN_vs_HUMAN,0-1,B01,52
Ooq4kg1P,Rated Bullet tournament https://lichess.org/tournament/NjqxcevP,Bullet,60+0,IVANMARTINEZ,Alexey_Iwarovsky,1797,2392,,,HUMAN_vs_HUMAN,0-1,A03,86
iwgH5OCZ,Rated Bullet tournament https://lichess.org/tournament/NjqxcevP,Bullet,60+0,valorenprueba,Alan25003,1787,1516,,,HUMAN_vs_HUMAN,0-1,A05,36
3Ix7Jpu3,Rated Blitz game,Blitz,180+2,winti-turm,big_bang1984,2217,2169,,,HUMAN_vs_HUMAN,1-0,D43,55
Vak8RDL8,Rated Bullet game,Bullet,60+0,zofuree,Arieltf74,1965,1980,,,HUMAN_vs_HUMAN,1-0,A01,133
jDLOtQH7,Rated Blitz game,Blitz,180+0,djilouadou22,zinakisa,1954,1916,,,HUMAN_vs_HUMAN,1-0,A40,99
NAJMG5oB,Rated Rapid game,Rapid,900+10,marlon-sambeca,Adrien8216,977,1032,,,HUMAN_vs_HUMAN,0-1,C24,24
0YGJOJdL,Rated Rapid game,Rapid,900+10,KarpovWannabe,round_square,1566,1627,,,HUMAN_vs_HUMAN,0-1,B87,52
oqi6X6Iw,Rated Rapid game,Rapid,900+10,bster,GoldVividWater,1072,1131,,,HUMAN_vs_HUMAN,0-1,C20,48
r1HrtSoO,Rated Rapid game,Rapid,600+0,Masbaka,inannn1,949,992,,,HUMAN_vs_HUMAN,0-1,C42,78
F0DM3s8r,Rated Rapid game,Rapid,600+0,smurfimarjad,denys588,1395,1398,,,HUMAN_vs_HUMAN,1-0,C41,67
clvZGVQf,Rated Rapid game,Rapid,600+0,kennyserx,tuncay41,728,888,,,HUMAN_vs_HUMAN,0-1,C20,50
0E1An9pF,Rated Rapid game,Rapid,600+0,aturhan03,chess_alex1968,1443,1535,,,HUMAN_vs_HUMAN,0-1,C25,102
lW3hxDTD,Rated Rapid game,Rapid,600+0,Malungo,rignatov1953,1846,1844,,,HUMAN_vs_HUMAN,0-1,D00,66
PiAyAr7r,Rated Rapid game,Rapid,600+0,abdelaty23,AlejandroVelaMX,1390,1343,,,HUMAN_vs_HUMAN,1-0,A45,45
xr15PRfJ,Rated Rapid game,Rapid,600+0,reginalouise,wolffmr_les,1366,1351,,,HUMAN_vs_HUMAN,1-0,B20,95
v1lbvSiI,Rated Rapid game,Rapid,600+0,pajaro58,sardinia,1497,1503,,,HUMAN_vs_HUMAN,1-0,C23,119
JtjDSVtP,Rated Rapid game,Rapid,600+0,bob177,Indeeshwar_Sankar,1737,1794,,,HUMAN_vs_HUMAN,0-1,D02,56
88qZtCDT,Rated Rapid game,Rapid,600+0,Nam_23,alima55,1077,1011,,,HUMAN_vs_HUMAN,1-0,D02,3
4wcmfWqL,Rated Rapid game,Rapid,600+0,eremichevroman,Seric1503,1274,1250,,,HUMAN_vs_HUMAN,1-0,C00,61
Z7kdZSjM,Rated Bullet game,Bullet,60+0,mohit0027,josecorcinox,1530,1588,,,HUMAN_vs_HUMAN,1/2-1/2,B00,78
XdYzvKXE,Rated Bullet game,Bullet,60+0,EyeKey29,Foccusntrate,1905,1908,,,HUMAN_vs_HUMAN,0-1,C00,80
1LCAcqQr,Rated Bullet game,Bullet,60+0,matsuoka1,timhq,1851,1855,,,HUMAN_vs_HUMAN,0-1,C10,70
XnajNv0c,Rated Bullet game,Bullet,60+0,tugabito,RabieLS2500,2022,2046,,,HUMAN_vs_HUMAN,0-1,A56,98
BSmnCXF4,Rated Bullet game,Bullet,60+0,Gaemcs14,ibroo_jay,1657,1601,,,HUMAN_vs_HUMAN,0-1,A40,82
RYmruAYy,Rated Bullet game,Bullet,60+0,kabo239,DorianTelsa0,2056,2062,,,HUMAN_vs_HUMAN,1-0,A00,103
lJkAsyZW,Rated Bullet game,Bullet,60+0,Michel_C20,ajedrezdemaestro,2230,2221,,,HUMAN_vs_HUMAN,0-1,C00,50
K2AJqRtu,Rated Bullet game,Bullet,60+0,impro61,Satish1655,1945,1953,,,HUMAN_vs_HUMAN,0-1,A43,42
epbVN1NH,Rated Bullet game,Bullet,60+0,MolisanoVolante,As1974,2227,2229,,,HUMAN_vs_HUMAN,0-1,A11,84
UeFdPVYM,Rated Bullet game,Bullet,60+0,dullerafluenzer,yoskm,1696,1664,,,HUMAN_vs_HUMAN,0-1,A00,62
Z9FQUtoq,Rated Bullet game,Bullet,60+0,Budai1986,lojtari-shahut,2128,2121,,,HUMAN_vs_HUMAN,0-1,B06,90
16TvnGGK,Rated Bullet game,Bullet,60+0,jlx96,Colombiano2020,1766,1762,,,HUMAN_vs_HUMAN,0-1,B06,96
CnHhVce5,Rated Bullet game,Bullet,60+0,Owelien,sirnihilbactor,1349,1408,,,HUMAN_vs_HUMAN,0-1,B01,62
oWgr2Zpx,Rated Bullet game,Bullet,60+0,Hokusai58,Ahmedibrahim11EEE,1312,1327,,,HUMAN_vs_HUMAN,0-1,B01,74
IKuISAuJ,Rated Bullet game,Bullet,60+0,millennialmale,foofleman,1085,1209,,,HUMAN_vs_HUMAN,0-1,A00,50
zZChi8Az,Rated Bullet game,Bullet,60+0,byud08,Gwarzo2,2074,2083,,,HUMAN_vs_HUMAN,0-1,B22,118
kyc5t4Ce,Rated Bullet game,Bullet,60+0,pippo_pelo,Sazame23,1818,1810,,,HUMAN_vs_HUMAN,0-1,B20,38
ltXDQ9DO,Rated Bullet game,Bullet,0+4,Gmonies89,Alexandre99999,1328,1420,,,HUMAN_vs_HUMAN,0-1,B21,68
3sNqceon,Rated Blitz game,Blitz,180+0,wilsonorellana_elite,AguMonta,1887,1884,,,HUMAN_vs_HUMAN,0-1,D02,98
pgWiXjOq,Rated Blitz game,Blitz,180+0,FI123581321,Bing_Chilling77,1620,1625,,,HUMAN_vs_HUMAN,1-0,A43,87
g9CsRQCF,Rated Blitz game,Blitz,180+0,AntonChigurh1,Cciyasar,1883,1852,,,HUMAN_vs_HUMAN,0-1,A04,60
VtFnEEZr,Rated Blitz game,Blitz,180+0,chadli,RatusCriminalis,1630,1633,,,HUMAN_vs_HUMAN,1-0,C00,113
J6E4qKMI,Rated Bullet game,Bullet,60+0,zavidsky,ivan_siu,1011,1076,,,HUMAN_vs_HUMAN,0-1,A48,42
5OfVDgQr,Rated Bullet game,Bullet,60+0,Marshall_Williams,Naynn9,1457,1461,,,HUMAN_vs_HUMAN,0-1,B10,76
71Z60xCM,Rated Bullet game,Bullet,60+0,Giangiuca,yansg,1180,1310,,,HUMAN_vs_HUMAN,0-1,C00,54
Y5GQ9C4J,Rated Bullet game,Bullet,60+0,alexander6333,strategosautokrator,1919,1953,,,HUMAN_vs_HUMAN,0-1,C01,36
12bLBO2C,Rated Bullet game,Bullet,60+0,Annesara,FrankAgter,2221,2374,,,HUMAN_vs_HUMAN,1/2-1/2,A40,103
aiJLhYV4,Rated Bullet game,Bullet,60+0,paul_gasol,sprakky,1430,1363,,,HUMAN_vs_HUMAN,1-0,A06,53
mzHqA8YI,Rated Bullet game,Bullet,60+0,Eliot_Robbins,PatitoPatozo,1843,1796,,,HUMAN_vs_HUMAN,1-0,A40,69
GCSyN2LG,Rated Bullet game,Bullet,60+0,ElvisWalsh,manIlovtrees,1757,1746,,,HUMAN_vs_HUMAN,1-0,A04,12
GLTb49uH,Rated Bullet game,Bullet,60+0,Christianvela,kurzmarlbororott,1633,1635,,,HUMAN_vs_HUMAN,0-1,B06,82
em2Z5hsg,Rated Bullet game,Bullet,60+0,protozoa2019,MaiorDaMinhaAldeia,1683,1715,,,HUMAN_vs_HUMAN,0-1,B20,78
86yUo5g1,Rated Bullet game,Bullet,60+0,varudoy,ber1390,596,493,,,HUMAN_vs_HUMAN,1-0,B00,27
cyHRC5wc,Rated Bullet game,Bullet,60+0,samu0723,thistefanelli,1528,1571,,,HUMAN_vs_HUMAN,0-1,B00,90
j8JLakLr,Rated Bullet game,Bullet,60+0,checkmeck9,JotaSalva,1383,1361,,,HUMAN_vs_HUMAN,1-0,B01,61
qE9C3Djy,Rated Bullet game,Bullet,60+0,Purple_Cloud,ronyboy,1491,1512,,,HUMAN_vs_HUMAN,1-0,D20,33
dhXhA9Bi,Rated Bullet game,Bullet,60+0,Chicho1000,Inanc1,1453,1448,,,HUMAN_vs_HUMAN,1-0,B00,31
wHlk0e8a,Rated Bullet game,Bullet,60+0,Kander_Eshkan,p0p1c,1445,1440,,,HUMAN_vs_HUMAN,0-1,A02,6
ttXsWBCZ,Rated Bullet game,Bullet,60+0,DrCooool,zaak87,2075,2173,,,HUMAN_vs_HUMAN,0-1,A00,78
i4pfKmSF,Rated Bullet game,Bullet,60+0,masterperm,peru12345,1881,1909,,,HUMAN_vs_HUMAN,1-0,A00,79
j65UrAal,Rated Blitz game,Blitz,180+2,solrac1985,GiuRecu,1779,1763,,,HUMAN_vs_HUMAN,1-0,C41,65
MkLR4p8d,Rated Rapid game,Rapid,600+3,Minttttt,maia1,1493,1494,,BOT,HUMAN_vs_BOT,1-0,C66,23
EW3smykX,Rated Rapid game,Rapid,900+10,maia9,werstty,1706,1734,BOT,,HUMAN_vs_BOT,1-0,A80,31
8e1Rc2uS,Rated Blitz game,Blitz,180+1,Phalanx-XXV,the_marcus,2394,1701,BOT,,HUMAN_vs_BOT,1-0,E10,181
WOXmpJW9,Rated Bullet game,Bullet,60+1,Botyuliirma,torombot,2943,2961,BOT,,HUMAN_vs_BOT,1/2-1/2,B03,101
5U8mZbhE,Rated Blitz game,Blitz,300+3,maia1,Gelllon,1399,1338,BOT,,HUMAN_vs_BOT,0-1,C21,44
2ms3f44d,Rated Bullet game,Bullet,60+0,Engineer_Chess,maia5,1045,1573,,BOT,HUMAN_vs_BOT,0-1,B52,46
GnrKqwlF,Rated Rapid game,Rapid,600+5,maia1,RurruHH,1494,1542,BOT,,HUMAN_vs_BOT,0-1,C00,118
UfZT9gZq,Rated Blitz game,Blitz,180+1,torbot_v2,BOT-Feline,2927,2929,,BOT,HUMAN_vs_BOT,1/2-1/2,C67,87
8meuTsW1,Rated Bullet game,Bullet,60+0,HIDDEN_BLOODINES,maia1,1378,1401,,BOT,HUMAN_vs_BOT,1-0,C57,17
q7tDz93F,Rated Bullet game,Bullet,60+0,maia1,HIDDEN_BLOODINES,1396,1388,BOT,,HUMAN_vs_BOT,0-1,C55,92
B3GSRLzX,Rated Bullet game,Bullet,60+1,zagreus_engine,halcyonbot,2236,2244,,BOT,HUMAN_vs_BOT,0-1,B30,156
TodGHZWW,Rated Blitz game,Blitz,300+3,maia1,Gelllon,1393,1342,BOT,,HUMAN_vs_BOT,1-0,A04,89
Vke0NtUU,Rated Bullet game,Bullet,60+1,sun_bird,halcyonbot,2070,2244,,BOT,HUMAN_vs_BOT,0-1,A40,40
JYTcBcQf,Rated Bullet game,Bullet,60+0,fhrstw,simpleEval,1229,2264,,BOT,HUMAN_vs_BOT,0-1,D37,42
ZWfDVQbj,Rated Rapid game,Rapid,600+3,Minttttt,maia1,1496,1494,,BOT,HUMAN_vs_BOT,1-0,E70,49
ts4Ocvhi,Rated Bullet game,Bullet,60+0,fhrstw,simpleEval,1229,2264,,BOT,HUMAN_vs_BOT,0-1,A30,56
wlPTxYqi,Rated Bullet game,Bullet,60+0,simpleEval,fhrstw,2264,1229,BOT,,HUMAN_vs_BOT,1-0,B08,61
DVaMJWXs,Rated Rapid game,Rapid,900+10,maia1,cb2859,1494,1504,BOT,,HUMAN_vs_BOT,0-1,C02,94
r9IpgCrq,Rated Bullet game,Bullet,60+0,maia1,Engineer_Chess,1390,1045,BOT,,HUMAN_vs_BOT,1/2-1/2,B13,66
uPqNW75L,Rated Bullet game,Bullet,60+0,fhrstw,simpleEval,1229,2264,,BOT,HUMAN_vs_BOT,0-1,A84,54
ieCf0XSP,Rated Blitz game,Blitz,300+3,maia1,dwnwrdhvnwrd,1393,1518,BOT,,HUMAN_vs_BOT,0-1,D02,90
3lcYPcEh,Rated Bullet game,Bullet,60+0,simpleEval,fhrstw,2264,1229,BOT,,HUMAN_vs_BOT,1-0,A00,73
F7ROQn27,Rated Bullet game,Bullet,60+1,torombot,ResoluteBot,2961,2950,,BOT,HUMAN_vs_BOT,1/2-1/2,A20,134
EbUQNDq1,Rated Blitz game,Blitz,120+5,maia1,lokkkrrd,1393,862,BOT,,HUMAN_vs_BOT,1/2-1/2,B00,32
BQF5NfIA,Rated Rapid game,Rapid,600+5,maia1,rurruhh,1483,1545,BOT,,HUMAN_vs_BOT,1-0,C02,43
lBsCfhOe,Rated Blitz game,Blitz,120+5,lokkkrrd,maia1,865,1387,,BOT,HUMAN_vs_BOT,0-1,A40,53
tjKXrQvP,Rated Rapid game,Rapid,480+1,blundar_bot,yobot_v2,2876,2932,BOT,,HUMAN_vs_BOT,1/2-1/2,C67,120
dg9Mu0T5,Rated Rapid game,Rapid,600+5,Nakshatra3,tfgbot,2276,2383,BOT,,HUMAN_vs_BOT,0-1,C96,124
UhGPMbAl,Rated Blitz game,Blitz,300+2,the_marcus,melsh_bot,1700,1560,,BOT,HUMAN_vs_BOT,1-0,B00,117
igWNmQ51,Rated Blitz game,Blitz,120+5,maia1,lokkkrrd,1393,865,BOT,,HUMAN_vs_BOT,1-0,A00,21
fspwiJWt,Rated Bullet game,Bullet,120+1,ruffianlywaves,Humaia,1924,1682,,BOT,HUMAN_vs_BOT,1-0,C44,79
ujFcZI03,Rated Rapid game,Rapid,600+5,maia1,lokkkrrd,1483,1074,BOT,,HUMAN_vs_BOT,1-0,A46,27
EzZivMwm,Rated Blitz game,Blitz,180+3,simpleeval,CPU2006,2287,2754,,BOT,HUMAN_vs_BOT,0-1,A00,100
YYFOaKRn,Rated Bullet game,Bullet,120+1,torombot,BOT-Feline,2961,2964,,BOT,HUMAN_vs_BOT,1/2-1/2,A20,64
YeBIpYU2,Rated Bullet game,Bullet,60+0,Engineer_Chess,maia5,1047,1573,,BOT,HUMAN_vs_BOT,0-1,B30,34
6SCxrfH3,Rated Bullet game,Bullet,120+1,ruffianlywaves,Humaia,1927,1679,,BOT,HUMAN_vs_BOT,1-0,B20,85
6IW6KuQ9,Rated Blitz game,Blitz,180+0,maia5,PICKERFINDER15,1467,1103,BOT,,HUMAN_vs_BOT,1-0,B01,9
FwIktV47,Rated Blitz game,Blitz,300+3,Gelllon,maia1,1339,1390,,BOT,HUMAN_vs_BOT,1-0,D00,167
62W1O9NM,Rated Blitz game,Blitz,180+0,maia5,PICKERFINDER15,1468,1103,BOT,,HUMAN_vs_BOT,1-0,A06,13
XAxbwhGZ,Rated Bullet game,Bullet,60+0,maia5,Engineer_Chess,1574,1047,BOT,,HUMAN_vs_BOT,1-0,D00,37
5OcwuRvP,Rated Blitz game,Blitz,180+0,DragonBOT-77,torombot,2918,2921,BOT,,HUMAN_vs_BOT,1/2-1/2,A43,168
me47DrUw,Rated Bullet game,Bullet,120+1,Humaia,ruffianlywaves,1677,1929,BOT,,HUMAN_vs_BOT,0-1,B10,84
Tlzxi6qu,Rated Blitz game,Blitz,180+1,simbelmyne-bot,jpg-bot,2025,2001,,BOT,HUMAN_vs_BOT,1-0,B23,55
iq3zsZvf,Rated Classical game,Classical,1800+0,SEMOVERLASPIEZAS,Boris-Trapsky,1462,2071,,BOT,HUMAN_vs_BOT,0-1,A00,2
2XlJ92QP,Rated Bullet game,Bullet,60+2,why_this_bot_exists,FantacticEman,2939,2926,,BOT,HUMAN_vs_BOT,1/2-1/2,C83,85
QZluhCVz,Rated Classical game,Classical,600+30,PaulBonomi,maia1,1606,1541,,BOT,HUMAN_vs_BOT,1-0,A03,105
48Z2uRVY,Rated Bullet game,Bullet,120+1,ruffianlywaves,Humaia,1931,1675,,BOT,HUMAN_vs_BOT,1-0,A00,105
jdBejOZl,Rated Blitz game,Blitz,300+3,jay312,imbroglio24,1497,1519,,,HUMAN_vs_HUMAN,0-1,A00,46
evYay26P,Rated Blitz game,Blitz,180+0,euwe1000,AlejandroFernandez,2143,2201,,,HUMAN_vs_HUMAN,1/2-1/2,C61,77
Jp5XDmNH,Rated Blitz game,Blitz,300+3,charlesjohnsmith,Dennis45,1767,1799,,,HUMAN_vs_HUMAN,1-0,B38,83
prDNqyNe,Rated Blitz game,Blitz,300+3,shundukov,KokkkenTor,888,858,,,HUMAN_vs_HUMAN,0-1,D20,8
rUd4jQs5,Rated Blitz game,Blitz,300+3,JanakJani,alf115,1664,1670,,,HUMAN_vs_HUMAN,0-1,D32,58
mDPjgZI7,Rated Blitz game,Blitz,300+3,peonralista,talvalera,2014,2029,,,HUMAN_vs_HUMAN,1-0,B41,47
Fwssfprj,Rated Blitz game,Blitz,300+3,Jose39,wdupcamkaszanke,1125,1219,,,HUMAN_vs_HUMAN,0-1,B10,52
BjffVWiE,Rated Blitz game,Blitz,300+3,tasimeh,johnp101,1056,1041,,,HUMAN_vs_HUMAN,1-0,C20,63
coapJCby,Rated Blitz game,Blitz,300+3,sipoo,MFAx99,1131,1054,,,HUMAN_vs_HUMAN,0-1,C47,44
NVYqRTPi,Rated Blitz game,Blitz,300+3,Alek198011,cemejeal,1418,1344,,,HUMAN_vs_HUMAN,0-1,D02,168
WZoOERak,Rated Blitz game,Blitz,300+3,Grigori0910,MOROCCANFIANCHETTO,1910,1983,,,HUMAN_vs_HUMAN,0-1,B20,94
2edGOimR,Rated Blitz game,Blitz,300+3,chester13z,moahamd,783,733,,,HUMAN_vs_HUMAN,0-1,B01,18
gULkBYam,Rated Blitz game,Blitz,300+3,Liloe999,tal-style76,2033,2139,,,HUMAN_vs_HUMAN,0-1,B01,150
PwaSUajD,Rated Blitz game,Blitz,300+3,medalla,Nikolay-70,1806,1822,,,HUMAN_vs_HUMAN,0-1,B01,16
A9bCzXci,Rated Blitz game,Blitz,300+0,thequota,prestsauce,1575,1606,,,HUMAN_vs_HUMAN,0-1,A01,66
a4BjXzwW,Rated Blitz game,Blitz,180+2,Al_BundyZG,Gerojmclava,2296,2325,,,HUMAN_vs_HUMAN,1-0,D53,74
WMSQbIVV,Rated Rapid game,Rapid,600+0,CrazySalle,Drilling_Spec,1736,1730,,,HUMAN_vs_HUMAN,0-1,B01,130
lYgZOxN6,Rated Rapid game,Rapid,600+0,hammadrv,timur0606,1596,1534,,,HUMAN_vs_HUMAN,0-1,A00,118
5tPMImLb,Rated Rapid game,Rapid,600+0,snrao6434,beercz,1244,1309,,,HUMAN_vs_HUMAN,0-1,C41,24
wjteV9hE,Rated Rapid game,Rapid,600+0,Dlastboardbender,edvsr,1702,1599,,,HUMAN_vs_HUMAN,1-0,C28,71
GboIhDOv,Rated Rapid game,Rapid,600+0,aricelik,rezaazad2001,1573,1561,,,HUMAN_vs_HUMAN,0-1,C00,66
NduV8fa4,Rated Rapid game,Rapid,600+0,Coldsand_Sr,pipechess770,1428,1367,,,HUMAN_vs_HUMAN,1-0,C50,13
vPnpgaDq,Rated Rapid game,Rapid,600+0,nickmeehan,flores280,1084,1147,,,HUMAN_vs_HUMAN,1-0,B01,117
C4vaMLmN,Rated Rapid game,Rapid,600+0,sheihab,Ocean_eyes354,1952,1911,,,HUMAN_vs_HUMAN,1-0,A04,87
Yp3sNmiw,Rated Rapid game,Rapid,600+0,Landucci957,DannyGloverJr,1212,1176,,,HUMAN_vs_HUMAN,0-1,C40,24
6smtLl29,Rated Rapid game,Rapid,600+0,viktor1944,GrandMasterDavis93,1367,1398,,,HUMAN_vs_HUMAN,0-1,D02,16
BI0O6HXK,Rated Rapid game,Rapid,600+0,majed222,wycliff256,1743,1802,,,HUMAN_vs_HUMAN,1-0,C50,41
Z8FfPcU5,Rated Rapid game,Rapid,600+0,manoo29,yudee,1859,1889,,,HUMAN_vs_HUMAN,0-1,C45,100
77gyObMM,Rated Rapid game,Rapid,600+0,Protik_Raihan,Danir577,1979,1967,,,HUMAN_vs_HUMAN,1-0,A40,49
BHB5puwJ,Rated Blitz game,Blitz,180+2,gameshot_35,Mohamed1988satti,1493,1488,,,HUMAN_vs_HUMAN,0-1,E51,44
kaktCz6m,Rated Blitz game,Blitz,180+2,marchellotapia,Martini7,1537,1538,,,HUMAN_vs_HUMAN,0-1,B30,74
d8Vsm05j,Rated Blitz game,Blitz,180+2,villarrealluzardo1,fefas,1633,1689,,,HUMAN_vs_HUMAN,1-0,B40,54
4r8HaB1P,Rated Blitz game,Blitz,180+2,Gefluegelzange,hpasaetrab,2100,2092,,,HUMAN_vs_HUMAN,1-0,B02,49
itchjoPI,Rated Blitz game,Blitz,180+2,rueda,ATARU70,1855,1788,,,HUMAN_vs_HUMAN,1-0,B06,41
h3QhtyhU,Rated Blitz game,Blitz,180+2,mosahib,vetty,1330,1399,,,HUMAN_vs_HUMAN,1-0,B00,15
1HAxpfNg,Rated Blitz game,Blitz,180+2,xasankulu,Azad199,2068,2010,,,HUMAN_vs_HUMAN,1-0,E81,69
vTTaqFC7,Rated Blitz game,Blitz,180+2,LeBleuet,kombardo,1690,1818,,,HUMAN_vs_HUMAN,1-0,A20,43
NsvLYWKL,Rated Blitz game,Blitz,180+2,grivasdan,Omar_Koniahli,1923,1903,,,HUMAN_vs_HUMAN,1-0,C44,97
dRYJNrTL,Rated Blitz game,Blitz,180+2,doudoute,Antonio8989,1609,1574,,,HUMAN_vs_HUMAN,0-1,D10,34
ycI10h8Z,Rated Blitz game,Blitz,180+2,PempGMate,ailucha,1140,1138,,,HUMAN_vs_HUMAN,1-0,D35,41
wgdw8wDE,Rated Blitz game,Blitz,180+2,Ali-Alfandy,GrochowiakzGrochowa,1888,1896,,,HUMAN_vs_HUMAN,0-1,E61,82
1Nv1HZVI,Rated Bullet game,Bullet,60+0,arsangungor,Ertyui0,1264,1276,,,HUMAN_vs_HUMAN,0-1,B01,38
Nm1WcUIo,Rated Bullet game,Bullet,60+0,joshjordan,CAR424,2178,2178,,,HUMAN_vs_HUMAN,1-0,A43,101
YdprYmbW,Rated Bullet game,Bullet,60+0,futbol44k,vahe66,2164,2215,,,HUMAN_vs_HUMAN,1-0,A02,51
JG4pOBoI,Rated Bullet game,Bullet,60+0,Prijepolje,jairmito,1538,1557,,,HUMAN_vs_HUMAN,1-0,B01,57
INZvBFpa,Rated Bullet game,Bullet,60+0,JordanJay,DeadDx96,1044,1006,,,HUMAN_vs_HUMAN,0-1,A80,60
NxNEyHJH,Rated Bullet game,Bullet,60+0,F_Z3,Pochas30,1077,1106,,,HUMAN_vs_HUMAN,1-0,C47,65
WRHDU5Nl,Rated Bullet game,Bullet,60+0,Marwan391,dachessdada,1507,1495,,,HUMAN_vs_HUMAN,1-0,A22,59
DmrzqMJ4,Rated Bullet game,Bullet,60+0,dinnerwithandre,blurryface123,1193,1213,,,HUMAN_vs_HUMAN,1-0,B01,69
WjlLQvCe,Rated Bullet game,Bullet,60+0,qister5,trytoreadm3,1596,1610,,,HUMAN_vs_HUMAN,0-1,B06,122
G41yJGEY,Rated Bullet game,Bullet,60+0,Moonhillwolf,Markimaus,2290,2280,,,HUMAN_vs_HUMAN,1-0,B23,91
JYLT0Tup,Rated Bullet game,Bullet,60+0,CRYSIIIS,Dormisps,1711,1692,,,HUMAN_vs_HUMAN,0-1,A45,70
ysx4KG7S,Rated Bullet game,Bullet,60+0,tacotacotaco,Bryce12342,2104,2141,,,HUMAN_vs_HUMAN,0-1,B06,98
MyjgefAn,Rated Bullet game,Bullet,60+0,asullivan1924,ruilop,1634,1641,,,HUMAN_vs_HUMAN,1-0,C46,79
rL24J3U1,Rated Bullet game,Bullet,60+0,leolechanteur,nikanoff,2029,2054,,,HUMAN_vs_HUMAN,1-0,B18,35
X6rPGMzW,Rated Rapid game,Rapid,600+0,santastuckinchimney,chrlp13,1544,1577,,,HUMAN_vs_HUMAN,0-1,C78,92
rm5C4zfN,Rated Bullet tournament https://lichess.org/tournament/BrK0zZ17,Bullet,30+0,czech_patriot009,Chuckisawesome,2110,2031,,,HUMAN_vs_HUMAN,1-0,B00,1
nkn6HHus,Rated Bullet tournament https://lichess.org/tournament/BrK0zZ17,Bullet,30+0,John-Wick,a20160513renovado2_0,2561,1608,,,HUMAN_vs_HUMAN,1-0,A21,63
pBI6nLiX,Rated Bullet tournament https://lichess.org/tournament/BrK0zZ17,Bullet,30+0,s-o-u,LassWag2021i,2131,2310,,,HUMAN_vs_HUMAN,0-1,A43,80
srslqlBJ,Rated Blitz tournament https://lichess.org/tournament/Sa9Zt4qZ,Blitz,180+2,HHP1997,Gmandres,2227,2231,,,HUMAN_vs_HUMAN,0-1,A22,108
SMIAxyj4,Rated Blitz tournament https://lichess.org/tournament/Sa9Zt4qZ,Blitz,180+2,steven_monroy,abrahamhernandez8,2142,1222,,,HUMAN_vs_HUMAN,1-0,A40,1
NagqXV2P,Rated Blitz tournament https://lichess.org/tournament/Sa9Zt4qZ,Blitz,180+2,jjpineda,PI1626,2089,2136,FM,,HUMAN_vs_HUMAN,1-0,B76,83
MI6f06vr,Rated Blitz tournament https://lichess.org/tournament/Sa9Zt4qZ,Blitz,180+2,bryanm1,Jean123_Paul,1598,1743,,,HUMAN_vs_HUMAN,0-1,B86,132
bi4FMBtb,Rated Blitz tournament https://lichess.org/tournament/Sa9Zt4qZ,Blitz,180+2,Centellla0503,Lyco5,2298,1522,,,HUMAN_vs_HUMAN,1-0,B02,89
2gJMZIAd,Rated Blitz tournament https://lichess.org/tournament/Sa9Zt4qZ,Blitz,180+2,LosDeCauca,marianovelezano,2199,1849,,,HUMAN_vs_HUMAN,1-0,D30,53
PbTQz66L,Rated Rapid tournament https://lichess.org/tournament/kk2Xuplv,Rapid,600+0,ColossusChess,Mahadewa_HCN,2357,1970,,,HUMAN_vs_HUMAN,0-1,A40,88
Ic9JRYRe,Rated Rapid tournament https://lichess.org/tournament/kk2Xuplv,Rapid,600+0,Evgenii1953,Dr_Strange2,1960,1964,,,HUMAN_vs_HUMAN,1-0,A00,66
o7b2DpzP,Rated Rapid tournament https://lichess.org/tournament/kk2Xuplv,Rapid,600+0,Klapperzahn,GEFSTER,1824,1770,,,HUMAN_vs_HUMAN,1-0,C42,115
6bf1pDsJ,Rated Rapid tournament https://lichess.org/tournament/kk2Xuplv,Rapid,600+0,Lopeorsanchez,FASCHING,1742,1743,,,HUMAN_vs_HUMAN,1-0,B20,49
Z74T3mQA,Rated Rapid tournament https://lichess.org/tournament/kk2Xuplv,Rapid,600+0,bmw86,Denise79,1586,1593,,,HUMAN_vs_HUMAN,1-0,C50,33
0Hof0myB,Rated Rapid tournament https://lichess.org/tournament/kk2Xuplv,Rapid,600+0,sasha2014sav,ilbarri,1011,1549,,,HUMAN_vs_HUMAN,0-1,C42,48
EqtB8erE,Rated Blitz tournament https://lichess.org/tournament/bJSrB7xD,Blitz,240+1,Playinginclassroom08,aBaDoVitX78,2065,1845,,,HUMAN_vs_HUMAN,0-1,D31,72
7vY4PikR,Rated Blitz tournament https://lichess.org/tournament/bJSrB7xD,Blitz,240+1,rambon,ro339,1710,1650,,,HUMAN_vs_HUMAN,0-1,C70,80
4nyE9LAA,Rated Bullet game,Bullet,60+0,Kairat9009,Nesse93,2174,2195,,,HUMAN_vs_HUMAN,0-1,B03,98
BEnzJhxM,Rated Bullet tournament https://lichess.org/tournament/S3oPB1GH,Bullet,60+0,Pant4355,HectorSanttander,1813,1417,,,HUMAN_vs_HUMAN,1-0,A16,109
BZ2NK1kZ,Rated Blitz tournament https://lichess.org/tournament/zsVl5oqJ,Blitz,180+0,raymond83,easternfoodbazaars,2157,2142,,,HUMAN_vs_HUMAN,0-1,B24,144
5t3Bdrzj,Rated Blitz tournament https://lichess.org/tournament/zsVl5oqJ,Blitz,180+0,Nkalanzinzi,FALCON5587,1901,2113,,,HUMAN_vs_HUMAN,1-0,D45,46
HmqlLDsi,Rated Blitz tournament https://lichess.org/tournament/zsVl5oqJ,Blitz,180+0,Karabo_Mokete,zanteglitterprincess,1963,1740,,,HUMAN_vs_HUMAN,1-0,D31,57
Qc2djTYm,Rated Bullet game,Bullet,120+1,prez2022,thittaithiruma,1289,1309,,,HUMAN_vs_HUMAN,1-0,C64,87
9GdGL3Qy,Rated Bullet game,Bullet,120+1,koohyar1396,hacker2_fullpower,2108,2081,,,HUMAN_vs_HUMAN,1-0,B02,117
POZsaX5C,Rated Rapid game,Rapid,600+5,mohamad_p30,xperi,1225,1215,,,HUMAN_vs_HUMAN,1-0,C22,35
z0NJFhKl,Rated UltraBullet game,UltraBullet,15+0,flyingsombrero,AnasKhwira,1856,2058,,,HUMAN_vs_HUMAN,0-1,A04,80
DBXCrowV,Rated Blitz game,Blitz,300+0,Hasan666666,kerem98,904,1130,,,HUMAN_vs_HUMAN,0-1,C61,70
JCgzRNuH,Rated Rapid game,Rapid,600+3,ENIOELGENIO,Oleg0208,1586,1538,,,HUMAN_vs_HUMAN,1-0,C34,31
Q4i97N0a,Rated Bullet game,Bullet,120+1,HikmatMo,Eu45,1538,1534,,,HUMAN_vs_HUMAN,1-0,A40,47
EMvb6yJG,Rated Blitz game,Blitz,180+0,zeenret,CRISTIANMAX2023,2034,2048,,,HUMAN_vs_HUMAN,0-1,E22,36
zxR64UpA,Rated Bullet game,Bullet,60+0,KAIGANxyz88,Giangialal,1171,1171,,,HUMAN_vs_HUMAN,1-0,C50,67
92wXnpOl,Rated Bullet game,Bullet,60+0,Lusarius_minto,winbygladiateur,1713,1715,,,HUMAN_vs_HUMAN,1-0,B01,71
uzpFcIBj,Rated Bullet game,Bullet,60+0,GVikt,snaju,1487,1509,,,HUMAN_vs_HUMAN,1-0,B01,55
3tvBFdVz,Rated Bullet game,Bullet,60+0,KalauerKalle,abdulsamadtk78,1300,1376,,,HUMAN_vs_HUMAN,0-1,D00,58
UaOfCz00,Rated Bullet game,Bullet,60+0,EdGiddyMan,silverback91,1808,1760,,,HUMAN_vs_HUMAN,0-1,A53,48
cwYXOYsr,Rated Bullet game,Bullet,60+0,iwant2000fide,DarksMachine,2220,2231,,,HUMAN_vs_HUMAN,0-1,A07,84
IFY5La6C,Rated Bullet game,Bullet,60+0,alofa808,plk-82,2150,2172,,,HUMAN_vs_HUMAN,0-1,A01,68
OrKbGJFR,Rated Bullet game,Bullet,60+0,godshiva,Berkssky,1739,1744,,,HUMAN_vs_HUMAN,0-1,B01,66
MYRdt2Ak,Rated Bullet game,Bullet,60+0,trgt99lw,hipotetico,1908,1856,,,HUMAN_vs_HUMAN,1-0,C00,51
REM6ycNU,Rated Bullet game,Bullet,60+0,yoda1210,rafilator,1215,1279,,,HUMAN_vs_HUMAN,1-0,A40,61
dVD7dkTj,Rated Bullet game,Bullet,60+0,kejs,OSGOT,2105,2138,,,HUMAN_vs_HUMAN,0-1,A40,48
oXwJWsXp,Rated Bullet game,Bullet,60+0,robbins28,s4lipi,1903,1927,,,HUMAN_vs_HUMAN,1-0,A04,109
Ey61fEzb,Rated Bullet game,Bullet,60+0,c0vj3k,CounterSacrifice1996,2248,2236,,,HUMAN_vs_HUMAN,1-0,B22,101
m3LScACR,Rated Bullet game,Bullet,60+0,Berenice_Fleming,s-hilla,2423,2485,WFM,,HUMAN_vs_HUMAN,0-1,E10,112
hYwXWrHT,Rated Bullet game,Bullet,60+0,M4yank,vicmary2005,2267,2263,,,HUMAN_vs_HUMAN,1-0,B23,49
ztp5xyqr,Rated Bullet game,Bullet,60+0,Botzki,mattsars,2065,2050,,,HUMAN_vs_HUMAN,1-0,A41,45
9j0gFrOJ,Rated Bullet game,Bullet,60+0,nopopjustrap,Hadi_D,1685,1703,,,HUMAN_vs_HUMAN,1-0,A00,75
WoedcXPJ,Rated Bullet game,Bullet,60+0,liakos94,tiagoxavier,1558,1585,,,HUMAN_vs_HUMAN,1-0,B01,87
zA9fYjPV,Rated Bullet game,Bullet,60+0,superlinus,zaicev,2329,2379,,,HUMAN_vs_HUMAN,1-0,B07,55
8CfWkwMg,Rated Bullet game,Bullet,60+0,ori_1996,whynot72,2621,2538,,,HUMAN_vs_HUMAN,0-1,D10,66
KiQkaQ6N,Rated Bullet game,Bullet,60+0,xkraltr123,shabayan,2344,2287,,,HUMAN_vs_HUMAN,1-0,A00,81
szzAhkdx,Rated Bullet tournament https://lichess.org/tournament/JywpPPLX,Bullet,60+0,chelspool,Luisdany16,2120,2097,,,HUMAN_vs_HUMAN,1-0,B22,53
Egktiuvz,Rated Bullet tournament https://lichess.org/tournament/JywpPPLX,Bullet,60+0,milujumartinu,KEBBY-24,1992,2023,,,HUMAN_vs_HUMAN,1-0,D00,67
gV7Grmkq,Rated Bullet tournament https://lichess.org/tournament/JywpPPLX,Bullet,60+0,batica76,wittgensein,1901,1851,,,HUMAN_vs_HUMAN,1-0,B10,93
YJRs2MJe,Rated Bullet tournament https://lichess.org/tournament/JywpPPLX,Bullet,60+0,Juack0,vestary,1151,1826,,,HUMAN_vs_HUMAN,0-1,D00,72
yj1lreO7,Rated Bullet tournament https://lichess.org/tournament/JywpPPLX,Bullet,60+0,GABITROVIC,casiduro,1886,2170,,,HUMAN_vs_HUMAN,0-1,A40,70
HbLFqQaq,Rated Bullet tournament https://lichess.org/tournament/JywpPPLX,Bullet,60+0,magdanoz,Dead_or_Alive,2617,2150,,,HUMAN_vs_HUMAN,0-1,C33,50
LjQkB5Ne,Rated Bullet tournament https://lichess.org/tournament/JywpPPLX,Bullet,60+0,K4sh,Elchacal0173,1768,1833,,,HUMAN_vs_HUMAN,1-0,C20,71
hUZzaawT,Rated Bullet tournament https://lichess.org/tournament/JywpPPLX,Bullet,60+0,Cutie_Camilla,ppermas_3_0,2124,1988,,,HUMAN_vs_HUMAN,1-0,C01,91
7iXCpDgW,Rated Bullet tournament https://lichess.org/tournament/JywpPPLX,Bullet,60+0,drunkmaster11,jrfrago,1859,1759,,,HUMAN_vs_HUMAN,1-0,B13,73
pE870hDW,Rated Bullet tournament https://lichess.org/tournament/JywpPPLX,Bullet,60+0,macedon1,HamzaEn,1585,1658,,,HUMAN_vs_HUMAN,1-0,B02,63
hxGmsQ99,Rated Bullet game,Bullet,60+0,amateur90,Chomuszka,2721,2606,,,HUMAN_vs_HUMAN,0-1,C06,124
IdNoHaWo,Rated Blitz game,Blitz,300+0,p_xatzi,cemil13_13,1393,1435,,,HUMAN_vs_HUMAN,0-1,B06,28
h62KY3J9,Rated Blitz game,Blitz,180+0,hornitoqueiru,mrCrescendo,1997,1971,,,HUMAN_vs_HUMAN,1-0,D00,109
v2L4JFMA,Rated Blitz game,Blitz,180+0,Abossi,Hisoka88888,1924,1927,,,HUMAN_vs_HUMAN,0-1,B13,98
z0Kz7LdG,Rated Blitz game,Blitz,180+0,pillazo,AlexisBM2023,1637,1713,,,HUMAN_vs_HUMAN,1-0,C47,83
yUUF6KRa,Rated Blitz game,Blitz,180+0,Oemoemenoe,gamerchez,1562,1519,,,HUMAN_vs_HUMAN,1-0,B00,69
qWTAacd6,Rated Blitz game,Blitz,180+0,noobokovski,shaggydoc,921,962,,,HUMAN_vs_HUMAN,0-1,A45,48
aYXnBAqH,Rated Blitz game,Blitz,180+0,jhsantos75,AJormad,1365,1333,,,HUMAN_vs_HUMAN,1-0,A11,59
UwaL6LJo,Rated Blitz game,Blitz,180+0,aybag06,iAmTwoMetersHigh,2043,2140,,,HUMAN_vs_HUMAN,0-1,B23,60
8dCa3BwY,Rated Blitz game,Blitz,180+0,xcapivaraoficialx,JesusVargasV,2155,2167,,,HUMAN_vs_HUMAN,1-0,C00,105
kROvCYrR,Rated Blitz game,Blitz,180+0,JuanAmsterdam,v_a_chizh,1271,1241,,,HUMAN_vs_HUMAN,1-0,C01,44
nVkOE4bu,Rated Blitz game,Blitz,180+0,yohangabriel12,son1kwave,2237,2274,,,HUMAN_vs_HUMAN,0-1,B13,50
EiZDcrhb,Rated Blitz game,Blitz,180+0,alvydas9,PapitoGrenade,1924,1939,,,HUMAN_vs_HUMAN,1/2-1/2,A00,45
u1MBYOEO,Rated Blitz game,Blitz,180+0,joseadolfo26,draco024,1876,1859,,,HUMAN_vs_HUMAN,0-1,A00,60
XMGvmyEi,Rated Blitz game,Blitz,180+0,midormeepo,Nick_Nichols_EU,1679,1639,,,HUMAN_vs_HUMAN,0-1,C23,31
RwY5EC9T,Rated Blitz game,Blitz,180+0,Elsuezy,ink_beard,1170,1104,,,HUMAN_vs_HUMAN,1/2-1/2,C30,109
GPQPDXGv,Rated Blitz game,Blitz,180+0,burakyalcn,Isidro77,1410,1435,,,HUMAN_vs_HUMAN,1/2-1/2,B01,121
356dBG3d,Rated Blitz tournament https://lichess.org/tournament/DAthlqDF,Blitz,180+1,lkgc,Deris3,2010,1846,,,HUMAN_vs_HUMAN,1-0,E81,105
538FTbAk,Rated Bullet tournament https://lichess.org/tournament/lK7geQaX,Bullet,60+0,kskdkskxkdke,ManuelaLaura2238,1954,1969,,,HUMAN_vs_HUMAN,1-0,B70,45
el7F0YCc,Rated Rapid game,Rapid,600+5,yazid-1200123,kalaluflo,594,648,,,HUMAN_vs_HUMAN,0-1,C40,11
a7w0RXbs,Rated Rapid game,Rapid,600+5,sehrawy,youssefsameh,1500,1344,,,HUMAN_vs_HUMAN,0-1,C44,30
NrfU9B8x,Rated Rapid game,Rapid,600+5,diego935364,ElRatonPerez2000,1076,1038,,,HUMAN_vs_HUMAN,1-0,D00,51
UnsBAG7d,Rated Rapid game,Rapid,600+5,FedericoM,Davidpamba,1574,1570,,,HUMAN_vs_HUMAN,1-0,B01,71
yFURzeQO,Rated Rapid game,Rapid,600+5,Benipi,natech,1203,1255,,,HUMAN_vs_HUMAN,0-1,C68,26
LnPWf1fx,Rated Rapid game,Rapid,600+5,tuxo71,GentlyHardings,1353,1390,,,HUMAN_vs_HUMAN,0-1,B07,134
iPba7nYG,Rated Rapid game,Rapid,600+5,struggl,Naruto228Saske,1820,1790,,,HUMAN_vs_HUMAN,1-0,C50,61
6TR2qV6Y,Rated Rapid game,Rapid,600+5,AntaresChess,Alex-engineer,1626,1631,,,HUMAN_vs_HUMAN,1-0,D02,109
fkgkK9P1,Rated Rapid game,Rapid,600+5,jsviana,Grom78,1912,1976,,,HUMAN_vs_HUMAN,1-0,B21,53
66PMWaFF,Rated Rapid game,Rapid,600+5,BRAZAX,palmdessert,1127,1159,,,HUMAN_vs_HUMAN,0-1,C47,68
AUFsLACj,Rated Rapid game,Rapid,600+5,AzadWally,amroo7911,898,1018,,,HUMAN_vs_HUMAN,0-1,D02,59
QW0JACRq,Rated Rapid game,Rapid,600+5,lazaros58,Bliendcheckmate,1512,1565,,,HUMAN_vs_HUMAN,1-0,A06,80
eDEPbqQI,Rated Bullet game,Bullet,120+1,soper,Matty69,1548,1539,,,HUMAN_vs_HUMAN,1-0,B10,61
Elh8Z4JZ,Rated Blitz game,Blitz,300+3,DEMEGA2020,Ntinos_40,1740,1709,,,HUMAN_vs_HUMAN,1-0,C31,67
dlFkdTjl,Rated Blitz game,Blitz,300+3,DaniloMag,braka420,1700,1665,,,HUMAN_vs_HUMAN,1-0,C41,59
D2Zzg8eP,Rated Blitz game,Blitz,300+3,GUANABACOA,ferbia,1303,1343,,,HUMAN_vs_HUMAN,0-1,C26,32
HPYcqK0I,Rated Blitz game,Blitz,300+3,Pac01010,Gambitol,1022,1040,,,HUMAN_vs_HUMAN,0-1,C33,80
Ek0e5JYY,Rated Blitz game,Blitz,300+3,kanaxa,ficherf,1351,1461,,,HUMAN_vs_HUMAN,1/2-1/2,B30,111
k8RemR9q,Rated Blitz game,Blitz,300+3,ajnabi101,Cheesy_Matucki,1167,1182,,,HUMAN_vs_HUMAN,0-1,D00,73
n9y0BCav,Rated Blitz game,Blitz,300+3,tgrico,Kooxtun,1147,1059,,,HUMAN_vs_HUMAN,1-0,D02,37
CL46EUIN,Rated Blitz game,Blitz,300+3,ranko963,shenpa56,1959,2032,,,HUMAN_vs_HUMAN,0-1,B01,92
XXA331zI,Rated Blitz game,Blitz,300+3,HugoNovaes,Kappatych,1050,1046,,,HUMAN_vs_HUMAN,1-0,B40,35
xIbgD6Ot,Rated Bullet game,Bullet,60+0,libuda9,palmerapool,1610,1639,,,HUMAN_vs_HUMAN,1-0,D02,63
HbX4RVRK,Rated Bullet game,Bullet,60+0,nirbhaythegreat,ElvisWalsh,1784,1763,,,HUMAN_vs_HUMAN,1-0,B01,63
v371QxvU,Rated Bullet game,Bullet,60+0,Iagovs92,jorquon,1796,1809,,,HUMAN_vs_HUMAN,1-0,B29,57
4RPFKoEd,Rated Bullet game,Bullet,60+0,EugeneTheMean,raymundo18,1531,1489,,,HUMAN_vs_HUMAN,0-1,A00,50
z2sNpjSP,Rated Bullet game,Bullet,60+0,wokeewok,Belegeduk,2009,2030,,,HUMAN_vs_HUMAN,0-1,B01,63
RIkSIJwg,Rated Bullet game,Bullet,60+0,poderdivino7,yordano_frank,2120,2090,,,HUMAN_vs_HUMAN,1-0,D06,103
Uj87J9Ea,Rated Bullet game,Bullet,60+0,ExpresoNocturno,zavalaorlan,2466,2395,,,HUMAN_vs_HUMAN,1-0,A05,95
o3cY1xCh,Rated Bullet game,Bullet,60+0,Jadante,AndrewParitz,1824,1800,,,HUMAN_vs_HUMAN,1-0,C00,71
F2ttOR6X,Rated Bullet game,Bullet,60+0,mj_r,shrike72,1649,1636,,,HUMAN_vs_HUMAN,1-0,A40,71
ydp5PSJu,Rated Bullet game,Bullet,60+0,JAFAR52,wehelm,1956,2000,,,HUMAN_vs_HUMAN,1-0,C50,35
n7xJxzqs,Rated Bullet game,Bullet,60+0,rene66,simoncarc,2130,2149,,,HUMAN_vs_HUMAN,0-1,C62,52
kwAPtfRC,Rated Blitz game,Blitz,180+2,asplaur,somecreativity,1980,1949,,,HUMAN_vs_HUMAN,1-0,C42,45
iO17YUbY,Rated Blitz game,Blitz,180+0,Ebumeyang,AARON099,1174,1179,,,HUMAN_vs_HUMAN,0-1,A00,94
Tk4XAsWO,Rated Blitz game,Blitz,180+0,AhmadBryne,LeperKnight,1976,1924,,,HUMAN_vs_HUMAN,0-1,B30,56
TFJ8JgGN,Rated Blitz game,Blitz,180+0,t_awa_b,Ozykozek,1913,1891,,,HUMAN_vs_HUMAN,0-1,C00,66
8KuO36qd,Rated Blitz game,Blitz,300+0,faikletaj123,fachacine,1978,1927,,,HUMAN_vs_HUMAN,1-0,B00,59
YfSxqDfd,Rated Bullet game,Bullet,60+0,Drpharez,mutimir,1952,1972,,,HUMAN_vs_HUMAN,1/2-1/2,C01,91
LMvsmWNZ,Rated Bullet game,Bullet,60+0,glabasnat,e5quitx,1188,1191,,,HUMAN_vs_HUMAN,0-1,C20,46
Gv5rtWxc,Rated Bullet game,Bullet,60+0,marquinhos79,Abdzrar,1727,1698,,,HUMAN_vs_HUMAN,0-1,A40,82
1EM5oD3R,Rated Bullet game,Bullet,60+0,rastel1973,silverpearl,1758,1733,,,HUMAN_vs_HUMAN,0-1,B03,26
7OXZUcwF,Rated Bullet game,Bullet,60+0,GingerUKNinja123,juanditar,1018,1075,,,HUMAN_vs_HUMAN,0-1,A40,80
Hv0UotdI,Rated Bullet game,Bullet,60+0,sinfuturo,danielbolanosd,2161,2212,,,HUMAN_vs_HUMAN,1/2-1/2,A15,118
RJjQVTAB,Rated Bullet game,Bullet,60+0,ChaBlat,Kareem-B,1526,1505,,,HUMAN_vs_HUMAN,0-1,A06,42
OQfGJhf9,Rated Bullet game,Bullet,60+0,COLLO8348,sergeynkry,1869,1759,,,HUMAN_vs_HUMAN,0-1,D02,30
AXd3KhiO,Rated Bullet game,Bullet,60+0,AnatolBalta,abdelatifhamira,2494,2415,,,HUMAN_vs_HUMAN,0-1,D00,76
3aVzZjV2,Rated Bullet game,Bullet,60+0,CagoChess,dswoboda,1610,1575,,,HUMAN_vs_HUMAN,1-0,B00,87
XxtixlB6,Rated Bullet game,Bullet,60+0,juanchonelo,RaiveRamiano,1298,1267,,,HUMAN_vs_HUMAN,1-0,A80,45
WotJqZ40,Rated Bullet game,Bullet,60+0,mustafablsn,Mesoo,1419,1454,,,HUMAN_vs_HUMAN,1-0,C30,51
FTMz15Cd,Rated Bullet game,Bullet,60+0,raman324,jpepello,2024,2118,,,HUMAN_vs_HUMAN,0-1,D00,90
vAr9dvEh,Rated Bullet game,Bullet,60+0,cryogenically,pablomenacho97,1041,1053,,,HUMAN_vs_HUMAN,0-1,A40,22
bjhJkfIe,Rated Bullet game,Bullet,60+0,tullock,Ben_vie,1335,1396,,,HUMAN_vs_HUMAN,1-0,B00,23
YKIS7qG6,Rated Bullet game,Bullet,60+0,DeinCouseng,Mintra,1933,1922,,,HUMAN_vs_HUMAN,0-1,B06,106
wqAyFQte,Rated Bullet game,Bullet,60+0,Dokanev_Andrey,garfiox,2308,2293,,,HUMAN_vs_HUMAN,1-0,A00,79
NtTEubUy,Rated Bullet game,Bullet,60+0,Mrpyar,Erick_Salazar,1681,1669,,,HUMAN_vs_HUMAN,1-0,A00,45
KlLrxNWX,Rated Bullet game,Bullet,60+0,CaptainDada,Idritiano,1616,1632,,,HUMAN_vs_HUMAN,0-1,D02,68
VLfDVhCb,Rated Bullet game,Bullet,60+0,till120,Fantasia,1223,1202,,,HUMAN_vs_HUMAN,0-1,D02,28
3s6JxZrS,Rated UltraBullet game,UltraBullet,15+0,ChesseyBeast,clipkin3,1991,1949,,,HUMAN_vs_HUMAN,1/2-1/2,A05,137
aVQfBAJz,Rated Bullet game,Bullet,120+1,Daraliel,spaetzi,1256,1243,,,HUMAN_vs_HUMAN,0-1,B00,76
G9nxt96r,Rated Bullet game,Bullet,60+0,mordering,nn1133,2258,2319,,,HUMAN_vs_HUMAN,1-0,B50,107
ixEQtyJE,Rated Bullet game,Bullet,60+0,Emilien666,Nightwitch2000,2006,2039,,,HUMAN_vs_HUMAN,0-1,B30,58
LmR5CaEy,Rated Blitz game,Blitz,180+0,AnatoliiLob76,Bk077,2005,1999,,,HUMAN_vs_HUMAN,1-0,A00,83
RV0G6KbM,Rated Bullet game,Bullet,120+1,Fi-Joe,benjithehunted,1883,1859,,,HUMAN_vs_HUMAN,0-1,B01,60
HZB8gnDj,Rated Bullet game,Bullet,120+1,DashTheBest,Poulp13,1613,1619,,,HUMAN_vs_HUMAN,0-1,E12,82
qR52HnLY,Rated Bullet game,Bullet,120+1,avalunava,lizonthae,1230,1236,,,HUMAN_vs_HUMAN,1-0,C44,63
pnbvJEk6,Rated Bullet game,Bullet,120+1,vinithpodduturi,achik7,1398,1371,,,HUMAN_vs_HUMAN,1/2-1/2,A00,115
3XG5vW7l,Rated Bullet game,Bullet,120+1,Abdozeka,Malconcuesta,1462,1447,,,HUMAN_vs_HUMAN,1-0,D30,91
qylHQu1u,Rated Bullet game,Bullet,120+1,true_chess,LATALAIA,1443,1414,,,HUMAN_vs_HUMAN,1-0,B12,97
ar9KYE5m,Rated Bullet game,Bullet,120+1,king_suly,pppaatrick,1154,1142,,,HUMAN_vs_HUMAN,1-0,C64,61
sZtN9LAR,Rated Bullet game,Bullet,120+1,yucel1963,Morskoj_Konyok,1957,1927,,,HUMAN_vs_HUMAN,0-1,C55,56
THeaWoax,Rated Bullet game,Bullet,120+1,foxx84,sandroua,1778,1800,,,HUMAN_vs_HUMAN,0-1,A46,76
Ugwkdyu8,Rated Bullet game,Bullet,120+1,mario2705,Abraseq1988,1073,1112,,,HUMAN_vs_HUMAN,0-1,E70,46
wfsorHhB,Rated Bullet game,Bullet,120+1,rubenadolfo,casto,1999,2014,,,HUMAN_vs_HUMAN,0-1,B21,64
JXmT2JDL,Rated Bullet game,Bullet,120+0,MariusPorter,pomidorov,2129,2175,,,HUMAN_vs_HUMAN,1-0,A02,81
fke9hjru,Rated Rapid game,Rapid,600+5,pomega,sergdima,1719,1730,,,HUMAN_vs_HUMAN,1-0,C02,75
0R0PKCLA,Rated Rapid game,Rapid,600+5,Addicted215,mmoesche,1572,1612,,,HUMAN_vs_HUMAN,1/2-1/2,C60,65
CVO2BHbg,Rated Rapid game,Rapid,600+5,MilesFlavour,vikkro,1518,1410,,,HUMAN_vs_HUMAN,1-0,C69,33
4k6zfTDQ,Rated Rapid game,Rapid,600+5,juanbOsco,FoxDerZweite,1630,1641,,,HUMAN_vs_HUMAN,1-0,C00,85
XvBWinK4,Rated Rapid game,Rapid,600+5,shirkat-pasha05,brunolift,1838,1819,,,HUMAN_vs_HUMAN,1-0,A57,27
vWdXRwBj,Rated Rapid game,Rapid,600+5,Nudist_Teriyaki,alishimi,2183,2188,,,HUMAN_vs_HUMAN,0-1,B94,80
tlVWVQMT,Rated Blitz game,Blitz,300+0,Esquilachess,ChessArxontas,1673,1680,,,HUMAN_vs_HUMAN,0-1,C42,80
O9z7nbFf,Rated Blitz game,Blitz,300+0,bulo_bulbul,sayyamkhanna,1337,1402,,,HUMAN_vs_HUMAN,0-1,C41,78
fhlyHzsp,Rated Blitz game,Blitz,300+0,timbalitos,Fieldsne,1885,1835,,,HUMAN_vs_HUMAN,1-0,A20,67
cuXWxukA,Rated Blitz game,Blitz,300+0,Chizaram,Golfhotel,1645,1657,,,HUMAN_vs_HUMAN,1-0,C00,95
F3Tur8SY,Rated Blitz game,Blitz,300+0,manu363,ChessDan007,1768,1700,,,HUMAN_vs_HUMAN,0-1,C56,26
NJcTyYI1,Rated Blitz game,Blitz,300+0,tameralnajjar,stasmakarov,1490,1459,,,HUMAN_vs_HUMAN,0-1,D00,80
BPqPMDLv,Rated Blitz game,Blitz,300+0,preza1,ymays,2034,2033,,,HUMAN_vs_HUMAN,0-1,C26,148
5bYESc9D,Rated Blitz game,Blitz,300+0,mawu369,Jonner5,1695,1696,,,HUMAN_vs_HUMAN,0-1,C20,36
TuoTTTsN,Rated Blitz game,Blitz,300+0,Phil2288,DrunkSeaCow,1786,1774,,,HUMAN_vs_HUMAN,0-1,D02,58
1N1mcBnc,Rated Blitz game,Blitz,300+0,vokhcark2,Osqel,1634,1705,,,HUMAN_vs_HUMAN,1-0,C57,99
ssugwxXi,Rated Blitz game,Blitz,300+0,stopusingourwifi,JorgeMorRam_74,1246,1188,,,HUMAN_vs_HUMAN,0-1,B10,62
e6Mwu4hI,Rated Blitz game,Blitz,300+0,vlvp,apobaba337321_73,871,872,,,HUMAN_vs_HUMAN,0-1,C41,58
y9wMKeYg,Rated Blitz game,Blitz,300+0,adam304,Mozojozo,983,991,,,HUMAN_vs_HUMAN,0-1,A00,72
N59thchH,Rated Blitz game,Blitz,300+0,Knurrhahn,wtnvt29381,2127,2086,,,HUMAN_vs_HUMAN,0-1,E15,102
FRS8Brwk,Rated Blitz game,Blitz,300+0,Jaimerestrepo,edilsoncimitarra,1933,1958,,,HUMAN_vs_HUMAN,1-0,D02,33
yejyeI6N,Rated Blitz game,Blitz,300+0,kayaloram,euphoic526,1563,1544,,,HUMAN_vs_HUMAN,1-0,A01,69
at0prjGx,Rated Blitz game,Blitz,300+3,yachal1976,zaron,1812,1815,,,HUMAN_vs_HUMAN,1-0,A22,157
R94fXfBM,Rated Blitz game,Blitz,300+3,steffy74,zigakiki,864,825,,,HUMAN_vs_HUMAN,1-0,A04,57
v2ylBQAk,Rated Blitz game,Blitz,300+3,thevileabyss,azar01,1511,1538,,,HUMAN_vs_HUMAN,1-0,B10,81
4aDz5rQ3,Rated Blitz game,Blitz,300+3,SheldonTheory,carlesmorejon,1116,1109,,,HUMAN_vs_HUMAN,1-0,C48,107
KfyRmP0e,Rated Blitz game,Blitz,300+3,Manuenrico,spagnoletto,1381,1325,,,HUMAN_vs_HUMAN,1-0,B40,17
gdUkQD5Y,Rated Blitz game,Blitz,300+3,wixi36,lovely_you,1752,1765,,,HUMAN_vs_HUMAN,1-0,D30,67
9yOeMCiz,Rated Blitz game,Blitz,300+3,artfutsal77,akshaynag,992,951,,,HUMAN_vs_HUMAN,1-0,C20,23
JYd0XZUM,Rated Blitz game,Blitz,300+3,strelmih,crohrer,1451,1433,,,HUMAN_vs_HUMAN,1-0,B32,41
rL3qG8rX,Rated Blitz tournament https://lichess.org/tournament/WYkYnRWN,Blitz,180+0,titanbr,surunara,1481,1429,,,HUMAN_vs_HUMAN,1-0,B40,79
CJnB9Sq1,Rated Blitz tournament https://lichess.org/tournament/WYkYnRWN,Blitz,180+0,Axaria,aakhladjave,2156,2046,,,HUMAN_vs_HUMAN,1-0,D00,41
Y9S4vS2v,Rated Blitz tournament https://lichess.org/tournament/SDM9pNGW,Blitz,180+2,husseinalsarhan,xxxabdelazimxxx,1834,1868,,,HUMAN_vs_HUMAN,1-0,A45,63
Tx8PxCnm,Rated Blitz tournament https://lichess.org/tournament/SDM9pNGW,Blitz,180+2,Ahmed_Ahmed123,AboAbdElrhman88,2095,1626,,,HUMAN_vs_HUMAN,1-0,D30,59
V3aWL2lI,Rated Blitz tournament https://lichess.org/tournament/WYkYnRWN,Blitz,180+0,Only-Move,FFAP,1888,1936,,,HUMAN_vs_HUMAN,1-0,D10,83
qufHoTYa,Rated Blitz tournament https://lichess.org/tournament/WYkYnRWN,Blitz,180+0,jackso_de,BSAHOO1,1865,1778,,,HUMAN_vs_HUMAN,1-0,B21,73
AtZn5lyx,Rated Blitz tournament https://lichess.org/tournament/WYkYnRWN,Blitz,180+0,heka84,tazos_soldier,1691,1490,,,HUMAN_vs_HUMAN,0-1,A40,100
rTcyy3Yt,Rated Bullet game,Bullet,120+1,yousefamen87,hilllel,1585,1627,,,HUMAN_vs_HUMAN,1-0,B30,93
zBrEaZtN,Rated Bullet game,Bullet,120+1,tomasgalli,dickensn,1522,1548,,,HUMAN_vs_HUMAN,1-0,E90,35
E2iWRCst,Rated Bullet game,Bullet,120+1,thebet,Gorgo_IV,1838,1846,,,HUMAN_vs_HUMAN,0-1,B40,62
LJzTYcTP,Rated Bullet game,Bullet,120+1,M-Tasci,luki24xxxx,1560,1554,,,HUMAN_vs_HUMAN,0-1,C50,20
mWcFflCf,Rated Bullet game,Bullet,120+1,Rarotongo,fastmike,1479,1451,,,HUMAN_vs_HUMAN,0-1,D20,60
qLO2noPB,Rated Bullet game,Bullet,120+1,multiserJYN,K_iL,1514,1480,,,HUMAN_vs_HUMAN,1-0,D00,79
hS40n5hb,Rated Bullet game,Bullet,120+1,moreisky1,barbero1,2090,2046,,,HUMAN_vs_HUMAN,0-1,A40,54
kUMYHwTP,Rated Bullet game,Bullet,120+1,josuealmeida100,jamesdonski,1654,1698,,,HUMAN_vs_HUMAN,0-1,A00,76
bgUFCZm0,Rated Bullet game,Bullet,120+1,MTJENSE,uovokinder,1333,1353,,,HUMAN_vs_HUMAN,0-1,C44,62
XEzKzfa6,Rated Bullet game,Bullet,120+1,wsmirnov,agua124,2251,2254,,,HUMAN_vs_HUMAN,1-0,D00,69
Erv3kEZX,Rated Bullet game,Bullet,120+1,snigl,Flying_Knights_77,1964,1974,,,HUMAN_vs_HUMAN,0-1,B36,50
sGDQS9RA,Rated Bullet game,Bullet,120+1,tbertalan,carloschero,1331,1243,,,HUMAN_vs_HUMAN,1-0,C41,67
6REzuPik,Rated Bullet game,Bullet,60+0,tmay117,youyoutub,845,849,,,HUMAN_vs_HUMAN,1-0,C56,31
Mv9T6GCZ,Rated Bullet game,Bullet,60+0,percy2023,mat4you2,1500,1596,,,HUMAN_vs_HUMAN,1-0,A00,85
ZUL3zyG3,Rated Bullet game,Bullet,60+0,Capitalist2,Kryptonite9187,1770,1808,,,HUMAN_vs_HUMAN,0-1,C00,72
jut0006A,Rated Bullet game,Bullet,60+0,HRUI_AGRCH,vells05,1613,1669,,,HUMAN_vs_HUMAN,0-1,B01,44
F4JCDmK1,Rated Bullet game,Bullet,60+0,Felipelr,Jeff_peon,1602,1618,,,HUMAN_vs_HUMAN,0-1,E76,60
vQFhQfa2,Rated Bullet game,Bullet,60+0,frvidalj,slater_exe,2089,2038,,,HUMAN_vs_HUMAN,0-1,B32,12
QMysYYnV,Rated Bullet game,Bullet,60+0,Carmelovell,Masoom840,2183,2182,,,HUMAN_vs_HUMAN,1-0,A56,43
6gx3bNe8,Rated Bullet game,Bullet,60+0,jessec80,Matuzza,1634,1623,,,HUMAN_vs_HUMAN,1-0,A01,79
AuzLp1B0,Rated Bullet game,Bullet,60+0,CVA728,JendrikFrilling,1479,1449,,,HUMAN_vs_HUMAN,0-1,B32,40
TbPd5gkz,Rated Bullet game,Bullet,60+0,pauliiiiii,Pharaoness,1883,1855,,,HUMAN_vs_HUMAN,1-0,B06,63
sX8rxHC4,Rated Bullet game,Bullet,60+0,n00bmeister,Expertz_1757,2421,2415,,,HUMAN_vs_HUMAN,0-1,B10,66
Liahd53B,Rated Bullet game,Bullet,60+0,KillTheWhales,Modern_Defence88,2223,2191,,,HUMAN_vs_HUMAN,1-0,E87,61
tZr26uXp,Rated Bullet game,Bullet,60+0,emirrhanapaydin,piskunow,1828,1844,,,HUMAN_vs_HUMAN,1-0,A00,59
Xd6mEud3,Rated Bullet game,Bullet,60+0,DRUMMOND3333,FreeKong,2159,2142,,,HUMAN_vs_HUMAN,0-1,B10,104
9K4sLQlL,Rated Bullet game,Bullet,60+0,PowerEnt,jchaconr,1986,1982,,,HUMAN_vs_HUMAN,0-1,B32,84
Rcyl8bi8,Rated Bullet game,Bullet,60+0,manIlovtrees,tarastarasov,1740,1710,,,HUMAN_vs_HUMAN,1-0,D15,37
Kl9jo6SF,Rated Blitz tournament https://lichess.org/tournament/7CZHK4jE,Blitz,180+0,Don_Gato777,tiwinza75,2229,2181,,,HUMAN_vs_HUMAN,0-1,A01,47
BgDLY1xi,Rated Blitz tournament https://lichess.org/tournament/7CZHK4jE,Blitz,180+0,Sandokanner,Schachspieler32,2043,1992,,,HUMAN_vs_HUMAN,0-1,A45,118
7CbspuoW,Rated Bullet game,Bullet,60+2,JMM1,just-random-guy,1523,1284,,,HUMAN_vs_HUMAN,1/2-1/2,C41,104
IugIbSUo,Rated UltraBullet game,UltraBullet,15+0,ilovetoeat54,y0ung_12345,2124,2064,,,HUMAN_vs_HUMAN,1/2-1/2,A00,124
jjlNZzJF,Rated Blitz game,Blitz,240+4,sidneycosta,sqwqo,1063,1187,,,HUMAN_vs_HUMAN,0-1,C24,102
GFnk1lnB,Rated Classical game,Classical,1800+0,sevilen2022,tpu_chess_hiru,1946,1929,,,HUMAN_vs_HUMAN,0-1,B20,88
RJCmqaVY,Rated Blitz game,Blitz,180+0,Multhauf,MuhdAlifHakimiSKMG,1381,1400,,,HUMAN_vs_HUMAN,1-0,B30,95
BUMAng8n,Rated Blitz game,Blitz,300+0,Chkmtqueenintraining,mbhtrader,1681,1654,,,HUMAN_vs_HUMAN,0-1,A40,66
g4TtUGlN,Rated Blitz game,Blitz,300+0,kobra059,REYNALDOVAL,1828,1801,,,HUMAN_vs_HUMAN,1-0,A00,107
uhUGuEpz,Rated Blitz game,Blitz,300+0,Luna2012pv,alanchess1000,2060,2012,,,HUMAN_vs_HUMAN,1-0,C20,55
Qn07wCpy,Rated Blitz game,Blitz,300+0,Heltan1,batdu,1548,1518,,,HUMAN_vs_HUMAN,1-0,C20,31
4V3uWFEm,Rated Blitz game,Blitz,300+0,goth_x,Dacosta_F,1235,1215,,,HUMAN_vs_HUMAN,1-0,C00,85
aaeOgVxa,Rated Blitz game,Blitz,300+0,bilalinal,Sashion,1074,1058,,,HUMAN_vs_HUMAN,0-1,C47,110
TtvdAsf3,Rated Blitz game,Blitz,300+0,NetPlayer72,Dule57,2130,2124,,,HUMAN_vs_HUMAN,1-0,D00,47
axOQnCIc,Rated Blitz game,Blitz,300+0,laisterzuzendu49,sheikanx,1901,1887,,,HUMAN_vs_HUMAN,1-0,B01,49
AIKH6DeT,Rated Blitz game,Blitz,300+0,noblex1,mshin,1744,1730,,,HUMAN_vs_HUMAN,1/2-1/2,B01,186
fmy2NcxH,Rated Blitz game,Blitz,300+0,leevoltaire,Roma130477,1382,1434,,,HUMAN_vs_HUMAN,1-0,C20,121
n2hzD8ec,Rated Blitz game,Blitz,300+0,banebojnik,ramushi1992,2010,1925,,,HUMAN_vs_HUMAN,1/2-1/2,C43,118
LnU78WJs,Rated Blitz game,Blitz,300+0,nahuel016,Jakedamfsnake,686,813,,,HUMAN_vs_HUMAN,0-1,B20,110
ew26i1kM,Rated Blitz game,Blitz,300+0,cesaruz,fabian818,1246,1355,,,HUMAN_vs_HUMAN,0-1,B30,126
YMMtBTi4,Rated Blitz game,Blitz,300+0,ChristianY000,ammar07555,1615,1630,,,HUMAN_vs_HUMAN,0-1,C40,50
kKv62PF5,Rated Blitz game,Blitz,300+3,AnoxicWaters,Gugogm,1739,1623,,,HUMAN_vs_HUMAN,1-0,C25,55
5Rcl2VN8,Rated Blitz game,Blitz,300+3,Birki1979,Mr1209,1396,1392,,,HUMAN_vs_HUMAN,1/2-1/2,A01,125
mxLJffHo,Rated Blitz game,Blitz,300+3,mrjek,Flagg1347,1343,1370,,,HUMAN_vs_HUMAN,1-0,B21,47
5K79iE1m,Rated Blitz game,Blitz,300+3,Molokoman,Rainbird2008,1427,1479,,,HUMAN_vs_HUMAN,1/2-1/2,B00,79
qEDUu9dA,Rated Blitz game,Blitz,300+3,yaseralhmsy,Salazar_Gerald,1532,1513,,,HUMAN_vs_HUMAN,0-1,C20,66
EMea6VeH,Rated Blitz game,Blitz,300+3,litkillah1705,arturmx,1829,1874,,,HUMAN_vs_HUMAN,1-0,B30,36
99pOClKg,Rated Blitz game,Blitz,300+3,gaalia,mosttafa,1295,1279,,,HUMAN_vs_HUMAN,1-0,B21,57
1p0KVir8,Rated Blitz game,Blitz,300+3,Legacy_z,SenhorMoreira,1603,1607,,,HUMAN_vs_HUMAN,0-1,B00,24
CrFdg8aD,Rated Blitz game,Blitz,300+3,akitaev,JPRangex,1136,1085,,,HUMAN_vs_HUMAN,1-0,B01,37
5NZqPmWZ,Rated Blitz game,Blitz,300+3,noh827,owllittle,1574,1545,,,HUMAN_vs_HUMAN,1-0,C46,45
YP2FAqzU,Rated Blitz game,Blitz,180+0,Pablo_27,Pejton_bt,2225,2185,,,HUMAN_vs_HUMAN,0-1,B12,84
MWF70FEu,Rated Blitz game,Blitz,180+0,theAyrat,BenedekBar,1966,1944,,,HUMAN_vs_HUMAN,0-1,B00,86
UZonhJRf,Rated Blitz game,Blitz,180+0,akentokan,MiguelSanchez67,2391,2357,,,HUMAN_vs_HUMAN,1-0,D07,35
m9dU8olB,Rated Blitz game,Blitz,180+0,Anntasena,Subardo,1462,1462,,,HUMAN_vs_HUMAN,1-0,A00,75
HB7gn6KC,Rated Blitz game,Blitz,180+0,acemsia,BasheerSYR,1597,1602,,,HUMAN_vs_HUMAN,1-0,D03,55
5wivXYVi,Rated Blitz game,Blitz,180+0,Yonathanvalles123,Turbulencee,1659,1605,,,HUMAN_vs_HUMAN,0-1,B20,82
rLNeUIiW,Rated Blitz game,Blitz,180+0,SavageGrandma,Sunny2017,1301,1282,,,HUMAN_vs_HUMAN,1-0,C25,69
hbzFukl2,Rated Blitz game,Blitz,180+0,tullerusken1,anibalcollado,1935,1875,,,HUMAN_vs_HUMAN,1/2-1/2,D15,107
SjPnohN9,Rated Blitz game,Blitz,180+0,arman426,SimourSkinner,2074,2165,,,HUMAN_vs_HUMAN,0-1,C01,94
13JvzABI,Rated Blitz game,Blitz,180+0,undertwins,AbdelrahmanKaoud,1449,1427,,,HUMAN_vs_HUMAN,1/2-1/2,B00,88
rqGq24Gg,Rated Blitz game,Blitz,180+0,Ricardotgo,Andis08,1743,1727,,,HUMAN_vs_HUMAN,0-1,D02,25
gJSoUIM3,Rated Blitz game,Blitz,180+0,Deahash,reichenbacher,1713,1697,,,HUMAN_vs_HUMAN,1-0,A04,67
pUesGEvo,Rated Blitz game,Blitz,180+0,ale-e3,Redchesz245,1799,1764,,,HUMAN_vs_HUMAN,1-0,A34,81
FBZckA3m,Rated Blitz game,Blitz,180+0,JESSE2023,Skywalker2,2001,2014,,,HUMAN_vs_HUMAN,0-1,C00,40
UcvuoGpj,Rated Blitz game,Blitz,180+0,duliomarcio,sova777sv,1306,1313,,,HUMAN_vs_HUMAN,1-0,D00,77
TuAQq07L,Rated Blitz game,Blitz,180+0,Aryankr,Palmazio,2014,2042,,,HUMAN_vs_HUMAN,1-0,B77,107
qybaNMxi,Rated Blitz game,Blitz,180+0,naffil,AUmn,1396,1388,,,HUMAN_vs_HUMAN,1-0,C23,26
kZhUF0xF,Rated Blitz game,Blitz,180+0,Just12year,ReidelBB,1819,1863,,,HUMAN_vs_HUMAN,0-1,B34,38
pp0xTVUH,Rated Blitz game,Blitz,180+0,Tazmalau,cableguy7,1536,1532,,,HUMAN_vs_HUMAN,1-0,A00,117
fSKI9Gkk,Rated Bullet game,Bullet,60+0,Clindamicin300,griboffmartin,1725,1799,,,HUMAN_vs_HUMAN,0-1,B40,52
KchPOhY5,Rated Bullet game,Bullet,60+0,Mad_One,esekiel8,2045,2035,,,HUMAN_vs_HUMAN,1-0,D02,71
aLisU1Xh,Rated Bullet game,Bullet,60+0,A16jesus,Gwademba692,1010,1117,,,HUMAN_vs_HUMAN,0-1,B01,38
mmO0r6qc,Rated Bullet game,Bullet,60+0,philo1729,Puyey,2210,2150,,,HUMAN_vs_HUMAN,1-0,C00,57
PNRINZY1,Rated Bullet game,Bullet,60+0,BobbyJohnson12,german109,1958,1958,,,HUMAN_vs_HUMAN,1-0,C46,29
j5PPV4G6,Rated Bullet game,Bullet,60+0,viktor9305,N-zero,1755,1702,,,HUMAN_vs_HUMAN,0-1,B00,36
UC7v1vOE,Rated Bullet game,Bullet,60+0,mierny,misha_ts,1816,1829,,,HUMAN_vs_HUMAN,0-1,A00,46
w3g1yvZg,Rated Bullet game,Bullet,60+0,mategolas,cheems_ka_best_fren,1942,1998,,,HUMAN_vs_HUMAN,1-0,B30,25
OLXWYhuZ,Rated Bullet game,Bullet,60+0,chesslooover,eltigrecu,2333,2395,,,HUMAN_vs_HUMAN,0-1,A07,58
LIPL8ZWJ,Rated Bullet game,Bullet,60+0,topspopxd,bohabich,1453,1567,,,HUMAN_vs_HUMAN,1-0,C44,59
mlgdkNZU,Rated Bullet game,Bullet,60+0,Ant107,Alesha_shah,2059,2047,,,HUMAN_vs_HUMAN,0-1,B21,42
xSuk0gdZ,Rated Bullet game,Bullet,60+0,joaplayerXD,neso77,1382,1321,,,HUMAN_vs_HUMAN,0-1,B06,66
4o0iSlLb,Rated Bullet game,Bullet,60+0,extrainstinct,remy86,1571,1582,,,HUMAN_vs_HUMAN,0-1,B10,64
anM1jV6x,Rated Bullet game,Bullet,60+0,Chess7Events,ezgicaglayann,2072,2107,,,HUMAN_vs_HUMAN,0-1,A80,102
KhdFORzw,Rated Bullet game,Bullet,60+0,tamnsh,fermi1,1620,1660,,,HUMAN_vs_HUMAN,1-0,C41,47
1yK0btn7,Rated Bullet game,Bullet,60+0,CrispyOnion,Yoandri11,1842,1912,,,HUMAN_vs_HUMAN,1-0,D31,55
oE2VR8RS,Rated Bullet game,Bullet,60+0,od507,ItzProPvp,2300,2374,,,HUMAN_vs_HUMAN,0-1,B27,96
opV6ToDi,Rated Rapid game,Rapid,600+5,Fenv1ll,ZeRaMGaD,1655,1614,,,HUMAN_vs_HUMAN,1-0,A00,63
vaOsrit3,Rated Blitz game,Blitz,180+2,oraimo47,piks88rch,1677,1681,,,HUMAN_vs_HUMAN,0-1,A00,62
ib9x0ks3,Rated Blitz game,Blitz,180+2,oussama123987456,panmaciej,1576,1528,,,HUMAN_vs_HUMAN,0-1,C50,46
ogISo8iN,Rated Blitz game,Blitz,180+2,ElPajaroChees,V270380,1138,1179,,,HUMAN_vs_HUMAN,1-0,A40,37
Ah0jhXPi,Rated Blitz game,Blitz,180+2,DRE1995,hamid40,1845,1837,,,HUMAN_vs_HUMAN,0-1,B01,120
EAKLmOBA,Rated Blitz game,Blitz,180+2,csruffles,Bolbol67,1400,1435,,,HUMAN_vs_HUMAN,1/2-1/2,C47,119
zrTuhBuk,Rated Blitz game,Blitz,180+2,VladaPeric,Ralip,2138,2222,,,HUMAN_vs_HUMAN,1-0,B83,49
PwTYxGy2,Rated Blitz game,Blitz,180+2,nicky9922,bb2800,2353,2365,,,HUMAN_vs_HUMAN,0-1,B90,58
Rm5HFH9P,Rated Blitz game,Blitz,180+2,AmrMohsen1907,hilberTransform,1063,1040,,,HUMAN_vs_HUMAN,0-1,C42,40
JZdTzQiY,Rated Blitz game,Blitz,180+2,Roman_Yakovlev_raido,sparks97,1939,1900,,,HUMAN_vs_HUMAN,0-1,C31,124
6Tg0niaj,Rated Blitz game,Blitz,180+2,R2Mate,Charlysarabia,1812,1686,,,HUMAN_vs_HUMAN,1-0,B54,61
zJISXKJe,Rated Blitz game,Blitz,180+2,crozooka,davidhummel,1562,1613,,,HUMAN_vs_HUMAN,1-0,C23,47
7MqV80Az,Rated Blitz game,Blitz,180+2,Ismail_Benghanem,LambdaPlayer,1210,1306,,,HUMAN_vs_HUMAN,1-0,A40,41
qUfbsUCS,Rated Rapid game,Rapid,720+3,Kunst_met_grote_K,robieck,1075,1089,,,HUMAN_vs_HUMAN,0-1,B00,37
Jsawv0Js,Rated Rapid game,Rapid,600+0,karan750,perica1971,1915,1856,,,HUMAN_vs_HUMAN,1-0,C57,11
92Pd0eWu,Rated Rapid game,Rapid,600+0,vanya-m,fauzan13,1153,1148,,,HUMAN_vs_HUMAN,1-0,C00,29
egS9ezmz,Rated Rapid game,Rapid,600+0,Feelxpawn,tcsheburator,2125,2075,,,HUMAN_vs_HUMAN,1/2-1/2,B10,139
HFcvZ4My,Rated Bullet game,Bullet,60+0,Ugur_Erdogan,Reminerva,2531,2657,,,HUMAN_vs_HUMAN,1-0,A43,87
QgEwjcDM,Rated Bullet game,Bullet,60+0,elliot477,gooeypinetree,1218,1218,,,HUMAN_vs_HUMAN,1-0,A40,83
noi5VjTP,Rated Bullet game,Bullet,60+0,wilsoncg1982,HansGruber01,2167,2152,,,HUMAN_vs_HUMAN,0-1,B02,56
69dNpyuz,Rated Bullet game,Bullet,60+0,sebastianocampo,satkk,1729,1743,,,HUMAN_vs_HUMAN,1-0,A40,63
Vc4xERfg,Rated Bullet game,Bullet,60+0,Not_smart_goose,Ujitsu,1397,1424,,,HUMAN_vs_HUMAN,0-1,D02,54
LPJtDr7B,Rated Bullet game,Bullet,60+0,A_n_a_t_o_l_i_y,wildcosmic4,2002,2003,,,HUMAN_vs_HUMAN,0-1,A08,84
T1MnkKPI,Rated Bullet game,Bullet,60+0,shadynasty87,Depechec,2133,2179,,,HUMAN_vs_HUMAN,0-1,B10,53
WAvK7JPS,Rated Rapid game,Rapid,1200+0,fanega73,Nasc1,1250,1266,,,HUMAN_vs_HUMAN,1-0,B33,55
rEE2msI0,Rated Blitz game,Blitz,180+0,Ramizzzzzzzzzzzz,AhmedKhalilAbdellah,836,934,,,HUMAN_vs_HUMAN,1-0,C46,37
OymDx91C,Rated Blitz game,Blitz,300+0,YeYo507,Geni69,1346,1358,,,HUMAN_vs_HUMAN,1-0,B20,41
tuuLoXh1,Rated Blitz game,Blitz,300+0,camposperez,geni1960,1248,1252,,,HUMAN_vs_HUMAN,0-1,A40,74
QeKx0DL3,Rated Blitz game,Blitz,300+0,VVBovkun,PaulM8588,1778,1981,,,HUMAN_vs_HUMAN,0-1,B20,52
w0QugWPP,Rated Blitz game,Blitz,300+0,svao12,Oge_Triumph,1123,1105,,,HUMAN_vs_HUMAN,0-1,D20,58
qvhrjx1O,Rated Blitz game,Blitz,300+0,DNAMALIDIA,TitancitoCK,1181,1200,,,HUMAN_vs_HUMAN,0-1,C40,36
XOgnillG,Rated Blitz game,Blitz,300+0,Kimiko33,jjoshicu,1081,1081,,,HUMAN_vs_HUMAN,1-0,B10,79
ju2pJmSs,Rated Blitz game,Blitz,300+0,Simyaci01,devil_king,1952,1909,,,HUMAN_vs_HUMAN,1-0,D02,169
cwurBc8N,Rated Blitz game,Blitz,300+0,Brainparadoxon,exomen,1547,1484,,,HUMAN_vs_HUMAN,0-1,B06,40
JHPZXCIw,Rated Blitz game,Blitz,300+0,Blackneohart,Alireza0077,1652,1648,,,HUMAN_vs_HUMAN,0-1,B10,136
cWjCGlvK,Rated Blitz game,Blitz,300+0,MRASSI,MrGolf,1294,1320,,,HUMAN_vs_HUMAN,0-1,A00,118
Yzb3tbAf,Rated Blitz game,Blitz,300+0,vmartinezi,misa29,1431,1399,,,HUMAN_vs_HUMAN,1-0,C50,27
iqNfbmfz,Rated Blitz game,Blitz,300+0,Prampram,palerider503,1799,1734,,,HUMAN_vs_HUMAN,1-0,B20,59
wikf4QT7,Rated Blitz game,Blitz,300+0,alim149,kareemegyptien,1892,1867,,,HUMAN_vs_HUMAN,1-0,A40,101
PzZ8SJQz,Rated Blitz game,Blitz,300+0,victorhugoalfaro,Xadrez07,1694,1695,,,HUMAN_vs_HUMAN,0-1,B02,172
UZ3wKyRS,Rated Blitz game,Blitz,300+0,shiitaco,chessperu22,2050,2056,,,HUMAN_vs_HUMAN,0-1,B01,80
56b8aA0Y,Rated Blitz game,Blitz,300+0,tabarigen,selimmessadia,1568,1581,,,HUMAN_vs_HUMAN,1-0,A40,21
SGALHCkn,Rated Bullet game,Bullet,120+1,B0bby_fisher,pawnchitter,1736,1732,,,HUMAN_vs_HUMAN,1-0,A16,105
20mynDQf,Rated Bullet game,Bullet,120+1,Newyorker10026,Pre_K,1348,1354,,,HUMAN_vs_HUMAN,0-1,B20,46
rXuFF14p,Rated Bullet game,Bullet,120+1,garoofmoon,lozhka97,1690,1662,,,HUMAN_vs_HUMAN,0-1,A36,24
7l8giUnJ,Rated Bullet game,Bullet,120+1,GoMachteld,gambit8211,1438,1398,,,HUMAN_vs_HUMAN,0-1,A00,30
pW4LH65j,Rated Bullet game,Bullet,120+1,johnnsteed,PolarBear55,1956,1862,,,HUMAN_vs_HUMAN,0-1,A38,32
txG349nx,Rated Bullet game,Bullet,120+1,groovinbass,Nulls_X,1367,1358,,,HUMAN_vs_HUMAN,1-0,C68,95
6zp5jcrm,Rated Bullet game,Bullet,120+1,SneedFlanders14,Ginova,1124,1152,,,HUMAN_vs_HUMAN,0-1,A40,60
eGBHJlrH,Rated Bullet game,Bullet,120+1,Eiad-fayez,Henkan67,1974,1969,,,HUMAN_vs_HUMAN,1-0,B00,67
P6hCDnMM,Rated Bullet game,Bullet,120+1,Javerso,M_Flanco,1774,1744,,,HUMAN_vs_HUMAN,1/2-1/2,A40,54
URvjpDIj,Rated Bullet game,Bullet,120+1,kus4art,ARC-5555,2010,1993,,,HUMAN_vs_HUMAN,1-0,A00,49
L78ezMax,Rated Bullet game,Bullet,120+1,Signorchecky,sonsoeg,840,826,,,HUMAN_vs_HUMAN,1-0,D50,27
Yn4JuKGy,Rated Blitz game,Blitz,180+2,Loki77,Elmokhtari7320,1961,1937,,,HUMAN_vs_HUMAN,1-0,B21,60
zzVvvftM,Rated Blitz game,Blitz,180+2,Manuita123,paleta,1886,1904,,,HUMAN_vs_HUMAN,1/2-1/2,A10,92
veOeeLz2,Rated Blitz game,Blitz,180+2,trkaljanov,Estivella,2249,2252,,,HUMAN_vs_HUMAN,0-1,B35,62
MFwrntlz,Rated Blitz game,Blitz,180+2,Gauss1985,jehafi6658,1762,1650,,,HUMAN_vs_HUMAN,1-0,A00,83
RmdT3oef,Rated Blitz game,Blitz,180+2,vavilon41v,ryancurran,1218,1251,,,HUMAN_vs_HUMAN,1-0,C20,24
Bn9J5Oy4,Rated Blitz game,Blitz,180+2,mindfulness_of_HP,alikrdnzz,1536,1533,,,HUMAN_vs_HUMAN,1-0,C42,87
2zNZU9id,Rated Blitz game,Blitz,180+2,vojtisj,HealingSoon,987,1072,,,HUMAN_vs_HUMAN,0-1,A40,54
CI0hrsqa,Rated Blitz game,Blitz,180+2,vmvaldivia,slyso,1077,1149,,,HUMAN_vs_HUMAN,0-1,B01,30
RngmmTQ8,Rated Blitz game,Blitz,180+2,laglag,xChallenger101x,2078,2069,,,HUMAN_vs_HUMAN,1/2-1/2,C50,91
jVFmjgVV,Rated Blitz game,Blitz,180+2,ManuelCordon,jcoronav,1458,1464,,,HUMAN_vs_HUMAN,0-1,C40,44
2ELPmXc2,Rated Blitz game,Blitz,180+2,joellllllll,indiebd,1482,1466,,,HUMAN_vs_HUMAN,0-1,A45,52
sKWoYaC4,Rated Rapid game,Rapid,600+0,FoxyMatt,ivanzone,1719,1670,,,HUMAN_vs_HUMAN,1/2-1/2,C00,138
ogehgpOK,Rated Rapid game,Rapid,600+0,Taharqachess,AratKilo,1591,1663,,,HUMAN_vs_HUMAN,0-1,A45,68
MfjGCUhy,Rated Rapid game,Rapid,600+0,osmanyasakci,Ygonik,1183,1167,,,HUMAN_vs_HUMAN,0-1,C50,18
6afPUZce,Rated Rapid game,Rapid,600+0,A_K_47,Egg_0,2163,2266,,,HUMAN_vs_HUMAN,0-1,A08,70
yFz6ftPI,Rated Rapid game,Rapid,600+0,UsagiBlunder,Prinscley,1922,1925,,,HUMAN_vs_HUMAN,1-0,C02,69
LNNszrsk,Rated Rapid game,Rapid,600+0,ULinChen,latif96,1046,980,,,HUMAN_vs_HUMAN,1-0,C29,41
9Xqx3RFG,Rated Rapid game,Rapid,600+0,Mkonan3,Hugo-Tapias,1526,1538,,,HUMAN_vs_HUMAN,1-0,D00,61
VakCP1rQ,Rated Rapid game,Rapid,600+0,apostolis_pap,Oleksii0207,1483,1585,,,HUMAN_vs_HUMAN,0-1,C48,26
470cOh3U,Rated Rapid game,Rapid,600+0,leehigh,muzicar,1731,1727,,,HUMAN_vs_HUMAN,1-0,A43,149
Vs7FQZ4l,Rated Rapid game,Rapid,600+0,Gove7,Anirudh-04,897,795,,,HUMAN_vs_HUMAN,1-0,C20,9
f92HenwE,Rated Bullet game,Bullet,60+0,Sirozha,Queen_Whooper,1975,2079,,,HUMAN_vs_HUMAN,0-1,B10,8
KLsmwzoN,Rated Bullet game,Bullet,120+0,Waterbottle1,Nazgul70,1086,1161,,,HUMAN_vs_HUMAN,0-1,B10,58
vC0DYgBm,Rated Bullet game,Bullet,60+0,WINNERCHESSWINNER,Gotit111111,1234,1262,,,HUMAN_vs_HUMAN,0-1,C50,74
FbBmYUu2,Rated Bullet game,Bullet,60+0,Mehmed_Akif23,jawsek,1224,1172,,,HUMAN_vs_HUMAN,1-0,B30,29
4cKMJXqu,Rated Bullet game,Bullet,60+0,danfjd,ibroshchik,1681,1668,,,HUMAN_vs_HUMAN,1-0,D08,45
xice6ze3,Rated Bullet game,Bullet,60+0,sockdolager47,LORDOCT,1789,1770,,,HUMAN_vs_HUMAN,1-0,C02,51
yWPcmpkJ,Rated Bullet game,Bullet,60+0,BlackGhostKinG,IvanMihaelPetro,2028,2048,,,HUMAN_vs_HUMAN,0-1,D00,78
rgDFCpdz,Rated Bullet game,Bullet,60+0,SHAHRAM-Khoshseffat,pablitoblanc1,1780,1817,,,HUMAN_vs_HUMAN,1-0,A43,39
B1nE5qX7,Rated Bullet game,Bullet,60+0,anisolotest,Vladimirlukin,2254,2227,,,HUMAN_vs_HUMAN,1-0,B30,49
N3g3Iy8f,Rated Bullet game,Bullet,60+0,KARMAISTHETOP,Sameil,1268,1277,,,HUMAN_vs_HUMAN,1-0,B00,75
Pl3BtJBl,Rated Bullet game,Bullet,60+0,anthroposophist,GuillermoArroyo,1962,1998,,,HUMAN_vs_HUMAN,0-1,A00,74
VCLMRxfP,Rated Bullet game,Bullet,60+0,ryebread4,RexEcki,2038,2071,,,HUMAN_vs_HUMAN,0-1,C25,50
bf1ac7pF,Rated Bullet game,Bullet,60+0,SelcukMKA,Brahayan-2008,1091,1012,,,HUMAN_vs_HUMAN,0-1,B32,28
Tui2gGbP,Rated Bullet game,Bullet,60+0,roma1302,jellis23,1668,1672,,,HUMAN_vs_HUMAN,0-1,B27,48
YbhI7RfS,Rated Bullet game,Bullet,60+0,peguji,Capadorada,1774,1846,,,HUMAN_vs_HUMAN,0-1,C00,56
Rd5ojCb7,Rated Bullet game,Bullet,60+0,A-10urpp,Yanz1264,1641,1666,,,HUMAN_vs_HUMAN,0-1,D00,48
LHOWoNdz,Rated Bullet game,Bullet,60+0,Seu_Ariovaldo,EdwardPhs,2097,2072,,,HUMAN_vs_HUMAN,0-1,A21,58
eAz4EngA,Rated Bullet game,Bullet,60+0,Estrellita25,Stayclose2Queen,1146,1129,,,HUMAN_vs_HUMAN,1-0,A45,31
1sYpZoRK,Rated Bullet game,Bullet,60+0,Adrian4ever,AhmedMe4,1362,1310,,,HUMAN_vs_HUMAN,1-0,C50,101
XjmY7teM,Rated Bullet game,Bullet,60+0,Marke76,FlameNuts,1428,1396,,,HUMAN_vs_HUMAN,1-0,C67,35
VFx0ABUE,Rated Bullet game,Bullet,60+0,PedroVGarcia,Surcomx100,1596,1624,,,HUMAN_vs_HUMAN,1-0,C00,71
wejSyNn5,Rated Bullet game,Bullet,60+0,Oplm123432,Tyeedavis,1878,1912,,,HUMAN_vs_HUMAN,1-0,B10,75
p0BT5QA7,Rated Bullet game,Bullet,60+0,Gran_panda,kangahmad,2212,2177,,,HUMAN_vs_HUMAN,1-0,A40,57
txy5oAWT,Rated Bullet game,Bullet,60+0,koxjax,With_Strength_I_Burn,2132,2155,,,HUMAN_vs_HUMAN,1-0,D02,95
Dv2e4cpl,Rated Bullet game,Bullet,60+0,Ghost_0007,vallecito,2318,2368,,,HUMAN_vs_HUMAN,0-1,A40,76
zJKdhzOH,Rated Bullet game,Bullet,60+0,GastonCampos12,guimo,1744,1766,,,HUMAN_vs_HUMAN,0-1,C44,84
AD5pRTt6,Rated Bullet game,Bullet,120+1,philipcares,AVVostrukhov,2023,2033,,,HUMAN_vs_HUMAN,0-1,D35,84
OLlDJqcM,Rated Bullet game,Bullet,60+0,minalabh,prefabknight,2244,2254,,,HUMAN_vs_HUMAN,1-0,B23,63
JXM7JVOa,Rated Blitz tournament https://lichess.org/tournament/uqLHovX4,Blitz,300+0,camaradafibrik6,JorgeJAC1,1547,1633,,,HUMAN_vs_HUMAN,1-0,D02,97
ZaopGfxj,Rated Blitz tournament https://lichess.org/tournament/uqLHovX4,Blitz,300+0,oneuselessboiii,danteeinarsson,1604,1590,,,HUMAN_vs_HUMAN,1-0,A00,61
VJWe0pcm,Rated Blitz tournament https://lichess.org/tournament/uqLHovX4,Blitz,300+0,carloscabeza23,limpuirg,1542,1546,,,HUMAN_vs_HUMAN,0-1,B13,89
hHTFyCMQ,Rated Blitz tournament https://lichess.org/tournament/uqLHovX4,Blitz,300+0,konon52,markusgenesis,1635,1621,,,HUMAN_vs_HUMAN,0-1,C00,72
M9ayY9EZ,Rated Blitz tournament https://lichess.org/tournament/g50G9ffx,Blitz,180+0,Laudis70,Patsai_Fedor,1961,966,,,HUMAN_vs_HUMAN,1-0,D00,73
6ZhkrCtX,Rated Blitz tournament https://lichess.org/tournament/uqLHovX4,Blitz,300+0,Dimas040681,Richie95,1526,1452,,,HUMAN_vs_HUMAN,1-0,A40,1
QqLyOauP,Rated Blitz tournament https://lichess.org/tournament/uqLHovX4,Blitz,300+0,MAURICIO1973,Nian1422,1532,1531,,,HUMAN_vs_HUMAN,0-1,B20,70
p2BFIed0,Rated Blitz tournament https://lichess.org/tournament/g50G9ffx,Blitz,180+0,ddjfdfjh,DJY5,1816,1851,,,HUMAN_vs_HUMAN,0-1,C41,94
34lUNIDB,Rated Blitz tournament https://lichess.org/tournament/g50G9ffx,Blitz,180+0,samerdeb1,Jorgemario2015,1862,1856,,,HUMAN_vs_HUMAN,1-0,D06,55
Izd21Ich,Rated Blitz tournament https://lichess.org/tournament/g50G9ffx,Blitz,180+0,neto39,Pukuw,1459,1433,,,HUMAN_vs_HUMAN,0-1,C42,50
41TlcBV6,Rated Blitz tournament https://lichess.org/tournament/g50G9ffx,Blitz,180+0,NightfallNirvana,SLAVA_UKRAINE_SLAVA,1749,1701,,,HUMAN_vs_HUMAN,1-0,A00,45
iHlrmWqq,Rated Blitz tournament https://lichess.org/tournament/g50G9ffx,Blitz,180+0,Ch3zzGod,BOJHO,1175,1659,,,HUMAN_vs_HUMAN,0-1,A48,66
LBTsR8XZ,Rated Blitz tournament https://lichess.org/tournament/uqLHovX4,Blitz,300+0,championschess10,Desral,1621,1381,,,HUMAN_vs_HUMAN,1-0,A00,69
Xf33jm2f,Rated Bullet tournament https://lichess.org/tournament/JywpPPLX,Bullet,60+0,KatyaSid,MikeHansen_68309,1909,1688,,,HUMAN_vs_HUMAN,0-1,B13,70
BvKrX5t6,Rated Bullet tournament https://lichess.org/tournament/JywpPPLX,Bullet,60+0,I_Sergey,PIELIEME,1983,2365,,,HUMAN_vs_HUMAN,0-1,B00,70
9XyZeB65,Rated Bullet tournament https://lichess.org/tournament/JywpPPLX,Bullet,60+0,Brann27,rsa-id,1770,2096,,,HUMAN_vs_HUMAN,0-1,B10,104
4anYC6Q6,Rated Bullet tournament https://lichess.org/tournament/JywpPPLX,Bullet,60+0,BarisicR,sternjak,1497,1664,,,HUMAN_vs_HUMAN,0-1,B06,84
JTpqiRTJ,Rated Bullet tournament https://lichess.org/tournament/JywpPPLX,Bullet,60+0,Alexey_Ustinov,grandmastergauri,2563,2820,FM,FM,HUMAN_vs_HUMAN,0-1,A48,52
4NC9rXB1,Rated Bullet tournament https://lichess.org/tournament/JywpPPLX,Bullet,60+0,maaiteee,Cabedenaras,1447,1702,,,HUMAN_vs_HUMAN,1-0,B40,57
CRRvYRQh,Rated Bullet tournament https://lichess.org/tournament/JywpPPLX,Bullet,60+0,Archiethedogo2,Guilty_Mind,1566,2010,,,HUMAN_vs_HUMAN,1-0,B00,133
XkvJ52Yk,Rated Bullet tournament https://lichess.org/tournament/JywpPPLX,Bullet,60+0,digeri,ml85,2294,1847,,,HUMAN_vs_HUMAN,1-0,D11,89
noq7d2ZI,Rated Blitz game,Blitz,300+0,pulius,RonaldoR9,1896,1880,,,HUMAN_vs_HUMAN,1-0,D02,107
wy9gXr5w,Rated Bullet game,Bullet,30+0,tthaumea343,miaqimobas,2112,1962,,,HUMAN_vs_HUMAN,1-0,B01,117
BFMYG9ew,Rated Bullet game,Bullet,60+0,Teafour,ManuelGaddafi,2212,2155,,,HUMAN_vs_HUMAN,1-0,D10,55
idkcdKpx,Rated Blitz game,Blitz,180+0,Jorgeblumen,Espectre138,1563,1560,,,HUMAN_vs_HUMAN,0-1,C62,84
9xc1WqFP,Rated Blitz game,Blitz,180+0,josuejesus1234,ChessMoon2,2134,2130,,,HUMAN_vs_HUMAN,1-0,A40,83
1LOx4vZh,Rated Blitz game,Blitz,180+0,CaughtInAZugzwang,Dukagjin1,1675,1679,,,HUMAN_vs_HUMAN,0-1,B06,82
HQeilQzX,Rated Blitz game,Blitz,180+0,HarryYi,chirimayo,1724,1719,,,HUMAN_vs_HUMAN,1-0,B23,35
m3jKK6mI,Rated Blitz game,Blitz,180+0,Tancet,Themoul,1592,1595,,,HUMAN_vs_HUMAN,0-1,B13,120
1wa72GFj,Rated Blitz game,Blitz,180+0,Est357,Coss777,1938,1953,,,HUMAN_vs_HUMAN,1-0,B50,55
aKvgG75u,Rated Blitz game,Blitz,180+0,Bishop26,Luke_Skywalker12,1777,1773,,,HUMAN_vs_HUMAN,0-1,B01,76
0G5Cv0Ix,Rated Blitz game,Blitz,180+0,ThePythonGambit,Artemid,1787,1808,,,HUMAN_vs_HUMAN,1-0,C58,49
gwltluP0,Rated Blitz game,Blitz,180+0,pamarmat,Aikrechko,1713,1706,,,HUMAN_vs_HUMAN,1-0,C21,63
6ZyJHkr6,Rated Blitz game,Blitz,180+0,Kirill_t100107,FARES_2003_3,2260,2247,,,HUMAN_vs_HUMAN,1/2-1/2,A01,91
Oy4veLxC,Rated Blitz game,Blitz,180+0,kurt4,eci93,1813,1907,,,HUMAN_vs_HUMAN,0-1,A40,22
7cExX7oE,Rated Blitz game,Blitz,180+0,Hassan_chess22,Muli20,1552,1527,,,HUMAN_vs_HUMAN,1-0,C01,63
uuTteIdH,Rated Blitz game,Blitz,180+0,hnj2691,kingPugilistPatzer,1680,1702,,,HUMAN_vs_HUMAN,0-1,A40,98
IMYuhQnE,Rated Blitz game,Blitz,180+0,Claudius-Galenus,volkeroficial,1697,1743,,,HUMAN_vs_HUMAN,1-0,B20,43
M2StBMr9,Rated Blitz game,Blitz,180+0,Donaconda,Ashrimad,1193,1148,,,HUMAN_vs_HUMAN,1-0,C50,101
aOL8MfIZ,Rated Blitz game,Blitz,180+0,nkso,luysMoreno,2138,2169,,,HUMAN_vs_HUMAN,1-0,C62,47
wAyOjXFO,Rated Bullet game,Bullet,30+0,papayka,acemi23,2341,2305,,,HUMAN_vs_HUMAN,1-0,A00,87
OykcwbSw,Rated Blitz game,Blitz,300+0,MidnasLament,hil-1,1799,1778,,,HUMAN_vs_HUMAN,0-1,C50,68
k0IyRye3,Rated Blitz game,Blitz,300+0,Maroc07,Ammar733,1700,1743,,,HUMAN_vs_HUMAN,0-1,D00,66
QfqzFhIn,Rated Blitz game,Blitz,180+2,Mohamedv_5589,Alan_Gdd,1479,1482,,,HUMAN_vs_HUMAN,1-0,C42,31
W32a7h9i,Rated Bullet game,Bullet,120+0,chessstra,karmnik,1672,1716,,,HUMAN_vs_HUMAN,0-1,A00,58
ymFcjSql,Rated Blitz game,Blitz,300+0,Nikolai_Nedospasov11,iamcarlitos17,1616,1663,,,HUMAN_vs_HUMAN,1-0,C30,59
zUO3ba4X,Rated Bullet game,Bullet,60+0,PremiumScotch,Erklpickle,1805,1844,,,HUMAN_vs_HUMAN,0-1,C44,56
NNbvteSf,Rated Bullet game,Bullet,60+0,shrijoshi1975,yghervas,1188,1224,,,HUMAN_vs_HUMAN,1-0,C20,61
GgEOvQu9,Rated Bullet game,Bullet,60+0,LimberXBT,patrick_b0tem0n,1449,1461,,,HUMAN_vs_HUMAN,1-0,A01,45
i7pjawwW,Rated Bullet game,Bullet,60+0,shigstermigster,ilhamimetin86,1894,1890,,,HUMAN_vs_HUMAN,0-1,A40,62
LgHnBSxH,Rated Bullet game,Bullet,60+0,xelec,A_Dasein,1869,1857,,,HUMAN_vs_HUMAN,1/2-1/2,C41,63
EFpkbb18,Rated Bullet game,Bullet,60+0,gyurygyury,ruslan95055,1937,1895,,,HUMAN_vs_HUMAN,0-1,B17,62
RQlzYMTm,Rated Bullet game,Bullet,60+0,xavis_5,HEROoIN,1967,1989,,,HUMAN_vs_HUMAN,0-1,B01,100
nPgDex1W,Rated Bullet game,Bullet,60+0,one_move_combination,Abramyan_Artur,2338,2387,,,HUMAN_vs_HUMAN,0-1,A40,100
dX7kxNup,Rated Bullet game,Bullet,60+0,Mojay31,Dmitrij1S,1011,987,,,HUMAN_vs_HUMAN,0-1,C40,62
RHlPnjaN,Rated Bullet game,Bullet,60+0,BUPA2000,adityatpr,1644,1651,,,HUMAN_vs_HUMAN,1-0,A45,113
rotRjPvg,Rated Bullet game,Bullet,60+0,EL_Makuwex,BarucAlvarez,1801,1753,,,HUMAN_vs_HUMAN,0-1,A46,58
75w6irVk,Rated Bullet game,Bullet,60+0,laufer_02,simmam,1719,1750,,,HUMAN_vs_HUMAN,0-1,C50,36
V1mj7pGT,Rated Bullet game,Bullet,60+0,Cloudxii,ramz45,1616,1602,,,HUMAN_vs_HUMAN,1-0,B30,81
GuaVuQAz,Rated Bullet game,Bullet,60+0,Jibbymaster,Andres327,1997,2078,,,HUMAN_vs_HUMAN,1-0,D00,77
sXhshIIT,Rated Bullet game,Bullet,60+0,ElderPliny,sinaliento21,2301,2300,,,HUMAN_vs_HUMAN,0-1,C10,70
V92nPRma,Rated Bullet game,Bullet,60+0,Ahmeterarslan,Blunder-in-one,2156,2276,,,HUMAN_vs_HUMAN,0-1,A00,88
SpXl5ExG,Rated Bullet game,Bullet,60+0,reyceron001,armen-5,1394,1409,,,HUMAN_vs_HUMAN,1-0,A02,71
qlOfpNKS,Rated Bullet game,Bullet,60+0,petros1305,prvn22222,2145,2030,,,HUMAN_vs_HUMAN,1-0,A40,57
KtEG3tiI,Rated Blitz game,Blitz,240+4,acer,mheadley,1677,1648,,,HUMAN_vs_HUMAN,0-1,A00,124
T3Y02QHS,Rated Bullet game,Bullet,120+1,NILDSONJRJF,AMR008,1409,1388,,,HUMAN_vs_HUMAN,1-0,C20,75
JwWNFdkx,Rated Bullet game,Bullet,120+1,azchi11,dmcgough,1377,1344,,,HUMAN_vs_HUMAN,1-0,D00,35
VIHdjJlC,Rated Bullet game,Bullet,120+1,PenguinTheRico,MisterChrist,1461,1585,,,HUMAN_vs_HUMAN,1-0,D05,133
uSCbVMmV,Rated Bullet game,Bullet,120+1,leethielemier,toledo123321,1589,1634,,,HUMAN_vs_HUMAN,0-1,C36,66
GsesviLV,Rated Bullet game,Bullet,120+1,asdlmao62,ayman_s,1784,1730,,,HUMAN_vs_HUMAN,1-0,B90,35
A7xAAhHd,Rated Bullet game,Bullet,120+1,AUTOMECHANIK,yoda71,1933,1829,,,HUMAN_vs_HUMAN,1-0,A00,61
iMNwDiL6,Rated Bullet game,Bullet,120+1,Kotela,wpsdfm,1162,1230,,,HUMAN_vs_HUMAN,0-1,C00,50
sDGX0eyO,Rated Bullet game,Bullet,120+1,Bob-warrior,blazifigus,1274,1257,,,HUMAN_vs_HUMAN,1-0,A40,91
xMM27YB8,Rated Bullet game,Bullet,120+1,Bercellino,D88888888,985,1021,,,HUMAN_vs_HUMAN,1-0,C65,53
PkxkM8cb,Rated Bullet game,Bullet,120+1,wachi_350,Ildzhio_Kolodini,829,732,,,HUMAN_vs_HUMAN,1-0,B01,125
FHdgivCR,Rated Bullet game,Bullet,120+1,FKC131508,peprojas,1649,1666,,,HUMAN_vs_HUMAN,0-1,B02,98
Y87HSMv6,Rated Bullet game,Bullet,120+1,Lelouch939,treboada,965,937,,,HUMAN_vs_HUMAN,1-0,A45,43
4bM8nm0y,Rated UltraBullet game,UltraBullet,15+0,leoissmart,tuc088,860,969,,,HUMAN_vs_HUMAN,1-0,C20,41
YRJdIVeR,Rated Bullet game,Bullet,60+0,mo_tu,ChessSD1,2055,2068,,,HUMAN_vs_HUMAN,0-1,A00,66
wvMz7s4u,Rated Blitz game,Blitz,300+0,Narbella,nic3tomeetyou,1531,1483,,,HUMAN_vs_HUMAN,0-1,B21,58
tK7b4ex7,Rated Blitz game,Blitz,300+0,Johanzx,Cypress_Point,1328,1297,,,HUMAN_vs_HUMAN,1-0,A40,61
hPGHC8Zn,Rated Blitz game,Blitz,300+0,Afredo,djrlanugon,2034,2022,,,HUMAN_vs_HUMAN,0-1,B12,74
THOUbCBK,Rated Blitz game,Blitz,300+0,Andasant2020,sparrowshelby,1726,1721,,,HUMAN_vs_HUMAN,0-1,A41,86
5c8ZJotL,Rated Blitz game,Blitz,300+0,FabrizioMiccoli,myates1970,1842,1855,,,HUMAN_vs_HUMAN,1-0,B23,35
koufGGwR,Rated Blitz game,Blitz,300+0,choppertheking,moryarty,1340,1321,,,HUMAN_vs_HUMAN,0-1,C46,42
ZSn8opHg,Rated Blitz game,Blitz,300+0,qazw11,besher_hr,1202,1206,,,HUMAN_vs_HUMAN,1-0,A40,61
hCIQjwnX,Rated Blitz game,Blitz,300+0,AndrejPW,Ellobodemaradona,1618,1685,,,HUMAN_vs_HUMAN,1-0,A40,27
Vt5W0tpK,Rated Blitz game,Blitz,300+0,Otto76,primp,1749,1760,,,HUMAN_vs_HUMAN,1-0,B50,53
I9eJr9Ae,Rated Blitz game,Blitz,300+0,anthonyasael,iuma,1090,1139,,,HUMAN_vs_HUMAN,0-1,C44,98
EHTNp2FY,Rated Blitz game,Blitz,300+0,jeroddant,pericpera,1947,1942,,,HUMAN_vs_HUMAN,0-1,D00,28
wXUjGabr,Rated Blitz game,Blitz,300+0,yoyo20100000,FosTerRon,1885,1909,,,HUMAN_vs_HUMAN,1-0,C00,89
qZNb0xvL,Rated Blitz game,Blitz,300+0,tahafreddy,CantonGreens,1798,1842,,,HUMAN_vs_HUMAN,0-1,B01,40
UXsSL0je,Rated Blitz game,Blitz,300+0,MrBoulettes,Panterpembe,1589,1575,,,HUMAN_vs_HUMAN,1-0,B00,107
4Xncyzo5,Rated Blitz game,Blitz,300+0,serpicenko,lilipitu,1932,1932,,,HUMAN_vs_HUMAN,1-0,B00,63
17a24MB8,Rated Blitz game,Blitz,180+0,Julianmontoto,guerrero1955,2017,1998,,,HUMAN_vs_HUMAN,0-1,B45,38
rGkomLmn,Rated Blitz game,Blitz,180+0,Bambublino,xynthium,1415,1377,,,HUMAN_vs_HUMAN,1-0,B08,51
VtzOUrMp,Rated Blitz game,Blitz,180+0,Azamat_esil1,GYXN,1729,1771,,,HUMAN_vs_HUMAN,1-0,A00,85
PaRSMXjR,Rated Blitz game,Blitz,180+0,Aar_77on,vegasj,2332,2304,,,HUMAN_vs_HUMAN,1-0,A22,53
KzDH2Zs9,Rated Blitz game,Blitz,180+0,AnthonyParan,tough-guy,2382,2472,,,HUMAN_vs_HUMAN,1-0,E81,51
ugu9QjZt,Rated Blitz game,Blitz,180+0,juniortay,Proikismenos23,2351,2370,CM,,HUMAN_vs_HUMAN,1-0,C00,61
jByEGN4I,Rated Blitz game,Blitz,180+0,yowie67,Bito77,1439,1429,,,HUMAN_vs_HUMAN,1-0,A00,95
JqhLERNG,Rated Blitz game,Blitz,180+0,criquet84,AlexxisCroww,1842,1822,,,HUMAN_vs_HUMAN,0-1,C00,96
QHHkyymF,Rated Blitz game,Blitz,180+0,ironman860323,JZ-24,2033,1987,,,HUMAN_vs_HUMAN,1-0,C44,35
T7cJI5f3,Rated Blitz game,Blitz,180+0,sleep_deep,swindlerzero,1192,1088,,,HUMAN_vs_HUMAN,0-1,C50,14
r4ewRbmZ,Rated Blitz game,Blitz,180+0,demirkhan7177,submarine50,1760,1787,,,HUMAN_vs_HUMAN,1-0,B23,133
1s631Mmg,Rated Blitz game,Blitz,180+0,ahi_yolcu,tunisianmachine,2106,2170,,,HUMAN_vs_HUMAN,0-1,B53,120
JsglgYlu,Rated Bullet game,Bullet,60+0,jv197,Sodermann,2382,2294,,,HUMAN_vs_HUMAN,1-0,A40,95
jZPQHn08,Rated Blitz game,Blitz,180+0,Hunreeth,Dark_Mare,903,910,,,HUMAN_vs_HUMAN,0-1,C42,50
fPt5af9j,Rated Blitz game,Blitz,180+0,andreidd03,flowglobally,1320,1455,,,HUMAN_vs_HUMAN,0-1,C42,66
f21FwYCY,Rated Blitz game,Blitz,180+0,FoxOrLion,Daiam1988,1455,1369,,,HUMAN_vs_HUMAN,1-0,C50,43
rg6Kyrdw,Rated Blitz game,Blitz,180+0,jagan185,Ashura8,1154,1093,,,HUMAN_vs_HUMAN,1-0,B21,53
JHl9HLjx,Rated Blitz game,Blitz,180+0,andrelopes,Pol64,1914,1907,,,HUMAN_vs_HUMAN,1-0,B41,107
BqZxC5Vp,Rated Blitz game,Blitz,180+0,KnightofCheckmates,tsahirouibrahim01,1363,1256,,,HUMAN_vs_HUMAN,1-0,C20,81
WejLEQxY,Rated Blitz game,Blitz,180+0,Jaime_MCh,lenuam_navi,1630,1607,,,HUMAN_vs_HUMAN,1-0,B01,47
zMlrlyqE,Rated Blitz game,Blitz,180+0,AlphaKewin,kkChelson,1006,1048,,,HUMAN_vs_HUMAN,1-0,D20,55
wGNkMwNM,Rated Blitz game,Blitz,180+0,CEOclatchey,hamid1387,2017,2029,,,HUMAN_vs_HUMAN,0-1,C20,68
Mil9bsmR,Rated Blitz game,Blitz,180+0,moustafaabada,EvalNEGATIVE,2079,2083,,,HUMAN_vs_HUMAN,1-0,C00,75
QdqQPuRl,Rated Blitz game,Blitz,180+0,snipperG,buby88,2001,1995,,,HUMAN_vs_HUMAN,1-0,C01,43
Ikoa7eBB,Rated Blitz game,Blitz,180+0,nyemot,nextgm2022,2361,2389,,,HUMAN_vs_HUMAN,1-0,D02,83
4ebozuB2,Rated Blitz game,Blitz,180+0,Goldlund,vegeta1997,2145,2171,,,HUMAN_vs_HUMAN,1-0,A48,73
V9Wvo0yN,Rated Blitz game,Blitz,180+0,Andresenigma,Ytrio,1732,1794,,,HUMAN_vs_HUMAN,0-1,B06,84
7RYYO7bl,Rated Blitz game,Blitz,180+0,hugoaper,knight75,1796,1888,,,HUMAN_vs_HUMAN,0-1,B20,56
HYf8F6ip,Rated Blitz game,Blitz,180+0,Pompeyo14,Kazuyaelpro,2062,2058,,,HUMAN_vs_HUMAN,0-1,C47,80
sB3qIRVR,Rated Blitz game,Blitz,180+0,adrianv21,MariaLuzC,933,939,,,HUMAN_vs_HUMAN,0-1,D02,14
La2Bkfu1,Rated Blitz game,Blitz,300+0,ggg1957,DahirHY,1980,1943,,,HUMAN_vs_HUMAN,0-1,D20,78
0g0bcoYL,Rated Blitz game,Blitz,300+0,RS-Golflehrer,seroo00,1579,1556,,,HUMAN_vs_HUMAN,1-0,B20,51
dG9d9QYV,Rated Blitz game,Blitz,300+0,hshhd,lina7777,1908,1992,,,HUMAN_vs_HUMAN,0-1,B34,56
FCZTXelZ,Rated Blitz game,Blitz,300+0,Petronius_Jablonski,ManuXan,1681,1711,,,HUMAN_vs_HUMAN,0-1,A02,100
bnq3O45u,Rated Blitz game,Blitz,300+0,AmadorJ,michal_bas,1050,1086,,,HUMAN_vs_HUMAN,0-1,B20,122
hAYATSQJ,Rated Blitz game,Blitz,300+0,behnam1991,mohamedghareeb,1376,1369,,,HUMAN_vs_HUMAN,0-1,A00,74
O7uZWfA1,Rated Blitz game,Blitz,300+0,Kana_kanatych,genuinodejesus,1800,1791,,,HUMAN_vs_HUMAN,1-0,C34,65
PI23mSJ1,Rated Blitz game,Blitz,300+0,janinabambina,Ninjalamster,1168,1192,,,HUMAN_vs_HUMAN,1-0,A40,129
ZmdSTsb5,Rated Blitz game,Blitz,300+0,orcas8,ayhanbahsi,1496,1526,,,HUMAN_vs_HUMAN,1-0,D20,43
CDoxkI4x,Rated Blitz game,Blitz,300+0,comoreierainha,Erbolatergali,802,690,,,HUMAN_vs_HUMAN,1-0,A00,57
pkytaG9a,Rated Blitz game,Blitz,300+0,dnkfcr,wilsoncsjunior,1753,1735,,,HUMAN_vs_HUMAN,1-0,C25,49
yJ7A0i0j,Rated Blitz game,Blitz,300+0,togha1973,MokhtarElAaw,1393,1432,,,HUMAN_vs_HUMAN,1-0,B01,49
jHtWu9Yb,Rated Blitz game,Blitz,300+0,mountydew,Majalabert,1622,1656,,,HUMAN_vs_HUMAN,0-1,A13,63
YF6Kib9X,Rated Blitz game,Blitz,300+0,CheckerHelgo,checkthisout04,1250,1249,,,HUMAN_vs_HUMAN,0-1,C34,100
NLrmHfoD,Rated Blitz game,Blitz,300+0,Kexual,Jayro_Marquina07,788,701,,,HUMAN_vs_HUMAN,1/2-1/2,C23,99
w2fI0X8P,Rated Blitz game,Blitz,300+0,Billaltaim,ramoen48,1100,1098,,,HUMAN_vs_HUMAN,1-0,B10,29
5wvB8w1p,Rated Blitz game,Blitz,300+0,bobjefferson,tengomiedosoymalito,1858,1841,,,HUMAN_vs_HUMAN,0-1,A00,76
uyoRWQLK,Rated Blitz game,Blitz,180+2,mahmoudjabr,gaidar07,1854,1884,,,HUMAN_vs_HUMAN,1-0,B16,57
y3Eajm5h,Rated Blitz game,Blitz,180+2,vasilevisotchi,Kingkong01,1828,1824,,,HUMAN_vs_HUMAN,0-1,B00,28
WpfROVEV,Rated Blitz game,Blitz,180+2,selfpin,ericwang451,1737,1735,,,HUMAN_vs_HUMAN,1-0,C30,5
pIx7rO2X,Rated Blitz game,Blitz,180+2,VL_24,Andrew_4109,1770,1600,,,HUMAN_vs_HUMAN,1-0,B01,21
w11w3Rvw,Rated Blitz game,Blitz,180+2,Gatchan,ConDuxVan,1919,1911,,,HUMAN_vs_HUMAN,0-1,A40,66
yr6KCPU0,Rated Blitz game,Blitz,180+2,ikohut,synthwave01,1620,1588,,,HUMAN_vs_HUMAN,0-1,A23,88
xdbK0OiF,Rated Blitz game,Blitz,180+2,NateRiver89,chavit61,1966,1926,,,HUMAN_vs_HUMAN,1-0,C40,61
IhjplLHo,Rated Blitz game,Blitz,180+2,papidelatarixd,temutai,2015,2098,,,HUMAN_vs_HUMAN,0-1,B50,44
MaOgrIYo,Rated Blitz game,Blitz,180+2,Canopusss,mrszkabel,1125,1193,,,HUMAN_vs_HUMAN,0-1,B10,80
z3DCHVBk,Rated Blitz game,Blitz,180+2,htuftela7778840519,JaroChess,980,967,,,HUMAN_vs_HUMAN,0-1,A45,36
2cF65zc1,Rated Blitz game,Blitz,180+2,ROMANII1,Medn_iyya,989,1064,,,HUMAN_vs_HUMAN,1-0,C53,75
6ORR6yz5,Rated Bullet game,Bullet,60+0,Arsen_pro01,GotaZelaya1,1071,966,,,HUMAN_vs_HUMAN,1-0,A00,105
ZqLJdgK3,Rated Rapid game,Rapid,600+0,ireneomolina034,nikothari,1190,1100,,,HUMAN_vs_HUMAN,0-1,C56,36
GJBYX4XC,Rated Rapid game,Rapid,600+0,Oliver74,venkynandre,1731,1687,,,HUMAN_vs_HUMAN,1-0,D11,31
FzgTzA4H,Rated Rapid game,Rapid,600+0,jim-barrymoore,patrobos1,1608,1683,,,HUMAN_vs_HUMAN,1-0,B01,165
qSroiupl,Rated Rapid game,Rapid,600+0,Jamro98,chess-is-logic,1086,961,,,HUMAN_vs_HUMAN,1-0,C40,60
7UUWBrEz,Rated Rapid game,Rapid,600+0,diinekisGR,Sylento97,2083,2102,,,HUMAN_vs_HUMAN,0-1,B00,74
apJu6zud,Rated Rapid game,Rapid,600+0,tino110,MaxImka9120,2025,2080,,,HUMAN_vs_HUMAN,0-1,C28,25
oiepcMCf,Rated Rapid game,Rapid,600+0,nosniv29,Flemqq,1423,1456,,,HUMAN_vs_HUMAN,0-1,C41,80
9gC1mG8H,Rated Rapid game,Rapid,600+0,magnafic,Odayx3,873,932,,,HUMAN_vs_HUMAN,0-1,C22,74
WNATJEmj,Rated Rapid game,Rapid,600+0,iTengu,ivangafasaf,714,779,,,HUMAN_vs_HUMAN,1-0,C20,51
kyMnlgzN,Rated Rapid game,Rapid,600+0,SamyFouad,NCS_20,2153,1900,,,HUMAN_vs_HUMAN,1-0,D30,37
IrMnkDM8,Rated Rapid game,Rapid,600+0,Bobbyarctor,Carlos2677,1828,1951,,,HUMAN_vs_HUMAN,0-1,C01,54
4YLeRjt3,Rated Rapid game,Rapid,600+0,SolsDaNoite1,Rowinja,1839,1802,,,HUMAN_vs_HUMAN,1-0,B10,99
PomiQ79Q,Rated Rapid game,Rapid,600+0,mudafuka123,ali3488,1583,1553,,,HUMAN_vs_HUMAN,1-0,A41,53
t3oaMrM3,Rated Rapid game,Rapid,600+0,rk-123,JenesisMC,1543,1520,,,HUMAN_vs_HUMAN,0-1,C50,82
UI8Gmlh6,Rated Bullet game,Bullet,60+0,B52-Omega,Spisestue,2028,2119,,,HUMAN_vs_HUMAN,0-1,A40,38
90UepqYw,Rated Blitz game,Blitz,300+0,pagnus,adangerousfield,1945,1983,,,HUMAN_vs_HUMAN,0-1,C00,98
W6jOKaDo,Rated Rapid game,Rapid,600+0,aurelius91,AbdullaNabil,2043,2079,,,HUMAN_vs_HUMAN,1-0,A40,78
8oy5TKVv,Rated Rapid game,Rapid,600+0,Pastier,srinubabu,1920,1936,,,HUMAN_vs_HUMAN,1-0,C41,19
CjEycQcn,Rated Rapid game,Rapid,600+0,Sasa_9,Bzzt2703,1392,1510,,,HUMAN_vs_HUMAN,0-1,B12,28
FdIOe9VZ,Rated Rapid game,Rapid,600+0,mateusales23,Guadas55,1288,1293,,,HUMAN_vs_HUMAN,1-0,C48,45
F2XOLXwb,Rated Rapid game,Rapid,600+0,arp12chess,omarsameh16,1226,1257,,,HUMAN_vs_HUMAN,1-0,C44,57
O4TZW8vz,Rated Rapid game,Rapid,600+0,Majistic,Smurfehits,1546,1541,,,HUMAN_vs_HUMAN,1-0,B00,53
xPtI2ey3,Rated Rapid game,Rapid,600+0,FalcolmX,alex20232023,1040,1109,,,HUMAN_vs_HUMAN,1-0,C00,25
MSZXZy9h,Rated Rapid game,Rapid,600+0,Galmix70,JJOO88,1531,1514,,,HUMAN_vs_HUMAN,1-0,B01,25
MdzRJ3Ic,Rated Rapid game,Rapid,600+0,vvYETI,Artmechanical,1678,1671,,,HUMAN_vs_HUMAN,0-1,B01,50
JsDJBe0X,Rated Rapid game,Rapid,600+0,radenorge,Zanchik89,1813,1745,,,HUMAN_vs_HUMAN,1-0,B20,29
ItoeY5S0,Rated Rapid game,Rapid,600+0,gesxn,DerKochvonHeckler,1177,1159,,,HUMAN_vs_HUMAN,0-1,C41,58
QGf6rkly,Rated Rapid game,Rapid,900+10,Shockmaster1,Vitalii14,1781,1768,,,HUMAN_vs_HUMAN,1-0,B01,75
tEg0MvMA,Rated Rapid game,Rapid,900+10,crespo2021,GoBucs,1190,1245,,,HUMAN_vs_HUMAN,0-1,B00,53
ytjASJkZ,Rated Rapid game,Rapid,900+10,Valeriy-B,Killmonger02,1322,1346,,,HUMAN_vs_HUMAN,0-1,C70,54
M1LHgyaM,Rated Rapid game,Rapid,900+10,kn600,Nemo230,1170,1132,,,HUMAN_vs_HUMAN,0-1,B20,64
ahHOpjfw,Rated Bullet tournament https://lichess.org/tournament/BrK0zZ17,Bullet,30+0,Bibleuniversecom,jebatspersonne,2062,1822,,,HUMAN_vs_HUMAN,1-0,D00,45
CI5WTWkc,Rated Blitz tournament https://lichess.org/tournament/Ns2w7TIY,Blitz,180+0,kinokita,Lastsonofosagie,1632,1640,,,HUMAN_vs_HUMAN,1-0,C41,59
z5Dj7JCc,Rated Bullet game,Bullet,120+1,Dessauer,mazx21,1946,1942,,,HUMAN_vs_HUMAN,0-1,C00,76
mYAhYAbz,Rated Bullet game,Bullet,120+1,cicciopasticcino,TEACHERKARTAL,1096,1142,,,HUMAN_vs_HUMAN,0-1,B12,84
OQF14UJF,Rated Bullet game,Bullet,120+1,EddieV25,dicearr,1446,1460,,,HUMAN_vs_HUMAN,1-0,B10,77
fiaMciaq,Rated Bullet game,Bullet,120+1,artist_b,jeffro90,1857,1872,,,HUMAN_vs_HUMAN,0-1,B13,80
DcJuhMhz,Rated Bullet game,Bullet,120+1,shahaaabtaaheripoor,Zibrak,2189,2206,,,HUMAN_vs_HUMAN,0-1,A10,48
OvqOkyAW,Rated Bullet game,Bullet,120+1,alejandromdz,CincinnatusClone,1429,1356,,,HUMAN_vs_HUMAN,0-1,D20,46
DGcXv6wK,Rated Bullet game,Bullet,120+1,b2b5,Momocyta,1542,1472,,,HUMAN_vs_HUMAN,1-0,A00,89
qkSiPeTu,Rated Bullet game,Bullet,120+1,Milioelloco,GASTRODOOM,1083,979,,,HUMAN_vs_HUMAN,0-1,B15,46
NhKowFF0,Rated Bullet game,Bullet,120+1,Lusorillusus,Morphyguy,1547,1568,,,HUMAN_vs_HUMAN,1-0,A56,73
Bg1MZ2S3,Rated Bullet game,Bullet,120+1,Garri911,molenillo,1781,1834,,,HUMAN_vs_HUMAN,1-0,A00,55
CLO1glUh,Rated Bullet game,Bullet,120+1,sebaskov,verpfuscht,1939,1932,,,HUMAN_vs_HUMAN,0-1,A10,44
yIxa1VgB,Rated Bullet game,Bullet,120+1,Lizarraldekoa,storkness,1241,1213,,,HUMAN_vs_HUMAN,0-1,A48,84
gnGoYTTf,Rated Bullet game,Bullet,120+1,tomtosso,iSymbol,980,1000,,,HUMAN_vs_HUMAN,1-0,C50,33
MgYFr64l,Rated Blitz game,Blitz,300+0,tay10r,Gavandas,1373,1367,,,HUMAN_vs_HUMAN,1-0,C61,27
WcIE1Ace,Rated Blitz game,Blitz,300+0,Kaymoo,jordyelmalo,1936,1970,,,HUMAN_vs_HUMAN,1-0,C50,101
hyZzbKtI,Rated Bullet game,Bullet,60+0,lascadordecu,NotokeMimoto,1634,1579,,,HUMAN_vs_HUMAN,0-1,B00,44
5DmsKQ4Q,Rated Bullet game,Bullet,60+0,Momovivi,Z3TT1,2200,2164,,,HUMAN_vs_HUMAN,1-0,A07,43
lbH0edW3,Rated Bullet game,Bullet,60+0,spopovich55,still_quitting_chess,2091,2068,,,HUMAN_vs_HUMAN,1/2-1/2,A10,109
l2nRpPek,Rated Bullet game,Bullet,60+0,lotrg,FlokiTheCat,2445,2457,,,HUMAN_vs_HUMAN,1/2-1/2,D00,121
6eTOFo20,Rated Bullet game,Bullet,60+0,Haraldwil,Echiquier1978,1379,1432,,,HUMAN_vs_HUMAN,0-1,B30,64
bVTqgYGs,Rated Bullet game,Bullet,60+0,CP_Bryan,Arkedui,1249,1231,,,HUMAN_vs_HUMAN,0-1,B00,66
1yxFac0Y,Rated Bullet game,Bullet,60+0,knarz,Magnus_Korkak,2243,2264,,,HUMAN_vs_HUMAN,0-1,A05,20
LId8tSvP,Rated Bullet game,Bullet,60+0,YeYPi,IHATEWILLY,1122,1184,,,HUMAN_vs_HUMAN,0-1,A40,52
SJZMNYnw,Rated Bullet game,Bullet,60+0,al-zaza,airjam,1753,1742,,,HUMAN_vs_HUMAN,0-1,C31,108
5xxv4QzH,Rated Bullet game,Bullet,60+0,mordvinov,bpetecin,1951,1983,,,HUMAN_vs_HUMAN,1-0,A40,81
qryZnIPv,Rated Bullet game,Bullet,60+0,O0S,Abobakerwali,896,895,,,HUMAN_vs_HUMAN,0-1,A07,52
OVVDsraE,Rated Bullet game,Bullet,60+0,RuslanNom,mohammadrr60,1669,1653,,,HUMAN_vs_HUMAN,0-1,C20,82
HQtetziR,Rated Bullet game,Bullet,60+0,flamerboy100,inemec,991,907,,,HUMAN_vs_HUMAN,0-1,B06,84
QNQV7wpB,Rated Bullet game,Bullet,60+0,HighlightOzi,Strbunk,2169,2101,,,HUMAN_vs_HUMAN,1-0,A00,79
YKOLp1NQ,Rated Bullet game,Bullet,60+0,Kaycee1221,romyo99,1703,1691,,,HUMAN_vs_HUMAN,0-1,B01,74
PO8HeC7E,Rated Bullet game,Bullet,60+0,r-rota62,shabalin_shabalin,2020,1999,,,HUMAN_vs_HUMAN,1-0,B01,69
ajX9TVBc,Rated Bullet game,Bullet,60+0,Clifest,nirmalmagar,1497,1514,,,HUMAN_vs_HUMAN,0-1,A00,62
AzXdt4jl,Rated Bullet game,Bullet,60+0,Vanco62,GiovanyGarc,1876,1833,,,HUMAN_vs_HUMAN,0-1,B00,64
4n7pswuC,Rated Blitz game,Blitz,180+2,willows89,Gimli07,1284,1171,,,HUMAN_vs_HUMAN,1-0,C02,161
K2JqK0Hw,Rated Blitz game,Blitz,180+2,GZeid,OskarCapanegra,1906,1861,,,HUMAN_vs_HUMAN,0-1,C48,112
Ql8hmRJq,Rated Blitz game,Blitz,180+2,Chaiyapat_03,Elshad1988,1654,1686,,,HUMAN_vs_HUMAN,0-1,D52,44
BNKi3SI2,Rated Blitz game,Blitz,180+2,ThinkerOfWhat,agamalb1,1570,1570,,,HUMAN_vs_HUMAN,1-0,B13,75
ng8ix9Zc,Rated Blitz game,Blitz,180+2,Robbo84,WwwwWizard,1416,1451,,,HUMAN_vs_HUMAN,1-0,C00,115
EnLiwmPu,Rated Blitz game,Blitz,180+2,pedro042,baardbu,1311,1298,,,HUMAN_vs_HUMAN,0-1,B15,38
Kd1QwDMp,Rated Blitz game,Blitz,180+2,AnnaTelegina,iwijetunge,1816,1820,,,HUMAN_vs_HUMAN,1-0,B01,77
IqKInRnF,Rated Blitz game,Blitz,180+2,Fighter124,Saifalqaisi_1,1100,1075,,,HUMAN_vs_HUMAN,1-0,C50,57
pvwvTJze,Rated Blitz game,Blitz,180+2,essam2020,saadabordan,1975,2071,,,HUMAN_vs_HUMAN,0-1,A00,50
GGbiNvr9,Rated Blitz game,Blitz,180+2,earlmint,frantzferal,1763,1690,,,HUMAN_vs_HUMAN,1-0,B00,25
xvqZbi6T,Rated Rapid game,Rapid,600+0,Dode90_d,gersasur,1624,1628,,,HUMAN_vs_HUMAN,0-1,B20,87
0YpyFQoS,Rated Rapid game,Rapid,600+0,elNatta,theowl07,1337,1371,,,HUMAN_vs_HUMAN,1-0,C44,57
JrM8Uewc,Rated Bullet game,Bullet,60+0,elisak43,PuzzlesBar,2742,3012,,,HUMAN_vs_HUMAN,0-1,A00,100
pysVOeTP,Rated Bullet game,Bullet,60+0,utfiyogupinij89h706r,maestro199,1985,2046,,,HUMAN_vs_HUMAN,0-1,C45,30
chLxJy5i,Rated Blitz game,Blitz,180+5,mmuurrkk,cagrigokcek,1375,1361,,,HUMAN_vs_HUMAN,1-0,C27,25
PJkPRbcJ,Rated Rapid game,Rapid,600+0,ChokingBalls,fischer0022,1601,1641,,,HUMAN_vs_HUMAN,0-1,B00,56
IhzmPfuk,Rated Rapid game,Rapid,600+0,BigJob28,josorio00,1918,1948,,,HUMAN_vs_HUMAN,1-0,B08,47
JV882USR,Rated Rapid game,Rapid,600+0,SergioAce,katzjal,750,774,,,HUMAN_vs_HUMAN,0-1,C23,14
s4r2J9Ny,Rated Rapid game,Rapid,600+0,Amirhoseinznl,aschek,1755,1783,,,HUMAN_vs_HUMAN,0-1,C50,58
pS7dsESf,Rated Rapid game,Rapid,600+0,ErickFalen,bcortes20,1802,1814,,,HUMAN_vs_HUMAN,1-0,C20,44
mgxKKdr7,Rated Rapid game,Rapid,600+0,kunyun,Capybara_Pallas,1584,1539,,,HUMAN_vs_HUMAN,0-1,B20,38
bg75CDmh,Rated Rapid game,Rapid,600+0,Prolificjordan,Tiger676,1996,2028,,,HUMAN_vs_HUMAN,0-1,B01,28
E1j1aUQH,Rated Rapid game,Rapid,600+0,ahmedeldeed,Darkknight20201,1671,1681,,,HUMAN_vs_HUMAN,0-1,C52,56
WoIpQ64W,Rated Blitz game,Blitz,300+0,Bamak,Temmak,1136,1130,,,HUMAN_vs_HUMAN,1-0,A00,77
hzLncLv4,Rated Blitz game,Blitz,300+0,IhorBohachev,hasanmutlu,1378,1356,,,HUMAN_vs_HUMAN,0-1,C40,84
iRiGhdVJ,Rated Blitz game,Blitz,300+0,Bugakov,nikochem,2071,2234,,,HUMAN_vs_HUMAN,0-1,D03,118
r8lrgebC,Rated Blitz game,Blitz,300+0,IgorD110,Knull1,1512,1509,,,HUMAN_vs_HUMAN,0-1,B01,50
XVN4up6N,Rated Blitz game,Blitz,300+0,NaderElshamandy1,RTAA1931,1099,1151,,,HUMAN_vs_HUMAN,1-0,C00,45
QbU9OoRz,Rated Blitz game,Blitz,300+0,halloway,Kemail,1585,1583,,,HUMAN_vs_HUMAN,1-0,C02,55
lFPDtrBa,Rated Blitz game,Blitz,300+0,zimOneML,sawelt,2062,2071,,,HUMAN_vs_HUMAN,1-0,C50,25
0FM11a6m,Rated Blitz game,Blitz,300+0,mestatore,abuameer_30,1634,1663,,,HUMAN_vs_HUMAN,1-0,B00,117
gPQymu2u,Rated Blitz game,Blitz,300+0,cesarbergamini,Erlyn23,1578,1581,,,HUMAN_vs_HUMAN,1-0,B30,39
bJghhCi8,Rated Blitz game,Blitz,300+0,Anthonyhn07,ElMaGicCo00007,1781,1796,,,HUMAN_vs_HUMAN,0-1,C26,58
FNowCrRx,Rated Blitz game,Blitz,300+0,lvc33,Striker_32,1016,874,,,HUMAN_vs_HUMAN,1-0,C24,113
zLljwhm8,Rated Blitz game,Blitz,300+0,spkkk,TheDtani,1501,1540,,,HUMAN_vs_HUMAN,1-0,A06,65
dklyFdj7,Rated Blitz game,Blitz,300+0,ManneB,mohammedtannouz,1046,1084,,,HUMAN_vs_HUMAN,0-1,B01,44
GVqqrohl,Rated Blitz game,Blitz,300+0,henry_iglesia11,RookyBalboa,1465,1459,,,HUMAN_vs_HUMAN,1-0,A40,85
zeThEZOi,Rated Blitz game,Blitz,300+0,CurtainCall,MaiarDarwish,1746,1746,,,HUMAN_vs_HUMAN,1-0,B21,41
IdeJvE3f,Rated Blitz game,Blitz,300+0,MississippiKimbo,cherubim,1692,1676,,,HUMAN_vs_HUMAN,1-0,B00,59
joARofmB,Rated Blitz game,Blitz,300+0,ikunofv,Impgegner,1172,1257,,,HUMAN_vs_HUMAN,0-1,B06,32
0SrsJdpO,Rated Blitz game,Blitz,300+0,SandroProcopio,WindMage,1443,1413,,,HUMAN_vs_HUMAN,0-1,B12,120
Qr7vA45A,Rated Blitz game,Blitz,300+0,Kimpiki,zhosstanislav,1571,1524,,,HUMAN_vs_HUMAN,1-0,C02,93
x4yV6ovK,Rated Bullet game,Bullet,60+0,StephenWilson,incognitopawn,2133,2060,,,HUMAN_vs_HUMAN,1-0,A40,55
r7x0kNie,Rated Blitz game,Blitz,300+0,sabsh,xcdestroyer,1860,1861,,,HUMAN_vs_HUMAN,0-1,B50,62
DK0zizHj,Rated Bullet game,Bullet,60+0,vin1031,Harshshah15,2118,2069,,,HUMAN_vs_HUMAN,0-1,B01,70
85QxQgnA,Rated Bullet game,Bullet,60+0,aymooon,sinitsyn,1959,1954,,,HUMAN_vs_HUMAN,1-0,D00,71
AHQjD2aW,Rated Bullet game,Bullet,60+0,Emrah9606,Manolo802020,1166,1171,,,HUMAN_vs_HUMAN,0-1,A00,66
d3J5RiP0,Rated Bullet game,Bullet,60+0,FreeSta1ker,vimss,1610,1609,,,HUMAN_vs_HUMAN,0-1,A06,76
IezgRJZC,Rated Bullet game,Bullet,60+0,Craptacular,Alain70,1906,1948,,,HUMAN_vs_HUMAN,0-1,A02,46
pAFlSDIO,Rated Bullet game,Bullet,60+0,IfroI,WolFG,777,782,,,HUMAN_vs_HUMAN,0-1,C40,40
uJRCW5DY,Rated Bullet game,Bullet,60+0,Abdallah1992,Omarramadan1,1688,1707,,,HUMAN_vs_HUMAN,1/2-1/2,B13,91
ZlBw0XEz,Rated Bullet game,Bullet,60+0,Gegga,Tres1,1795,1795,,,HUMAN_vs_HUMAN,0-1,A40,70
pGDlho1G,Rated Bullet game,Bullet,60+0,BatuhanBS,pfolkedal,1139,1086,,,HUMAN_vs_HUMAN,1-0,B00,43
UgaNBNU9,Rated Bullet game,Bullet,60+0,cristi_darko,elvillainbueno,1773,1793,,,HUMAN_vs_HUMAN,0-1,B21,60
DfZLnqnO,Rated Bullet game,Bullet,60+0,sofritosoccer,jo108,1247,1336,,,HUMAN_vs_HUMAN,0-1,D02,44
yTtoHc7u,Rated Bullet game,Bullet,60+0,diazriverajesus,swalsh41,1768,1760,,,HUMAN_vs_HUMAN,1-0,C23,35
65gXQltB,Rated Bullet game,Bullet,60+0,arieleo,kermitthefrogo,1802,1798,,,HUMAN_vs_HUMAN,0-1,B30,48
92KepXcg,Rated Bullet game,Bullet,60+0,Zerodos,sp686,1964,1977,,,HUMAN_vs_HUMAN,1-0,D02,39
AzCkJRkB,Rated Bullet game,Bullet,60+0,Wave00,Approaching82,2144,2172,,,HUMAN_vs_HUMAN,1-0,A43,49
9Y5T8Ccz,Rated Bullet game,Bullet,60+0,panchaco,AbdullahAmer01,1713,1708,,,HUMAN_vs_HUMAN,0-1,C00,60
HF9DF4Fg,Rated Bullet game,Bullet,60+0,HogerOmari,Kleinpatzer,2165,2157,,,HUMAN_vs_HUMAN,1-0,A06,123
fPQJqmDm,Rated Blitz game,Blitz,180+0,diabbakro,pabloespinal2024,1280,1368,,,HUMAN_vs_HUMAN,1-0,C20,35
ju4z8Xw4,Rated Blitz game,Blitz,180+0,jlbftr,RealDaddyCool,1629,1632,,,HUMAN_vs_HUMAN,0-1,C65,48
0RAFdKIM,Rated Blitz game,Blitz,180+0,Glandezer,Obert_19,1710,1691,,,HUMAN_vs_HUMAN,1-0,C00,63
WIn6g3N9,Rated Blitz game,Blitz,180+0,Formus,nocuttingcorners,1626,1606,,,HUMAN_vs_HUMAN,1-0,B00,55
scwlXufK,Rated Blitz game,Blitz,180+0,isakhine,Rei_Azul,1766,1748,,,HUMAN_vs_HUMAN,1-0,A56,41
Cg8KuldS,Rated Blitz game,Blitz,180+0,DanilSuhorukov,a_lost_avocado,1529,1502,,,HUMAN_vs_HUMAN,0-1,B13,32
crFVcVNE,Rated Blitz game,Blitz,180+0,tneveL12,TianXXi,1458,1455,,,HUMAN_vs_HUMAN,0-1,C58,48
PGlaAaJP,Rated Blitz game,Blitz,180+0,BatMan-0305,dasMeyer,1831,1831,,,HUMAN_vs_HUMAN,1-0,B50,39
COAr9rcC,Rated Blitz game,Blitz,180+0,OtroNPC,Manu89,2010,1989,,,HUMAN_vs_HUMAN,1-0,B06,65
8sxRGXsS,Rated Blitz game,Blitz,180+0,predatorponey,Khabibovf,1357,1346,,,HUMAN_vs_HUMAN,1-0,D30,63
aUt1EI1U,Rated Blitz game,Blitz,180+0,davood1354,DeRoux6809,2243,2218,,,HUMAN_vs_HUMAN,0-1,B16,134
NbFmDHVg,Rated Blitz game,Blitz,180+0,ArminVanBuuren1,polymorphyy,1372,1370,,,HUMAN_vs_HUMAN,0-1,A46,66
EtTPg68J,Rated Blitz game,Blitz,180+0,BulletMND,Kumi,2497,2529,,CM,HUMAN_vs_HUMAN,1-0,C00,91
2Egs6cFh,Rated Blitz game,Blitz,180+0,youkim_ac,Cirniaco,1430,1357,,,HUMAN_vs_HUMAN,1-0,D06,39
4G7zbcDU,Rated Blitz game,Blitz,180+0,WelcomeJungle,wamporty,1742,1776,,,HUMAN_vs_HUMAN,0-1,C50,70
SGAaPuI2,Rated Blitz game,Blitz,180+0,alialiaj1961,HMG57,2161,2001,,,HUMAN_vs_HUMAN,1-0,B06,55
v31DYCWY,Rated Blitz game,Blitz,180+0,apo_123456,YouKham,1915,1910,,,HUMAN_vs_HUMAN,0-1,D10,44
asq4d4xf,Rated Blitz game,Blitz,300+3,Benzid15,Zgoof,1574,1553,,,HUMAN_vs_HUMAN,1-0,C62,29
mAe1G3HE,Rated Blitz game,Blitz,180+0,edithegambler,kupalhal3,2087,2088,,,HUMAN_vs_HUMAN,1-0,D00,95
orGWxTF2,Rated Blitz game,Blitz,180+0,AlexLebedev,cardosinho121,2161,2167,,,HUMAN_vs_HUMAN,0-1,A00,69
XZvmWlDu,Rated Blitz game,Blitz,180+0,GSGbillcash,KamilGit,1906,1857,,,HUMAN_vs_HUMAN,1-0,A00,65
nG9xcjul,Rated Blitz game,Blitz,180+0,frednthechess11,enesintr89,1835,1844,,,HUMAN_vs_HUMAN,0-1,A41,54
WhwLcY0t,Rated Blitz game,Blitz,180+0,Betomaxx,Mati_gq13,1790,1781,,,HUMAN_vs_HUMAN,1-0,C00,67
ArT8N7AS,Rated Blitz game,Blitz,180+0,Henry_Proto,fedealvarez78,1773,1773,,,HUMAN_vs_HUMAN,0-1,A10,20
ZQ4WUuFa,Rated Blitz game,Blitz,180+0,brandete,blondewoman,1303,1313,,,HUMAN_vs_HUMAN,0-1,C20,62
ozfM10l6,Rated Blitz game,Blitz,180+0,Revish,Armanger82,1946,1920,,,HUMAN_vs_HUMAN,1-0,C53,79
GHw0uZpU,Rated Blitz game,Blitz,180+0,Chebaro,JKLP47,1378,1363,,,HUMAN_vs_HUMAN,0-1,B50,54
w9eLZdLe,Rated Blitz game,Blitz,180+0,Lardo420,kok0ro,1143,1144,,,HUMAN_vs_HUMAN,1-0,D02,83
NFIRV9gf,Rated Blitz game,Blitz,180+0,Gallium123,Kester620,2130,2133,,,HUMAN_vs_HUMAN,1-0,A43,41
SbMnstwY,Rated Blitz game,Blitz,180+0,Alien_Project,yogui4891,2004,2036,,,HUMAN_vs_HUMAN,0-1,E05,42
geJgzqyf,Rated Blitz game,Blitz,180+0,JediFlip,vittore,1723,1688,,,HUMAN_vs_HUMAN,0-1,B20,38
ZOwQDmCv,Rated Blitz game,Blitz,180+0,LostAstronaut77,unerzafer1,1494,1428,,,HUMAN_vs_HUMAN,1-0,B00,43
3ELlx5OI,Rated Blitz game,Blitz,300+0,Kudahitam_79,tamrini,1950,2338,,,HUMAN_vs_HUMAN,0-1,B10,64
aV5Mc2k5,Rated Blitz game,Blitz,180+2,aseek,Oryhan,1169,1152,,,HUMAN_vs_HUMAN,1/2-1/2,A00,60
IlJ3pwAD,Rated Blitz game,Blitz,300+0,HLJoker,Broxy1,1230,1254,,,HUMAN_vs_HUMAN,1-0,A40,45
nCOJ51RV,Rated Blitz game,Blitz,300+0,L34NdR0,Munchapawn,1412,1396,,,HUMAN_vs_HUMAN,1-0,B40,21
uyRBYLbf,Rated Blitz game,Blitz,300+0,Gullin_Bursti,wikii,1858,1854,,,HUMAN_vs_HUMAN,1-0,A40,97
wVrwm8Wn,Rated Blitz game,Blitz,300+0,Jose_Martinez1469,tair76,1489,1499,,,HUMAN_vs_HUMAN,1-0,C41,147
hKDSQhwe,Rated Blitz game,Blitz,300+0,romdelrio,Elkasrawy1984,1812,1840,,,HUMAN_vs_HUMAN,0-1,C62,62
jjgOOhzU,Rated Blitz game,Blitz,300+0,rfj123,moreira_jon,1436,1436,,,HUMAN_vs_HUMAN,0-1,C10,68
9yWwcpAL,Rated Blitz game,Blitz,300+0,Superricobitcoin,Ralf_37,1599,1571,,,HUMAN_vs_HUMAN,0-1,D02,96
CRrj7yB9,Rated Blitz game,Blitz,300+0,clumsyninja1201,Mauricio_Nakamura,1200,1201,,,HUMAN_vs_HUMAN,0-1,C47,36
ZDJnk1YJ,Rated Blitz game,Blitz,300+0,Kels-kayb,Velenje69,1614,1687,,,HUMAN_vs_HUMAN,0-1,D35,94
zKJ6HEPZ,Rated Blitz game,Blitz,300+0,hasan_elsebae1990,desetar85,1115,1105,,,HUMAN_vs_HUMAN,0-1,C34,76
0xwvYbD9,Rated Blitz game,Blitz,300+0,beamer1107,szafranski1984,1446,1482,,,HUMAN_vs_HUMAN,1-0,C44,59
3pAv8xNZ,Rated Blitz game,Blitz,300+0,lachiva,mostafa-goda,1732,1716,,,HUMAN_vs_HUMAN,0-1,B06,62
zIGwvHV9,Rated Blitz game,Blitz,300+0,ignatiushorreili,AlainTecsi_UTP,2221,2081,,,HUMAN_vs_HUMAN,1-0,A05,29
2rFeMJZD,Rated Blitz game,Blitz,300+0,stj66,parketar,2064,2010,,,HUMAN_vs_HUMAN,1-0,A08,85
WXqSCqfn,Rated Blitz game,Blitz,300+0,loserboy119,loska_1203,1074,1034,,,HUMAN_vs_HUMAN,1-0,A40,29
HeV1FVFw,Rated Blitz game,Blitz,300+0,lordlampshade,babakt25,948,989,,,HUMAN_vs_HUMAN,0-1,C23,50
ZXAbwUzT,Rated Blitz game,Blitz,300+0,MARSAL60,Yandr0,1804,1784,,,HUMAN_vs_HUMAN,0-1,B01,80
0Ba1ZA6n,Rated Rapid game,Rapid,600+0,maximol0511,Prematpepe,1674,1692,,,HUMAN_vs_HUMAN,0-1,C44,94
I0X5ffg2,Rated Rapid game,Rapid,600+0,Makelchess,Sepawl,1903,1903,,,HUMAN_vs_HUMAN,1-0,C41,39
b7of2k6Y,Rated Rapid game,Rapid,600+0,SoooRY,cemo08,2230,2284,,,HUMAN_vs_HUMAN,0-1,C66,108
1dKvBHEE,Rated Rapid game,Rapid,600+0,musti2k,OMARGUTI,1214,1211,,,HUMAN_vs_HUMAN,0-1,C20,11
Fuqk6ORa,Rated Rapid game,Rapid,600+0,Hokagehunter42069,istanbuls,893,965,,,HUMAN_vs_HUMAN,1-0,B01,24
N241Z1v9,Rated Rapid game,Rapid,600+0,horzie2,brauliocr7,1054,1053,,,HUMAN_vs_HUMAN,0-1,A46,40
QQ7wwNRJ,Rated Rapid game,Rapid,600+0,ebgift,ARROGANTE123,1501,1512,,,HUMAN_vs_HUMAN,1-0,A01,102
JkZFgIzf,Rated Rapid game,Rapid,600+0,sergei29,Tumba007,1837,1892,,,HUMAN_vs_HUMAN,0-1,B07,38
b9OfOxbf,Rated Rapid game,Rapid,600+0,ManuelEliz,viking2263,1819,1836,,,HUMAN_vs_HUMAN,1-0,C56,49
fgdgLJBq,Rated Rapid game,Rapid,600+0,LisboadeParis,Yoshikage_Kira,660,750,,,HUMAN_vs_HUMAN,1-0,A40,11
E5SJsXRn,Rated Bullet game,Bullet,60+0,gonzalitto,Tinkerpea,1566,1557,,,HUMAN_vs_HUMAN,0-1,B50,64
czqyNwGu,Rated Blitz game,Blitz,300+0,F-Dynamics,AAA800,1779,1765,,,HUMAN_vs_HUMAN,1-0,C41,31
3PPcrlQD,Rated Blitz game,Blitz,180+0,Le-Petit-Pion,Test-2,2041,2069,,,HUMAN_vs_HUMAN,1-0,B06,61
pO0iaM2D,Rated Bullet game,Bullet,60+0,Cafechess,GalacticCactus22,2677,2780,,,HUMAN_vs_HUMAN,1/2-1/2,D00,110
BXFJPLv2,Rated Bullet game,Bullet,60+0,Smileandrelax,StephenJamesCashen,1371,1348,,,HUMAN_vs_HUMAN,1-0,B30,41
Q80B6mhc,Rated Bullet game,Bullet,60+0,Philistin12,benben10,1725,1706,,,HUMAN_vs_HUMAN,1-0,A00,59
SjdRx6M2,Rated Bullet game,Bullet,60+0,AlPess,BudaevChess,1993,2016,,,HUMAN_vs_HUMAN,0-1,A40,50
kMOXeySO,Rated Bullet game,Bullet,60+0,chalochess,Koronablef,2153,2083,,,HUMAN_vs_HUMAN,0-1,A04,66
tMdY4h9G,Rated Bullet game,Bullet,60+0,Jprt,Legionhgm,2054,2062,,,HUMAN_vs_HUMAN,0-1,A00,42
1YtnW2TE,Rated Bullet game,Bullet,60+0,dzadek314,sebastianlux,1916,1928,,,HUMAN_vs_HUMAN,1-0,D00,95
W95IDzKm,Rated Bullet game,Bullet,60+0,Sirozha,BADADAN,1971,1964,,,HUMAN_vs_HUMAN,1-0,D00,55
EdVRsyoo,Rated Bullet game,Bullet,60+0,FranciscojGarcia,lukasleleika,1537,1503,,,HUMAN_vs_HUMAN,1-0,A48,97
YDq1vYNH,Rated Bullet game,Bullet,60+0,itayor,PeiKha86,2301,2285,,,HUMAN_vs_HUMAN,1-0,B06,19
HIILxF7j,Rated Bullet game,Bullet,60+0,Alkatz,Xznor,2253,2254,,,HUMAN_vs_HUMAN,1-0,A01,61
RjaY5sU8,Rated Bullet game,Bullet,60+0,Matheus09,piszkos,1695,1677,,,HUMAN_vs_HUMAN,0-1,C00,54
cOCYREcJ,Rated Bullet game,Bullet,60+0,ijson,cyssis,1242,1246,,,HUMAN_vs_HUMAN,0-1,B10,100
ZJIXugBg,Rated Bullet game,Bullet,60+0,Dagoth_Ur,Kujo10,1612,1630,,,HUMAN_vs_HUMAN,1-0,B07,77
pFw8nWO3,Rated Bullet game,Bullet,60+0,iveipom,vip72,1389,1457,,,HUMAN_vs_HUMAN,0-1,D30,60
vpEbE5Rm,Rated Bullet game,Bullet,60+0,AlbertDripstein,KM79234,1125,1086,,,HUMAN_vs_HUMAN,1-0,A40,39
ycPQVeOh,Rated Bullet game,Bullet,60+0,GreetingsAndGoodBye,lama17,2527,2526,,,HUMAN_vs_HUMAN,1/2-1/2,A41,59
jdGTm5GC,Rated Bullet game,Bullet,60+0,Choriste,knarz,2244,2238,,,HUMAN_vs_HUMAN,1-0,A40,93
15SW6Cqf,Rated Bullet game,Bullet,60+0,Lucon2000,DaddyJack1976,2397,2526,,,HUMAN_vs_HUMAN,1/2-1/2,C11,145
r1wPSHKA,Rated Bullet game,Bullet,60+0,r_bayer,Sigurd204,1941,2022,,,HUMAN_vs_HUMAN,0-1,C30,34
2Yk9wqdt,Rated Bullet game,Bullet,60+0,valgeo6,NOOBT3,1903,1855,,,HUMAN_vs_HUMAN,0-1,A01,72
2q7BW4gd,Rated Bullet game,Bullet,60+0,Elhijodeshirov_97,chiwuax,2144,2078,,,HUMAN_vs_HUMAN,1-0,B12,37
syPQap1h,Rated Bullet game,Bullet,60+0,XLORIKA,Miguelprro2,2192,2172,,,HUMAN_vs_HUMAN,0-1,A00,36
uoB30tTZ,Rated Bullet game,Bullet,60+0,omare123,Yapsososorry,2218,2198,,,HUMAN_vs_HUMAN,0-1,B00,92
dY6sYeHr,Rated Bullet game,Bullet,60+0,riversfan17,Dlios,1298,1269,,,HUMAN_vs_HUMAN,1-0,B20,63
H2n8anHe,Rated Bullet game,Bullet,60+0,champlintune,mandalorian229811,1663,1671,,,HUMAN_vs_HUMAN,1-0,B01,55
2XYlvT97,Rated Bullet game,Bullet,60+0,dopeboiscotto,Broe,1492,1486,,,HUMAN_vs_HUMAN,1-0,D00,55
BrKk8L0s,Rated Bullet game,Bullet,60+0,KareemOsama_2007,Suspense0,2280,2295,,,HUMAN_vs_HUMAN,0-1,B11,140
qPWaWmGq,Rated Blitz game,Blitz,180+2,Jorgemario2021,etmoides,2094,2097,,,HUMAN_vs_HUMAN,1-0,A42,91
xHogrCxK,Rated Blitz game,Blitz,180+0,alberto1500,chessracerace,1843,1798,,,HUMAN_vs_HUMAN,1-0,B33,33
5AhYhwyV,Rated Blitz game,Blitz,180+0,KingUnderCheck,Rakuu69,1447,1445,,,HUMAN_vs_HUMAN,1-0,B22,59
pb2HT9uC,Rated Blitz game,Blitz,180+0,KngArthur,feneki_8,1000,1062,,,HUMAN_vs_HUMAN,0-1,C02,30
Z2ljL2iY,Rated Blitz game,Blitz,180+0,ineverran,slaveksh,2036,2077,,,HUMAN_vs_HUMAN,1-0,C02,59
LscHXCHk,Rated Blitz game,Blitz,180+0,abrahamm1,VLASNAME,1261,1267,,,HUMAN_vs_HUMAN,0-1,B01,50
31gOMTie,Rated Blitz game,Blitz,180+0,behrouzkhan,dia2,1341,1383,,,HUMAN_vs_HUMAN,1-0,C20,17
E3ZzkXt4,Rated Blitz game,Blitz,180+0,postmahomesx,vicsaints,1921,1863,,,HUMAN_vs_HUMAN,0-1,D30,112
a4UbHHSZ,Rated Blitz game,Blitz,180+0,playing2sweet,lups1,1522,1519,,,HUMAN_vs_HUMAN,1-0,C50,57
rIzpH5JP,Rated Blitz game,Blitz,180+0,rompogts,dykonoff,2215,2241,,,HUMAN_vs_HUMAN,1-0,C11,75
GtNTiAxg,Rated Blitz game,Blitz,180+0,an_akimov,daviddesalamanca,1438,1422,,,HUMAN_vs_HUMAN,1-0,D00,75
mjdepuG5,Rated Blitz game,Blitz,180+0,Triceratops_2007,codorna111,1761,1758,,,HUMAN_vs_HUMAN,1-0,C00,119
d909VNgr,Rated Blitz game,Blitz,180+0,MQVDAVID,Smadi_100ping,2020,1990,,,HUMAN_vs_HUMAN,0-1,B10,45
YJfHkzqk,Rated Blitz game,Blitz,180+0,seba_parraguez,mc56a1,1641,1646,,,HUMAN_vs_HUMAN,1-0,B01,105
TZIOhP6E,Rated Blitz game,Blitz,180+0,abdullahrmz,blackzera1337,1539,1560,,,HUMAN_vs_HUMAN,0-1,A48,77
6iBsZTyg,Rated Blitz game,Blitz,180+0,edycacoal,ALBERTFM,1955,1944,,,HUMAN_vs_HUMAN,0-1,B10,52
cN7BisnO,Rated Blitz game,Blitz,180+0,Daniels_XIV,Dassembay,2167,2113,,,HUMAN_vs_HUMAN,1-0,C64,79
ECgeiogH,Rated Blitz game,Blitz,180+0,utterunit,sorcerer8,1753,1721,,,HUMAN_vs_HUMAN,0-1,B32,44
10t8Y4tj,Rated Bullet game,Bullet,60+0,Pepino31,Rungekutta10,1997,1987,,,HUMAN_vs_HUMAN,0-1,C41,124
wk73jxSB,Rated Bullet game,Bullet,60+0,tayro,colochorompealmoadas,2112,2052,,,HUMAN_vs_HUMAN,1-0,A40,69
BOy3wwyL,Rated Bullet game,Bullet,120+0,Guachinstone,makasmakas,1384,1389,,,HUMAN_vs_HUMAN,0-1,C00,42
NnZ40sLg,Rated Blitz game,Blitz,180+0,mido1965,PERCAYA_YPD,2122,2131,,,HUMAN_vs_HUMAN,1-0,B06,39
vWfHzVMY,Rated Blitz tournament https://lichess.org/tournament/zsVl5oqJ,Blitz,180+0,bramoss,NeverForgetMe,2342,2258,,,HUMAN_vs_HUMAN,0-1,D45,40
CIZDFJzn,Rated Blitz tournament https://lichess.org/tournament/zsVl5oqJ,Blitz,180+0,Ultrainstinct98,Tsephe10111,2273,2282,,,HUMAN_vs_HUMAN,0-1,E62,158
CS9cgPh0,Rated Blitz tournament https://lichess.org/tournament/dnXACD3Z,Blitz,300+0,maqdar,Svjatoslav777,1629,1760,,,HUMAN_vs_HUMAN,0-1,B20,48
i8OJEODc,Rated Blitz tournament https://lichess.org/tournament/zsVl5oqJ,Blitz,180+0,John_chess_super,GrimReaper10,1968,2149,,,HUMAN_vs_HUMAN,0-1,B00,122
YzQrkITk,Rated Blitz tournament https://lichess.org/tournament/dnXACD3Z,Blitz,300+0,akronilionkrystal,hielodrag,1875,2018,,,HUMAN_vs_HUMAN,0-1,A49,116
GbORvsWw,Rated Blitz tournament https://lichess.org/tournament/dnXACD3Z,Blitz,300+0,Ira1963,Ziieed,1564,1531,,,HUMAN_vs_HUMAN,0-1,C44,62
txVqyKhI,Rated Blitz tournament https://lichess.org/tournament/dnXACD3Z,Blitz,300+0,Ha2ythem,PabloUrug,1291,1863,,,HUMAN_vs_HUMAN,0-1,B06,64
Q0CmMEKl,Rated Bullet game,Bullet,60+0,LoganCale,orjinaladam17,1813,1812,,,HUMAN_vs_HUMAN,0-1,B01,88
KrjOgn7h,Rated Bullet game,Bullet,60+0,wilsonjavier39,LambertLambert,1920,1934,,,HUMAN_vs_HUMAN,1/2-1/2,C46,114
XTdqAMAK,Rated Bullet game,Bullet,60+0,s_xela,augustovega,1392,1388,,,HUMAN_vs_HUMAN,0-1,A01,48
k0kpBwLH,Rated Bullet game,Bullet,60+0,Paul_Moseri,Bolkiya32,1994,1980,,,HUMAN_vs_HUMAN,0-1,A00,46
c0IhOMUu,Rated Bullet game,Bullet,60+0,felixwrede,Burgess14,1743,1722,,,HUMAN_vs_HUMAN,0-1,A00,108
bdFEbHIp,Rated Bullet game,Bullet,60+0,AjedrezNomada,AlphaZero-v2_0,2110,2130,,,HUMAN_vs_HUMAN,0-1,C42,66
7KMIFYaR,Rated Bullet game,Bullet,60+0,Stepycolyn,Chessmosquito,1858,1851,,,HUMAN_vs_HUMAN,0-1,D35,64
lrmhDc6O,Rated Bullet game,Bullet,60+0,YondaimeChess,felireyna,1548,1479,,,HUMAN_vs_HUMAN,0-1,A43,53
IHnluZ0T,Rated Bullet game,Bullet,60+0,Tamecula,Uhialfil,1793,1769,,,HUMAN_vs_HUMAN,1-0,B43,57
1b4JEXcp,Rated Bullet game,Bullet,60+0,Juda_n,SolomSama,1579,1592,,,HUMAN_vs_HUMAN,1-0,B00,63
VhQfsRZS,Rated Bullet game,Bullet,60+0,Patoss,JaimeRodriguez,1446,1457,,,HUMAN_vs_HUMAN,1-0,B23,37
UykrbU3m,Rated Bullet game,Bullet,60+0,ByTalha,Ffiiddeell,924,950,,,HUMAN_vs_HUMAN,0-1,C20,68
YrSerD0B,Rated Bullet game,Bullet,60+0,mann-ind,ozkkerem,1706,1699,,,HUMAN_vs_HUMAN,1/2-1/2,A00,106
RAGrmMks,Rated Bullet game,Bullet,60+0,emiunsaic,HarveyHellbent,1965,1977,,,HUMAN_vs_HUMAN,1-0,D02,41
aGVoOCfl,Rated Bullet game,Bullet,60+0,sigmadepp,Adal_Berto,2287,2289,,,HUMAN_vs_HUMAN,1-0,A01,35
jJKNp3WQ,Rated Bullet game,Bullet,60+1,Abbruch,Michael2014,1677,1701,,,HUMAN_vs_HUMAN,0-1,A40,34
ghxblzJo,Rated UltraBullet game,UltraBullet,15+0,lichinut,arqcap,1654,1651,,,HUMAN_vs_HUMAN,0-1,A00,56
E4y692g6,Rated Rapid game,Rapid,600+0,Kawoane,emi_t,1185,1377,,,HUMAN_vs_HUMAN,0-1,C47,58
bTGvuzTr,Rated Blitz game,Blitz,300+0,kelamu,PaniczArtek,1230,1234,,,HUMAN_vs_HUMAN,0-1,B10,28
CV6A93WP,Rated Blitz game,Blitz,300+0,Alammut,Cris7a,1121,1157,,,HUMAN_vs_HUMAN,1-0,C20,27
y8ZYtq3k,Rated Blitz game,Blitz,300+0,LaZiONa,overflow_4,1674,1652,,,HUMAN_vs_HUMAN,0-1,A43,86
rgDKyxTL,Rated Blitz game,Blitz,300+0,Antifragilefx,aso_ibrahim12,497,646,,,HUMAN_vs_HUMAN,0-1,B20,14
7zsdmkNi,Rated Blitz game,Blitz,300+0,Hugofcostanzo,OKROILKO1,1861,1889,,,HUMAN_vs_HUMAN,0-1,B02,92
prZLQVXd,Rated Blitz game,Blitz,300+0,Rehaman_17,Raj88,1254,1242,,,HUMAN_vs_HUMAN,0-1,A40,78
0is5JQ6J,Rated Blitz game,Blitz,300+0,Mishatarasov,vurto10,1327,1393,,,HUMAN_vs_HUMAN,1-0,B01,64
AmySZjh2,Rated Blitz game,Blitz,300+0,kuhlname,Aletit,889,980,,,HUMAN_vs_HUMAN,1-0,D00,79
odcWPkKz,Rated Blitz game,Blitz,300+0,OMises,harson1,1719,1690,,,HUMAN_vs_HUMAN,0-1,A20,82
rF0OFpJ6,Rated Blitz game,Blitz,300+0,Gandres13,leoddd,991,1021,,,HUMAN_vs_HUMAN,1-0,B12,49
uRPdUiaQ,Rated Blitz game,Blitz,300+0,adlibitum83,DimaBaida,1784,1736,,,HUMAN_vs_HUMAN,0-1,D02,46
yqerzNBi,Rated Blitz game,Blitz,300+0,bip149,clantern,1502,1462,,,HUMAN_vs_HUMAN,0-1,C25,26
nON38gec,Rated Blitz game,Blitz,300+0,casalarga97,bwes29,1537,1510,,,HUMAN_vs_HUMAN,1-0,B15,9
BYkMRBrS,Rated Bullet game,Bullet,60+0,bhupathi81,rohit1997,1899,1918,,,HUMAN_vs_HUMAN,1-0,A43,91
eSbX4Ubb,Rated Blitz game,Blitz,180+2,abraao503,arctursi,1712,1710,,,HUMAN_vs_HUMAN,0-1,B03,32
4bhhFy8h,Rated Blitz game,Blitz,180+2,yerasimos87,AuldSTarrasch,2050,2139,,,HUMAN_vs_HUMAN,1/2-1/2,C01,131
fnYaPzeS,Rated Blitz game,Blitz,180+2,bhavinparekh04,Pharoa,1440,1406,,,HUMAN_vs_HUMAN,0-1,C41,58
eHfWW96k,Rated Blitz game,Blitz,180+2,ebrahimsharshira,karda27,2012,1920,,,HUMAN_vs_HUMAN,1-0,C00,63
f59nd0Hl,Rated Blitz game,Blitz,180+2,Arianna_133,belnetlopez,1450,1483,,,HUMAN_vs_HUMAN,0-1,C41,77
HQS4Xr2C,Rated Blitz game,Blitz,180+2,streetschess187,dumbo8399,1785,1746,,,HUMAN_vs_HUMAN,1-0,C43,15
OYmmYiKg,Rated Blitz game,Blitz,180+2,tharindarodrigo,i-hor,1851,1814,,,HUMAN_vs_HUMAN,1-0,A43,61
gvFQpdWl,Rated Blitz game,Blitz,180+2,jvhrll,Orasgadelas,1857,1910,,,HUMAN_vs_HUMAN,0-1,A45,100
RW9Hufop,Rated Blitz game,Blitz,180+2,Golfito12,levmiseri,2287,2273,,,HUMAN_vs_HUMAN,1-0,A83,53
zgxE0GAw,Rated Blitz game,Blitz,180+2,rcyx,PeterGreen,2287,2322,,,HUMAN_vs_HUMAN,0-1,E05,58
UwYbd4ej,Rated Bullet game,Bullet,30+0,MauricoRa,LavanGarti,1913,1637,,,HUMAN_vs_HUMAN,1-0,A00,107
B3zADE07,Rated Blitz game,Blitz,360+0,v9064565701,rsdc,1763,1736,,,HUMAN_vs_HUMAN,0-1,B20,104
hho5Uazz,Rated Blitz game,Blitz,300+3,lia_re4,vfsilich,1420,1378,,,HUMAN_vs_HUMAN,1-0,C00,77
4eaQB05O,Rated Blitz game,Blitz,300+3,davetbass,Frost121,828,825,,,HUMAN_vs_HUMAN,0-1,D00,92
h5OA5q6e,Rated Blitz game,Blitz,300+3,Mamannonna,Javierga27,1059,1024,,,HUMAN_vs_HUMAN,1-0,B01,47
huME9bW6,Rated Blitz game,Blitz,300+3,nadir-nantes,proigral,1365,1377,,,HUMAN_vs_HUMAN,0-1,C50,70
5L51gi0s,Rated Blitz game,Blitz,300+3,ChessPlayer908907,sarrom123,1903,1804,,,HUMAN_vs_HUMAN,1-0,D15,78
QHd8zSod,Rated Blitz game,Blitz,300+3,agus_346,muhemadfarooh,1079,1075,,,HUMAN_vs_HUMAN,0-1,A40,46
SMgmJfaP,Rated Blitz game,Blitz,300+3,CAPTAIN_872,Pawnseo,1747,1741,,,HUMAN_vs_HUMAN,0-1,D37,117
vKsY8maF,Rated Blitz game,Blitz,300+3,MENTELIBRE10,goldenkabutops,1958,2010,,,HUMAN_vs_HUMAN,1-0,B40,40
XoMWSjJS,Rated Blitz game,Blitz,300+3,goustaro-skaki,Hasuwisp,1322,1269,,,HUMAN_vs_HUMAN,1-0,B20,99
1nFqcTC6,Rated Blitz game,Blitz,300+3,Ahmad7555,shundukov,987,881,,,HUMAN_vs_HUMAN,0-1,A50,56
39sc9TvW,Rated Blitz game,Blitz,300+3,Lmsjogos,atta466,1138,1239,,,HUMAN_vs_HUMAN,0-1,C20,72
mdk31a5x,Rated Bullet game,Bullet,60+0,DODGE-THIS,JiEmSain,1637,1631,,,HUMAN_vs_HUMAN,0-1,A10,52
3h9GTFJ0,Rated Bullet game,Bullet,60+0,Biernot,unireprus,1668,1766,,,HUMAN_vs_HUMAN,1-0,C47,87
hDzlkNcw,Rated Bullet game,Bullet,60+0,voldkirk,samchesstion,1815,1822,,,HUMAN_vs_HUMAN,0-1,A40,80
cwIxQBb4,Rated Bullet game,Bullet,60+0,Aggiejedimaster,puspitadewi,1785,1802,,,HUMAN_vs_HUMAN,1/2-1/2,D01,67
IOGe09Ec,Rated Bullet game,Bullet,60+0,tavares,ackovic,1450,1523,,,HUMAN_vs_HUMAN,0-1,A06,58
XSrXJuxw,Rated Bullet game,Bullet,60+0,ANTHONY_17_08,sprakat,2088,2040,,,HUMAN_vs_HUMAN,1-0,A40,59
NgIYqm6O,Rated Bullet game,Bullet,60+0,Bin_H,hai81,1923,1968,,,HUMAN_vs_HUMAN,0-1,B00,44
HzxRCXSd,Rated Bullet game,Bullet,60+0,Mantiz100,soulcrack,1548,1600,,,HUMAN_vs_HUMAN,0-1,D00,54
iEhQB95X,Rated Bullet game,Bullet,60+0,Merkam44,Fred2018,1916,1839,,,HUMAN_vs_HUMAN,0-1,A01,60
DvR2sArC,Rated Bullet game,Bullet,60+0,Magnusdetabasco,Klex3,2148,2188,,,HUMAN_vs_HUMAN,0-1,A40,18
ngd6drgP,Rated Bullet game,Bullet,60+0,Magnus_Korkak,evora2019,2270,2260,,,HUMAN_vs_HUMAN,1-0,A43,65
jqxW0xlS,Rated Bullet game,Bullet,60+0,nygder,Abe70,1667,1648,,,HUMAN_vs_HUMAN,0-1,B01,84
k70imPso,Rated Bullet game,Bullet,60+0,H2WO3,Martianli,1338,1383,,,HUMAN_vs_HUMAN,0-1,C40,58
GP5j4Pla,Rated Bullet game,Bullet,60+0,AloisioF,MidFoxxy,2369,2533,,FM,HUMAN_vs_HUMAN,0-1,A80,124
Qu1bLbb8,Rated Bullet game,Bullet,60+0,bjlc,leonrommel,1779,1772,,,HUMAN_vs_HUMAN,0-1,B00,102
38FgLgm9,Rated Rapid game,Rapid,480+0,alexgwapo1,meren_slavinko,1981,1982,,,HUMAN_vs_HUMAN,0-1,B00,64
SKPfEQ7T,Rated Rapid game,Rapid,600+0,Gusein1,albanianbill,1644,1618,,,HUMAN_vs_HUMAN,1-0,C50,57
JzELlu4p,Rated Rapid game,Rapid,600+0,Gilmergrc,MmotlaMotlokwa,2018,1992,,,HUMAN_vs_HUMAN,0-1,D00,58
pNOCE001,Rated Rapid game,Rapid,600+0,springerindenzwinger,flowwy,1439,1494,,,HUMAN_vs_HUMAN,0-1,C64,30
Tmvbu77h,Rated Rapid game,Rapid,600+0,alexundalov,Blo0dM00n,1000,1055,,,HUMAN_vs_HUMAN,1-0,A00,69
py8GwMkE,Rated Rapid game,Rapid,600+0,Adam2020,ahmedgamil22,1523,1481,,,HUMAN_vs_HUMAN,0-1,D02,94
zMnJzqjR,Rated Rapid game,Rapid,600+0,jdubholla06,wipusa,1330,1362,,,HUMAN_vs_HUMAN,1-0,C68,33
HDk0V5tQ,Rated Rapid game,Rapid,600+0,werbku,DiamondDillard,1187,1185,,,HUMAN_vs_HUMAN,1-0,A45,41
xrD8eaUu,Rated Rapid game,Rapid,600+0,fernando_flores_davi,zimy-shark,1219,1199,,,HUMAN_vs_HUMAN,1-0,C21,63
0VgirGI9,Rated Rapid game,Rapid,600+0,beanlonk,sajdi0001,1735,1663,,,HUMAN_vs_HUMAN,1-0,B06,63
rLk21ihs,Rated Rapid game,Rapid,600+0,Bl1ss_243,shivanrithankumar64,1059,962,,,HUMAN_vs_HUMAN,0-1,C00,74
BGTjBbU6,Rated Blitz game,Blitz,180+0,theloniousmonk9,Chessssttteerrr,1652,1638,,,HUMAN_vs_HUMAN,1-0,A40,81
cLYEqZyZ,Rated Blitz game,Blitz,180+0,nietchess1,Matthias_WW,2150,2044,,,HUMAN_vs_HUMAN,0-1,B28,64
9nxf6Yb1,Rated Blitz game,Blitz,180+0,FurkanAhmet4,Jordan_N7,1724,1741,,,HUMAN_vs_HUMAN,1-0,C50,49
HR1Xccga,Rated Blitz game,Blitz,180+0,la-kjt,feliciani,1479,1486,,,HUMAN_vs_HUMAN,0-1,B01,82
1OHWPvfp,Rated Blitz game,Blitz,180+0,vmorghulis,grigorijjj,1807,1788,,,HUMAN_vs_HUMAN,1-0,B44,59
L9fm6noM,Rated Blitz game,Blitz,180+0,Natiqotul,LBforce,2215,2282,,,HUMAN_vs_HUMAN,0-1,B40,40
8NOVB8u8,Rated Blitz game,Blitz,180+0,grim_trigger,adoniscarokan,2179,2180,,,HUMAN_vs_HUMAN,0-1,B10,66
jrRLwGLI,Rated Bullet game,Bullet,60+0,hwd1i1,mascenic,1733,1776,,,HUMAN_vs_HUMAN,1-0,A00,53
h0sKgATH,Rated Bullet game,Bullet,60+0,cf_garza,FideL77,1786,1821,,,HUMAN_vs_HUMAN,0-1,A40,60
IvvZFQo3,Rated Bullet game,Bullet,60+0,walkweezy,FRANKOBARO,2005,1860,,,HUMAN_vs_HUMAN,1-0,B21,63
A7q49F4w,Rated Bullet game,Bullet,60+0,ThanhBinh052,Leo_C,2401,2356,,FM,HUMAN_vs_HUMAN,1-0,A46,93
mwZt9FDL,Rated Bullet game,Bullet,60+0,Kubala05,prince_vingador,2148,2132,,,HUMAN_vs_HUMAN,0-1,B27,57
QSNgTLLr,Rated Blitz game,Blitz,180+0,fit0,wilsonqt,1828,1795,,,HUMAN_vs_HUMAN,1/2-1/2,C50,95
oJgnBa3j,Rated Blitz game,Blitz,300+0,MICALICHIN,COSIOMASTER,1639,1562,,,HUMAN_vs_HUMAN,1-0,D00,67
BYhnB0nq,Rated Blitz game,Blitz,180+0,Aliaksandr17,Superknight20,1714,1662,,,HUMAN_vs_HUMAN,0-1,A00,106
sPb4rd1O,Rated Rapid game,Rapid,600+5,SanjaiDhuruva,AbdElrahmanAR4,902,832,,,HUMAN_vs_HUMAN,1-0,B01,93
K81ihahF,Rated Rapid game,Rapid,600+5,serialcutter,Walidalastah,1309,1286,,,HUMAN_vs_HUMAN,0-1,A40,62
Ao87BAI3,Rated Rapid game,Rapid,600+5,miryS12345,abih2020,1067,1036,,,HUMAN_vs_HUMAN,1-0,C41,51
2ibAc0aA,Rated Rapid game,Rapid,600+5,dorsalfin54,minkofff,1148,1097,,,HUMAN_vs_HUMAN,0-1,C44,104
TpJXgTfp,Rated Rapid game,Rapid,600+5,room46,Aglioajo,1704,2358,,,HUMAN_vs_HUMAN,1-0,E90,51
2JHiyniZ,Rated Rapid game,Rapid,600+5,StefanoNYP,Fruzi,1174,1186,,,HUMAN_vs_HUMAN,0-1,D45,44
aGfD6LtK,Rated Rapid game,Rapid,600+5,Vadim2555,dunnycan,1694,1709,,,HUMAN_vs_HUMAN,0-1,D30,42
JC0sW635,Rated Rapid game,Rapid,600+5,exgrey,AlaaAdelFathy,1500,1522,,,HUMAN_vs_HUMAN,0-1,A00,110
714fHoyE,Rated Blitz game,Blitz,300+0,Krle54,xxvn,1823,1841,,,HUMAN_vs_HUMAN,0-1,C50,106
sqJaxIq1,Rated Blitz game,Blitz,300+3,Myc9,Garry1562,1522,1503,,,HUMAN_vs_HUMAN,1-0,D02,117
ZzBYEUv8,Rated Blitz game,Blitz,300+3,Paradigms,rog965,1659,1662,,,HUMAN_vs_HUMAN,1-0,C10,31
MynpuEKN,Rated Blitz game,Blitz,300+3,Szumi89,JPBlankert,1336,1229,,,HUMAN_vs_HUMAN,0-1,D43,50
I1QRNFfV,Rated Blitz game,Blitz,300+3,Norbchin,NOEUDGORDIEN,1998,1967,,,HUMAN_vs_HUMAN,1-0,B44,63
CdoGTqnK,Rated Blitz game,Blitz,300+3,kellermaloney,Astankin,984,1024,,,HUMAN_vs_HUMAN,1-0,C45,75
3TropCDk,Rated Blitz game,Blitz,300+3,alessandrosalerno,ginersa,1477,1502,,,HUMAN_vs_HUMAN,0-1,A45,56
7y25Gwf6,Rated Blitz game,Blitz,300+3,bastonare,iAyush,1541,1578,,,HUMAN_vs_HUMAN,1/2-1/2,B12,99
pxLXBcIt,Rated Blitz game,Blitz,300+3,Rayan1619,Aurelije,2036,2076,,,HUMAN_vs_HUMAN,1-0,E46,67
0g1f0l3U,Rated Blitz game,Blitz,300+3,coltennabers,thatisabadmove,1328,1272,,,HUMAN_vs_HUMAN,0-1,C20,20
pBxrPTin,Rated Blitz game,Blitz,180+0,magdalena_moerwald,Alpha081,2062,2017,,,HUMAN_vs_HUMAN,0-1,C00,98
k582mQPL,Rated Blitz game,Blitz,300+0,AHMADI_ADI,ibnu63,2007,1967,,,HUMAN_vs_HUMAN,0-1,B20,120
NwaJb2Jf,Rated Bullet game,Bullet,60+0,RandomOrder,Roham1371,2060,2058,,,HUMAN_vs_HUMAN,0-1,A40,86
rBaXoRCo,Rated Blitz tournament https://lichess.org/tournament/7CZHK4jE,Blitz,180+0,Antonell,Marllan-Joss,2009,1763,,,HUMAN_vs_HUMAN,1-0,B30,49
7rEFMO3L,Rated Blitz tournament https://lichess.org/tournament/7CZHK4jE,Blitz,180+0,maxa1978,pablodgerola,2152,2140,,,HUMAN_vs_HUMAN,0-1,B15,76
beuYR7Qe,Rated Blitz game,Blitz,300+4,Youssefhassan,Zemlyakov_Kolya,1428,1395,,,HUMAN_vs_HUMAN,0-1,D02,36
Vu6LI4iS,Rated Bullet game,Bullet,60+0,oizzaro,Toy_Problem,1575,1624,,,HUMAN_vs_HUMAN,1/2-1/2,B13,56
179R5jam,Rated Blitz game,Blitz,180+2,Bella_Hadid_Fan,CharlesOmbao,1411,1437,,,HUMAN_vs_HUMAN,1-0,E64,47
Bg0P46Tw,Rated Blitz game,Blitz,180+2,LSDELFIN,CHOYOS,1992,1974,,,HUMAN_vs_HUMAN,0-1,C00,84
5yscuqtW,Rated Blitz game,Blitz,180+2,davertabaku,hajder,2122,2126,,,HUMAN_vs_HUMAN,1/2-1/2,C05,99
IpkqUMHi,Rated Blitz game,Blitz,180+2,Andrews1904,shindepranjal,781,670,,,HUMAN_vs_HUMAN,1-0,C23,47
eaUjgMGf,Rated Blitz game,Blitz,180+2,zczynski,KhalPotato,1106,1074,,,HUMAN_vs_HUMAN,0-1,C48,110
OT6xTJbx,Rated Blitz game,Blitz,180+2,EagleSMZ,lifeaintchess,1625,1698,,,HUMAN_vs_HUMAN,0-1,B22,72
Jvyf1zef,Rated Blitz game,Blitz,180+2,boooogeyman,jbanjonegro,1886,1873,,,HUMAN_vs_HUMAN,1-0,B90,69
flW9BZTB,Rated Blitz game,Blitz,180+2,Teryfox87,csmith710,893,1029,,,HUMAN_vs_HUMAN,0-1,A00,56
AHqz467c,Rated Blitz game,Blitz,180+2,hichamislamou77,Lacholks,1487,1489,,,HUMAN_vs_HUMAN,0-1,B06,110
utz6jSBn,Rated Blitz game,Blitz,180+2,ganzaless,CaRaInselspringer,1775,1776,,,HUMAN_vs_HUMAN,1/2-1/2,C50,132
6M02fx7e,Rated Blitz game,Blitz,180+2,SayChessClassical,AbdouOrabi,2066,2088,,,HUMAN_vs_HUMAN,1-0,A46,95
psqwNjST,Rated Blitz game,Blitz,180+2,ChatG,robusss,2367,2300,,,HUMAN_vs_HUMAN,0-1,D02,102
gI1sgWVw,Rated Bullet game,Bullet,60+0,JesseP1nkman,BillDCat,1407,1422,,,HUMAN_vs_HUMAN,1-0,C02,43
xfD2RKgJ,Rated Bullet game,Bullet,60+0,tano2021,benkanstein,1690,1726,,,HUMAN_vs_HUMAN,0-1,A04,78
Kt5osflM,Rated Bullet game,Bullet,60+0,AntarcticaRepublic,tupiutamalder,1938,1930,,,HUMAN_vs_HUMAN,0-1,C11,70
d53n2awt,Rated Bullet game,Bullet,60+0,Pranav1056,Fran_Peru,1964,1952,,,HUMAN_vs_HUMAN,1-0,B00,93
FGH8SyGr,Rated Bullet game,Bullet,60+0,rezvac,mattedblack,1299,1303,,,HUMAN_vs_HUMAN,1-0,D00,53
mPsbWip0,Rated Bullet game,Bullet,60+0,D1023C,kiram13,1539,1522,,,HUMAN_vs_HUMAN,0-1,E70,114
2o68Y0pk,Rated Bullet game,Bullet,60+0,Samhouri,AQPAQP,2511,2431,FM,,HUMAN_vs_HUMAN,0-1,A00,96
vJFuAdS9,Rated Bullet game,Bullet,60+0,RogelioLG2022,guter66,2088,2165,,,HUMAN_vs_HUMAN,0-1,A40,58
F4A8pxly,Rated Bullet game,Bullet,60+0,playfair1,DoubleRook_pwan,1612,1643,,,HUMAN_vs_HUMAN,1-0,A00,93
u0q2S60K,Rated Bullet game,Bullet,60+0,Sumit312,Chris_Franz,885,913,,,HUMAN_vs_HUMAN,0-1,A00,50
z5A2paDi,Rated Bullet game,Bullet,60+0,Mehran13mome,Tlvr,1366,1340,,,HUMAN_vs_HUMAN,1-0,D00,43
AEkDNe21,Rated Bullet game,Bullet,60+0,belbo_612,donttrymeyo,2022,2032,,,HUMAN_vs_HUMAN,1-0,C26,63
2n7mXfeD,Rated Bullet game,Bullet,60+0,Kurgan0303,HABACAPA,2112,2167,,,HUMAN_vs_HUMAN,1-0,B27,27
RnVl5TkW,Rated Bullet game,Bullet,60+0,gomelbel,healer69,2510,2541,,,HUMAN_vs_HUMAN,1-0,A04,125
hLdsLt38,Rated Bullet game,Bullet,60+0,Valeriika,rrsyrr,1853,1806,,,HUMAN_vs_HUMAN,0-1,D02,64
ojhFd1I9,Rated Bullet game,Bullet,60+0,Poiq0,medo4,1733,1742,,,HUMAN_vs_HUMAN,1-0,D53,111
iYwOTzog,Rated Bullet game,Bullet,60+0,asminoykuhazar,bitsoflogic,1900,1854,,,HUMAN_vs_HUMAN,1-0,C02,71
DfyEtVl5,Rated Blitz game,Blitz,300+0,DontRookTwice,arsolanki,1578,1443,,,HUMAN_vs_HUMAN,1-0,D01,91
